:020000040800F2
:1000000090AE0020710200084B3200081B2D000842
:100010004932000863080008E14D000800000000B4
:10002000000000000000000000000000B1480008CF
:10003000FF080008000000000F440008B348000853
:100040008B0200088B0200088B0200088B0200085C
:100050008B0200088B0200088B0200088B0200084C
:100060008B0200088B0200088B020008650800085C
:100070008B0200088B0200088B0200088B0200082C
:10008000710800087D0800088B02000800000000CD
:100090000000000000000000000000008B020008CB
:1000A0008B0200088B020008614900088B020008DF
:1000B0008B0200088B0200088B0200081D2D00082F
:1000C0008B0200088B0200088B0200081144000814
:1000D0008B020008CD4D0008D94D0008000000003B
:1000E0008B0200088B0200088B0200080000000051
:1000F0000000000000000000000000008908000867
:10010000000000008B0200088B0200088B02000830
:1001100000000000000000000000000000000000DF
:100120008B0200088B0200088B020008950800086B
:100130008B0200080000000000000000000000002A
:100140000000000000000000000000008B0200081A
:100150008B0200088B020008A10800088B0200082F
:100160008B0200088B020008000000000000000065
:10017000000000000000000000000000000000007F
:10018000000000008B0200080000000000000000DA
:100190008B02000800F002F800F05BF814A696E865
:1001A000000CB244B344DA4501D100F052F8BAE889
:1001B0000F000FA696E83000A5EB040504EB060738
:1001C000AAEB0704A7F101074FEA15154FEA34140B
:1001D000A4F10104AC4201D300F03BF813F0010F8D
:1001E00018BFFB1A43F0010300F001F8DBE71847E2
:1001F000885D0300A85D0300103A24BF78C878C169
:10020000FAD8520724BF30C830C144BF04680C601C
:1002100070470000704700000023002400250026DE
:10022000103A28BF78C1FBD8520728BF30C148BF59
:100230000B6070471FB525F0CDFF00F0F7FA040002
:100240000020002125F06CFE401C60601FBD10B531
:1002500010BD00F0C5FA1146FFF7ECFF21F05CFD80
:1002600000F0F6FA03B4FFF7F2FF03BC00F038FA2F
:100270000948804709480047FEE7FEE7FEE7FEE73A
:10028000FEE7FEE7FEE7FEE7FEE7FEE70448054976
:10029000054A064B704700005149000895010008C7
:1002A000904E002090AE0020906E0020906E0020B6
:1002B00053EA020C00F069802DE9F04B4FF0000684
:1002C000002B1FBFB3FA83F503FA05F424FA05F6F1
:1002D0005E4012BF1643B2FA82F502FA05F4C5F188
:1002E00020051EBF22FA05FC44EA0C04203556EA1C
:1002F000044C4FEA144418BF641C4FF000084FF040
:100300000009904271EB030C39D3002919BFB1FAEF
:1003100081F701FA07F6B0FA80F700FA07F6C7F19D
:1003200020071EBF20FA07FC46EA0C062037B6FB62
:10033000F4FCA7EB0507103F07F01F0BCBF12006DD
:100340002CFA06F60CFA0BFB44BFB3460026202F0E
:10035000A4BF5E464FF0000B5BEA060C08BF4FF0EF
:10036000010B19EB0B0948EB0608ABFB027C06FB03
:1003700002CC0BFB03CCC01B71EB0C01C1E70B469D
:10038000024641464846BDE8F08B13B5084318BF06
:100390004FF0FF300146AFF30080BDE81C407047CE
:1003A00070B5064600F03EF90468054630460A225C
:1003B000002100F03BF92C6070BD0000014A00F004
:1003C0006DB900000000002040EA0103024630B58C
:1003D0009B0710D14FF0013400E008C208C91D1B73
:1003E0009D4315EAC41FF8D013F0FF0102F8011B6A
:1003F0000DD01B0AF8E711F8013B002B02F8013B76
:1004000005D011F8013B002B02F8013BF3D130BDC0
:1004100010B5431C02E010F8011B71B18107FAD13D
:100420004FF0013202C88C1A8C4314EAC211F9D081
:10043000C01A0A0603D0C01E10BDC01A10BD0A049F
:1004400001D0801E10BD0902FCD0401E10BD032A41
:1004500040F2308010F0030C00F0158011F8013BE1
:10046000BCF1020F624498BF11F801CB00F8013BC8
:1004700038BF11F8013BA2F1040298BF00F801CB8C
:1004800038BF00F8013B11F0030300F02580083A63
:10049000C0F0088051F8043B083A51F804CBA0E8BA
:1004A0000810F5E7121D5CBF51F8043B40F8043B0F
:1004B000AFF30080D20724BF11F8013B11F801CB44
:1004C00048BF11F8012B24BF00F8013B00F801CB15
:1004D00048BF00F8012B704710B5203AC0F00B80E0
:1004E000B1E81850A0E81850B1E81850A0E818502A
:1004F000203ABFF4F5AF5FEA027C24BFB1E81850A0
:10050000A0E8185044BF18C918C0BDE810405FEA01
:10051000827C24BF51F8043B40F8043B08BF70477D
:10052000D20728BF31F8023B48BF11F8012B28BF82
:1005300020F8023B48BF00F8012B704702F0FF0390
:1005400043EA032242EA024200F002B84FF00002FE
:1005500000B5134694469646203922BFA0E80C50B9
:10056000A0E80C50B1F12001BFF4F7AF090728BF94
:10057000A0E80C5048BF0CC05DF804EB890028BF10
:1005800040F8042B08BF704748BF20F8022B11F039
:10059000804F18BF00F8012B7047000000000000DA
:1005A00030B44FF0013C50F8042B51F8043BCCFA26
:1005B00052F4D51A20D1FCB950F8042B51F8043B61
:1005C000CCFA52F4D51A17D1B4B950F8042B51F81B
:1005D000043BCCFA52F4D51A0ED16CB950F8042B66
:1005E00051F8043BCCFA52F4D51A05D1002CDAD0DC
:1005F00030BC4FF00000704729BAB1FA81F111F018
:100600001801D1F120008440F2D1CA40CB4012F051
:10061000FF0213F0FF0330BCD01A704770477047D9
:100620007047000000487047B80000202DE9F047EF
:1006300091460F4680460446002614F8015B2DB112
:1006400000F058F80068405DC007F6D12B2D02D0AD
:100650002D2D18D0641E4A463946204600F052F827
:1006600027B13968A14201D1C7F800804FF00204D8
:1006700071050BD54042002803DDFFF7D3FF04606E
:10068000A007BDE8F08746F48066E4E70028F8DAC2
:10069000FFF7C8FF04606FF00040F2E72DE9F0417A
:1006A00015460E46040002D12C6804B90BA420465E
:1006B00000F087F80444207870B127463146384668
:1006C00000F06FF80444207810B1002004F8010B0A
:1006D00038462C60BDE8F0810027F9E700000000F3
:1006E00001491820ABBEFEE7260002000048704713
:1006F000B800002010B500F099F8001D10BD00BF33
:10070000215802002DE9F05F824615468B460027EE
:100710000AF10104B9460078302801D09DB113E0F8
:1007200014F8010B0127782803D0582801D045B1CF
:100730000AE00DB1102D07D1002714F8010B102588
:1007400002E0082500E00A250026B0460EE005FB81
:10075000080005FB06F101271FFA80F801EB10469F
:10076000B6F5803F00D3B94614F8010B294600F0D6
:1007700061F80028EBDABBF1000F05D00FB1641E61
:1007800000E05446CBF80040B9F1000F06D0FFF767
:1007900049FF02210160C81EBDE8F09F48EA0640FB
:1007A000FAE730B503461D781DB10A4603E0AC42B6
:1007B00001D1181A30BD12F8014B002CF7D15B1C87
:1007C000F1E730B503461D783DB10A4612F8014BFA
:1007D0001CB1AC42FAD15B1CF5E7181A30BD70476A
:1007E0007546FFF783FFAE4605006946534620F085
:1007F0000700854618B020B5FFF748FDBDE820404A
:100800004FF000064FF000074FF000084FF0000BCC
:10081000AC46ACE8C009ACE8C009ACE8C009ACE83B
:10082000C00921F007018D4670470000004870475D
:10083000D80000203A2800D2303820F02002412A87
:1008400001D3A2F13700884201D34FF0FF30704747
:1008500010B50446AFF300802046BDE81040FFF716
:1008600001BDFEE7014800F09FB800BFBC120020A8
:10087000014800F099B800BFDC130020014800F0E7
:1008800093B800BFFC110020014800F08DB800BFF4
:100890001C130020014800F087B800BF5C12002044
:1008A000014800F081B800BF7C130020026840F2CC
:1008B000FF3122EA010102F0F802103A5F2A88BFF4
:1008C000043181651823B2FBF3F202A39A5CC2657E
:1008D000084670470006101600061016B0B50468EA
:1008E000806825684028084625F4802525606360D7
:1008F00008BF1046A06008BF0A46E260B0BD70475E
:1009000072B6FEE770B5866D044600F09BFA0546A8
:1009100094F83500022821D12068216C026822F069
:1009200016020260426922F08002426109B9A16C9C
:1009300019B1016821F00801016002F025FE20686C
:100940000068C0070ED000F07DFA401B0628F6D3E1
:1009500020206065032084F835000CE0802060656D
:10096000012008E0E06D3F2101FA00F0B0600120B5
:1009700084F835000020002184F8341070BD90F810
:100980003510022909D1052180F83510006872461A
:1009900002F0FAFD96460020704780214165012053
:1009A000704790F835007047F8B504460020544A67
:1009B00008210090D4E916601568376881403942F3
:1009C0000CD0226813685B0708D5136823F0040372
:1009D0001360B160616D41F00101616501218140E9
:1009E000394208D022685269120604D5B160616D9F
:1009F00041F00201616504218140394208D022683A
:100A00001268920704D5B160616D41F0040161651F
:100A100010218140394217D020680268120713D58F
:100A2000B16002680168520306D4C90506D40168A2
:100A300021F00801016001E0080301D4216C00E00D
:100A4000A16C09B120468847E16D202000FA01F22F
:100A50003A4233D020680368DB062FD5B26094F8A1
:100A600035300268052B15D122F01602026042696A
:100A700022F080024261226C0AB9A26C1AB10268AB
:100A800022F0080202603F208840B06002F013FCB0
:100A9000216D2FE00168520308D4C9050AD401680A
:100AA00021F01001016002F006FC03E0080301D40C
:100AB000616C00E0E16B09B120468847606DF0B1E0
:100AC000606DC00715D005214FF4165084F835101D
:100AD000B5FBF0F021680A6822F001020A60009A72
:100AE00001328242009202D80A68D207F7D102F09E
:100AF000E2FBE16C19B12046BDE8F8400847F8BDBB
:100B0000600000202DE9F041044600F09BF9ACB1F3
:100B10000546022084F8350002F0AAFF206802F0A2
:100B200033FD21680868C0070BD000F08BF9401B2B
:100B30000528F6D90325202603205BE00120BDE827
:100B4000F081086804F1040C2D4A9CE8E81100EAE1
:100B5000020ED4E9072043EA0E032B4333433B4301
:100B600043EA08031A43636A104340EA0C02042B69
:100B700003D1D4E90B05284302430A60042B4869DA
:100B800020F0070040EA030228D1D4E90A733A436F
:100B900023B3BCF5005F08D0BCF1000F14D1022FC5
:100BA00015D0012F0AD0002F10E0032F16D80125F1
:100BB00040260120DFE807F01E0B1E02A3F1C070E3
:100BC000B0FA80F0400904E0032F03D306D1C3F349
:100BD000006018B10125402601200BE020464A6143
:100BE000FFF764FEE16D3F220026012502FA01F1C4
:100BF00081600020666584F83550BDE8F08100BF53
:100C00003F8010F0B0B503F094F827D00120A56D17
:100C100084F8340094F8350001281DD1022084F8AE
:100C20003500002060652046FFF758FEE26D3F2347
:100C30002068216C03FA02F2AA60026842F01602F0
:100C4000026019B1016841F008010160016841F0DA
:100C5000010101600020B0BD02F00AFF0220B0BD1A
:100C6000B0B5044600F0EEF805460548611C007872
:100C700018BF044400F0E6F8401BA042FAD3B0BD10
:100C8000040000202DE9FC4F614A07244FF0010ABF
:100C90004FF0000B90425F4A08BF042483050244D2
:100CA00043EA9222042A38BF144600940025002209
:100CB000102A08BFBDE8FC8F0F680AFA02F917EA8C
:100CC000090700F09F80D1F804C0032303FA0BF654
:100CD0000CF0030E6FEA0608AEF10106012E13D8E0
:100CE0008668D1F80CA00AFA0BF406EA08064FF061
:100CF000010A34438460CCF300144668944026EA29
:100D000009063443446005E0BEF1030F02D14FF001
:100D1000030E21E0C4688E6804EA080406FA0BF6A4
:100D20003443BEF1020FC46016D105F01C040F233A
:100D300003FA04FC6FF0030303EA520303441E6A40
:100D400026EA0C0C0E6906FA04F444EA0C041C6250
:100D5000D1F804C00CF0030E04680EFA0BF304EA99
:100D6000080423431CF4403F03604BD000232C4C69
:100D7000A84622F003060193236843F480432360CE
:100D800023680F2403F48043019305F00C03224DE4
:100D90009C40AC462E44019D224DAE46755925EA35
:100DA0000404009D05FA03F3234346F80E30DCF8F3
:100DB00008304D6843EA0704EE0258BF23EA0704EF
:100DC000164BCCF80840AE029E461B6843EA070467
:100DD00058BF23EA0704CEF80040AE03DCF8043025
:100DE00043EA070458BF23EA0704CCF80440ED03A4
:100DF000DCF80030454643EA070458BF23EA0704FD
:100E0000CCF800400BF1020B0435013250E700BF73
:100E1000001002400000FEBF003C01400C3C0140BD
:100E20004438024008FCFFFF426902EA0103914393
:100E300041EA034181617047002A08BF09048161CA
:100E40007047000001480068704700BF8C4E0020CA
:100E500070477047F8B5D0F800C00446DCF80400CD
:100E6000E76A94F83E3094F83D20402B01D0102BD7
:100E70000ED1DCF81860DCF81450E9070DD1B7F199
:100E80002A4F00F0C182B7F52A0F00F0BD8206E0BC
:100E9000216C002946D0002346E081053CD4290777
:100EA00002D5810500F1DA80A90702D5810500F19C
:100EB0004081DCF8041076074FEA015600F1C58046
:100EC000002E00F1A18205F00402690640F16E8156
:100ED000410540F16B81002A40F0688194F83D00A3
:100EE000222840F09182E06A628D042AC0F09C8240
:100EF000606ADCF810100170608D01386085606AEE
:100F000001306062608D032840F07E822068416875
:100F100021F480614160F8BDE06AB0F52A0F4CD140
:100F200001204FE0DCF81830DCF81450A90701D597
:100F3000810556D4E90602D5810500F1A68042F06C
:100F4000080105F00402292940F0CD80290624D5A6
:100F5000410522D50ABB94F83D00618D002900F0BF
:100F60005382616A11F8012BCCF81020628D013A8E
:100F700062856162618D002940F04682292840F037
:100F80004382DCF8040020F48060CCF8040003F015
:100F9000A1F9BDE8F84000F060BC002A00F03482FE
:100FA000800540F13182608D002800F02D82606A5A
:100FB00010F8011BCCF8101083E2E06AB0F12A4F60
:100FC00001D10820E06294F83E0040282CD1216D28
:100FD000606C00F0FE00002900F04E8140F001003E
:100FE0004AE1206C08B1DCF8183094F83D0000F0BC
:100FF0002800282840F0C180DCF8040020F480603C
:10100000CCF8040003F0C6F918064FF0180058BFDA
:101010000C20225A012103F0040081EA90012046AD
:10102000BDE8F840FFF715BF2069B0F5804F40F0EC
:10103000B08094F83D00616C01F0FE01212818BFDA
:101040000131CCF81010606B0DE0002E00F1DC8156
:10105000290600F1BD8005F00405EDE0606B616CD0
:10106000C9B2CCF8101008B1C06B38B9A06B002819
:1010700000F0CA81C06B002800F0C681DCF80400D3
:1010800040F40060CCF80400F8BD94F83D50DCF862
:10109000040020F4E060CCF8040000200090DCF8AC
:1010A00014000090DCF8000040F00100CCF80000D3
:1010B0000098DCF8000020F48060CCF80000DCF838
:1010C0000400000540F1348145F0080026462A2836
:1010D00040F00E8156F8380F0168496826F80E1C5A
:1010E00036F80E1C0CE169063CD541053AD5CABB61
:1010F00094F83D00618D002900F08681616ADCF87A
:1011000010200A7002F0B3FF616A01316162618DE3
:10111000002940F079812A2840F0768120684168D2
:1011200021F48061416022202063282084F83D0062
:101130003BE194F83E30E06A226B94F83D1022299E
:1011400006D1216D002940F09A80402B40F0978015
:1011500000200090DCF814000090DCF818000090EB
:101160000098F8BD002A00F04F81800540F14C81C5
:10117000608D002840F09F8146E100200090DCF85F
:1011800014100091DCF818100091009984F83C00CC
:10119000F8BD206D00286AD0206D012840F0348110
:1011A000606C062101EAD010F13065E0002A00F001
:1011B0002B81800540F12881E06A618D042940F08F
:1011C0000881DCF8040020F48060CCF8040072E1AF
:1011D00005F0040541052FD575BB94F83D0094F842
:1011E0003E30E26A218D002940F0E480212840F061
:1011F000E18012F5803F18BF082A40F06681DCF8D4
:101200000400202120F4E060CCF80400DCF80000A9
:1012100040F40070CCF800000020206384F83D10FA
:1012200094F83E1084F83E00402940F05F8120464B
:10123000BDE8F84000F0B8BA002D00F0E580800568
:1012400040F1E280212A40F0D880E06A94F83D1015
:10125000212940F0D980618D00297FF4A8AE10F5D6
:10126000803F18BF0828CAD02028C8D030E1606C61
:10127000062101EAD010F030CCF81000F8BD216D45
:10128000A9B92169B1F5404F11D100200090DCF8D7
:1012900014000090DCF8180000900098DCF80000C2
:1012A00040F48070CCF80000206D0130A0E1618D29
:1012B00071B1618D012940F0A880202818BF08284D
:1012C00040F01E81DCF8000020F48060CCF80000C3
:1012D00000200090DCF814000090DCF8180000906A
:1012E0000098DCF8000040F40070CCF800007EE1CB
:1012F00056F8340F0168496826F80A1C36F80A1CAB
:1013000019B1216C41F004012164DCF8041021F4CE
:101310000061CCF80410FFF744FB012808D03068C6
:10132000D3490165FFF72BFB10B13068016D884789
:10133000608DA0B120684169490703D502F0BBFC6C
:1013400002F095FE4169490603D503F01CF802F04E
:1013500097FE608D18B1206C40F004002064206C72
:1013600020B12046BDE8F84001F038BD2A2D02D159
:10137000002002F0F1FE94F83D00282809D1BD4874
:101380002021E062002002F0B4FDBDE8F84000F04A
:1013900007BA206B222818BF222D35D1002020212A
:1013A000206384F83D1084F83E002046BDE8F840F4
:1013B00000F052BA212803D0402B08BF222823D1A5
:1013C000608D002861D094F83E0040287FF4EFAD96
:1013D00015E0618D03295DD1DCF80410022821F4A9
:1013E0008061CCF8041066D0042864D0DCF80000DA
:1013F00020F48060CCF800005DE0402B04D1204652
:10140000BDE8F84001F07EBDF8BD618D022972D1C2
:10141000102800F2B1800121934A8140114200F06E
:10142000AB804FF48062AFE0E36A012A2DD8022B33
:101430002BD0002146F2A81200918C490968B1FB1B
:10144000F2F101EB810100910099013900910099BD
:10145000002964D0DCF800108905F5D4DCF8001010
:1014600021F48061CCF80010DCF8041021F4E06174
:10147000CCF80410616ADCF810200A7002F0F7FD65
:1014800002F02FFF616A0131D1E0DCF8040020F4A2
:101490008060F7E5618D02290DD1102806D0022861
:1014A00065D0042863D0012840F0A480DCF8001047
:1014B00021F48062A2E0606ADCF810100170606ABA
:1014C0000130606202F0DCFDF8BD202A3FF497AEE7
:1014D000DCF8040020F4E060CCF804001120206364
:1014E000002084F83E00202084F83D002046BDE81E
:1014F000F84000F057B9DCF8001041F4806146E094
:1015000010F5803F29D1DCF8000020F48060CCF891
:101510000000DCF8040000057FF5DAAE22E0206C64
:1015200040F020002064DCF8040020F4E060CCF8F7
:101530000400606ADCF81010017002F0A1FD2020A8
:1015400084F83D00606A01306062002084F83E004B
:101550002046BDE8F84000F08FB8122A30D10128AB
:101560007FF4B0AEDCF8000020F4806034E0DCF8FA
:10157000001041F4806241E0DCF800104FF400629A
:1015800021F48061CCF80010DCF800101143CCF895
:101590000010DCF80410090520D5421E1F2A0BD8C4
:1015A000012191402F4A114206D0DCF8040040F49A
:1015B0008050CCF8040011E010F5803FF5D00DE02C
:1015C0001028CFD8012101FA00F027490842C9D0DC
:1015D000DCF8000040F48060CCF8000000200090AF
:1015E000DCF814000090DCF818000090009800204F
:1015F0002065F8BDDCF8001041F40072CCF8002042
:10160000616ADCF810200A7002F031FD626A21681C
:10161000531C63620969517002F029FD2168626AF6
:101620004B6823F440734B6002F05BFE511C616217
:10163000002194F83E2084F83E10402A05D1216311
:101640002046BDE8F84000F0AEB8B0F1200118BF68
:101650001221083818BF084620632046BDE8F8402C
:1016600000F09FB88180008014000100600000201D
:10167000292D00080000FFFF7047000010B3F8B5E7
:10168000044690F83D0020B902F084FE204600F0A8
:101690008DF802F0D6FD016841F400410160016857
:1016A00021F40041016000F009FA6368384A3949C1
:1016B00093423CBF48F28041C0F21E01884203D2EF
:1016C0000120F8BD0120704733494FF47A77B0FB11
:1016D000F1F521684E6826F03F062E434E604FF428
:1016E00096766E43934228BFB6FBF7F56A1C0D6AE7
:1016F00025F03F052A434CF6FF750A62CA69AA43E2
:10170000264DAB420AD85B000138B0FBF3F0013044
:101710006FF31F30042898BF042013E0A568013838
:101720003DB119256B4302F0EEFD0AD000F5804073
:1017300004E003EB430302F0E6FD02D000F50040B5
:1017400000E00120104304F10C06C861E0690A685A
:1017500022F0C0021043226A104348F2FF320860B0
:10176000886890436CCE184310438860C86820F0A6
:10177000FF0028433043C86002F0F5FC0020202120
:10178000206484F83D10206384F83E00F8BD00BF5B
:10179000A186010000093D0040420F00A086010023
:1017A000704770477047704770470000F0B587B0CA
:1017B000044601682448814244D10026234F00F5A5
:1017C000D8300196396841F002013960396801F07A
:1017D00002010191042106910321CDE90461122146
:1017E0000391C0210291019902A9FFF74BFA0196DA
:1017F000174D184B40214FF00072386940F400102B
:1018000038614FF48060C5E90216C5E90032142141
:101810002861386900F400100190019805F1140066
:10182000FEF794FE2846FFF76DF908B1FFF768F858
:101830001F2000210022AC63656300F07DF81F20AB
:1018400000F06AF807B0F0BD0054004030380240A4
:10185000FC110020A0600240704770471F480349F8
:1018600000780A6810440860704700BF8C4E002062
:1018700080B50B48016841F400710160016841F4D2
:1018800080610160016841F480710160032000F013
:1018900079F80F2000F006F800F022F8002080BD53
:1018A000003C024070B50D4E04464FF47A7130781A
:1018B000B1FBF0F08B490968B1FBF0F000F0B0FE2D
:1018C00001250F2C08D838B94FF0FF3021460022EF
:1018D000002500F031F87460284670BD0400002037
:1018E00082B000200B4901904A6842F480424A606D
:1018F0004A6802F480420192019A0090086840F020
:1019000080500860086800F080500090009802B095
:10191000704700BF40380240002809D41C21012232
:1019200001EAD00100F01F0002FA00F0014A8850DD
:10193000704700BF00E100E0F0B5184B4FF0FF36F4
:101940001C68C4F30224E51E84F0070438BF002598
:1019500006FA05F7BA43042C28BF042406FA04F457
:10196000A14300F00F04A940043C1143044A23445E
:1019700009010244002848BF03F10C021170F0BDB8
:1019800000E400E005494FF6FF030A681A4060F3DF
:101990000A22034810430860704700BF0CED00E0C6
:1019A0000000FA05002852D02DE9F041404B0446D2
:1019B0008846D3F8000400F00700884204D283F878
:1019C000008401F072FC4BD12068810711D54107DA
:1019D00003D5996841F4E0519960010703D59968EE
:1019E00041F460419960A1689A6822F0F0021143C5
:1019F0009960C0072DD101F058FC04D983F8008408
:101A000001F053FC2CD12068410705D5E1689A68A4
:101A100022F4E05211439960000706D520699968C5
:101A200021F4604141EAC00098601C4600F060F873
:101A3000A168204AC1F30311515CC84029490860DC
:101A40001D480068FFF72EFF0020BDE8F08101204F
:101A500070476068811E022905D21968890107D480
:101A60000120BDE8F08101281DD119688903F7D54F
:101A700099681D4621F0030108439860FFF7E2F9D9
:101A8000064641F288376068A9682B4601F00C01D0
:101A9000B1EB800FAFD0FFF7D5F9801BB842F2D978
:101AA0000320BDE8F08119688907D9D5E0E700BFB8
:101AB00000380240086202080800002009480A496C
:101AC0000A4A00680968C1F38221515CC840704726
:101AD00004480549054A00680968C1F34231515C70
:101AE000C8407047600000200838024018620208B1
:101AF00010B5134C606800F00C00082804D00428CE
:101B000014BF1048104810BD22682068002340020E
:101B100002F03F020C485CBF42F20040C0F2F40009
:101B20002168C1F38811A0FB0101FEF7C1FB216808
:101B30000222C1F3014102EB4101B0FBF1F010BD03
:101B4000043802400024F40040787D01002864D06D
:101B50002DE9FC4104460078C54EC0070CD0B068A2
:101B600000F00C00042840F090803068800303D51A
:101B70006068002800F0A1802078800719D5B0683F
:101B800010F00C0F07D001F06EFF40F099807068E4
:101B9000400200F195803068800703D5E068012895
:101BA00040F08B802069316821F0F80141EAC000E3
:101BB00030602078000732D42078400742D4A769EB
:101BC00047B301F050FF40F0AC80012F75D0E169C0
:101BD000706800F480028A426FD1216A00F03F02EF
:101BE0008A426AD147F6C071626A0140B1EB821F36
:101BF00063D1A16A4FF6FF72C903914300F44032EA
:101C0000A1F580318A4258D1E16A00F07060B0EBF2
:101C1000016F52D10020BDE8FC810120704761694D
:101C2000944800296DD00121C0F8801EFFF70AF901
:101C30000546706F8007BFD4FFF704F9401B0228E8
:101C4000F7D9CCE0306C5FEAC0080AD400200190DC
:101C5000306C40F080503064306C00F08050019067
:101C60000198854F3868C0053DD4386840F48070CD
:101C70003860FFF7E7F805463868C00533D4FFF74A
:101C8000E1F8401B0228F7D9A9E001F0ECFE03D1EE
:101C9000706840023FF569AF6068B0F5803F07D0DB
:101CA000B0F5A02F40F08580306840F4802030608F
:101CB000306840F48030306085E00120BDE8FC8170
:101CC000E06800284CD06B4801210160FFF7BAF8AA
:101CD0000546306880073FF565AFFFF7B3F8401B56
:101CE0000228F6D97BE0A068012805D0052848D154
:101CF000306F40F004003067306F40F00100306713
:101D000049E00021C0F8801EFFF79CF80546706F7F
:101D100080077FF551AFFFF795F8401B0228F6D9F1
:101D20005DE05449002088460866FFF78BF80546B9
:101D3000022F0AD147463068800153D5FFF782F859
:101D4000411B03200229F6D965E7306880017FF541
:101D500061AFFFF777F8411B03200229F5D95AE755
:101D6000444800210160FFF76DF8054630688007A0
:101D70007FF51FAFFFF766F8411B03200229F5D955
:101D800049E7316F002821F001013167316F21F0FF
:101D90000401316745D0FFF755F8054641F2883711
:101DA000306F80074CD4FFF74DF8401BB842F7D98D
:101DB00015E03168002821F480313160316821F468
:101DC0008021316045D0FFF73DF80546306880033B
:101DD0003FF5D2AEFFF736F8401B6428F6D9032052
:101DE000BDE8FC811C341FCC0843D90340EA8210B3
:101DF0004FF6FF72914340EA0460A1F58031084339
:101E0000706001203866FFF71DF8044630688001D5
:101E10003FF500AFFFF716F8011B03200229F5D9A3
:101E2000F9E6FFF70FF8054641F28837306F800773
:101E300006D5FFF707F8411B0320B942F6D9EAE6B9
:101E4000B8F1000F3FF5BBAE306C20F0805030642D
:101E5000B5E6FEF7F7FF0546306880037FF58CAEE8
:101E6000FEF7F0FF411B03206429F5D9D3E600BF3C
:101E700000380240000047420070004070470000F8
:101E8000BCB50446006841688268530603D4D50790
:101E900001D04D0618D4950701D50D0612D412F4C1
:101EA000B07F0ED08D060CD5002B1DD594F8513087
:101EB000032B0ED100210191C1680191806801902E
:101EC0000198BCBD616C00E0216C2046BDE8BC40BF
:101ED0000847636D43F00403636500230193C368FF
:101EE000019383680193019B93060CD5636D43F0C6
:101EF000010363650023019383680193036823F062
:101F000040030360019BD20508D5626D42F00802D0
:101F100062650022019282680192019A626D002A34
:101F2000CFD0426822F0E00242600122890784F8A3
:101F3000512016D001F0C7FEE06C30B10B490165AD
:101F4000FEF71DFD08B101F024FBA06C0028B8D0FD
:101F500006490165FEF713FD0028B2D001F019FB18
:101F6000BCBD2046BDE8BC40FFF788BF1D4400084B
:101F700070B538B10446406A30B10020206104F1E8
:101F8000140007E001254BE06068B0F5827F03D0C4
:101F900004F11C00002101600025A56294F85100A5
:101FA00020B9204684F8505000F03CF8022084F814
:101FB000510094E80F0001F4827102F404420668B3
:101FC000114403F40062114426F0400606602269C1
:101FD00002F002021144626902F001021144A26996
:101FE00002F400731944E36903F038031944236AC7
:101FF00003F080031943A36A03F4005319430160FB
:10200000042101EA1241626A02F0100211444160A7
:10201000C16921F40061C1610120656584F8510046
:10202000284670BD2DE9F04387B0044602A814216C
:10203000FEF78CFA2068704988424AD06F4988427E
:1020400000F087806E49884240F0D38000266D48BA
:102050000196416941F480514161416901F4805127
:10206000019101990196016841F001010160006848
:1020700000F001000190052001F071FAA02002900B
:10208000019802A96048FEF7FDFD614B624D4FF4D7
:10209000806040214FF0C06203F58963C5E90216F4
:1020A000286105F114001421C5E90032FEF74EFA4B
:1020B0002846FEF727FD08B1FEF722FC2320002169
:1020C0000022AC63A564FFF737FC2320FFF724FC54
:1020D0008FE000254B484FF005084FF0030902261A
:1020E000494F0195016941F480410161016901F4A1
:1020F0008041019101990195016841F0040101605D
:10210000016801F00401019101990195016841F014
:1021100002010160006800F0020001900198CDF812
:102120001880CDE9045903960C20029002AC07F503
:1021300000602146FEF7A6FD4FF480602146CDE900
:102140000598CDE90365029007F58060FEF79AFDDA
:102150004FE000262B480196016941F400410161DE
:10216000016901F40041019101990196016841F072
:1021700004010160006800F004000190062001F0F5
:10218000EEF94FF4E0500290019802A91E4800F5C4
:102190000060FEF777FD1D4D1D4F4FF48068142140
:1021A00005F11400C5E90076C5E90266C5F810809E
:1021B000FEF7CCF92846FEF7A5FC08B1FEF7A0FB18
:1021C000AC63E564134D07F1A8014020C5E9001692
:1021D00005F1080181E8410105F114001421FEF721
:1021E000B5F92846FEF78EFC08B1FEF789FBAC6313
:1021F000A56407B0BDE8F08300380040003C004013
:10220000003001403038024000000240BC12002083
:10221000106002401C1300205C12002070B501F019
:1022200067FD17D113460A46002940D0002B3ED047
:10223000A06858B96168B1F5827F07D104201146C2
:1022400001F027FDBDE8704000F01EB994F8501071
:10225000012901D1022070BD0421012584F851100B
:1022600000216165E38784F85050A387A263C4E925
:102270001011A186E186B0F5004F256807D12868C6
:1022800020F040002860286820F480402860E06C3E
:10229000D94EB34BC0E91361B349C0E90F1305F13F
:1022A0000C01E38FFEF7AEFC18B101F0BFFB01207B
:1022B00070BD21680868400601D401F0D0FC486870
:1022C00040F020004860002084F850004A6842F046
:1022D00001024A6070BD00BF0349884200D07047C8
:1022E000024801210170704740150020640400205D
:1022F00070472DE9F8431E4615460F460446FEF783
:10230000A1FD94F85110814601295CD1002F00F005
:10231000AE80002D00F0AB80002E00F0A88001F010
:10232000BFFC5CD0012084F8500094F851000428D0
:102330001CBF052084F8510000206065E687E68612
:10234000C4E91000A563A6872763A68620680168F4
:10235000490601D401F0D8FCE268DDF8208061680C
:10236000B2F5006F3ED109B1012E01D101F028FB79
:10237000012608F10105E08E10B9E08F00286BD02E
:1023800001F04FFC0CD5E18E51B1012E08D1216B2B
:10239000002631F8022BC2602163E18E0139E1860B
:1023A0008168C90706D0E18F21B1A16BC068012601
:1023B00001F064FCFEF746FD002DDCD0A0EB090027
:1023C0004045D8D33FE06068B0F5827F07D1022056
:1023D000042902D1A168002998D0BDE8F883022021
:1023E000BDE8F88309B1012E02D1397801F032FF3E
:1023F000012608F10105E08E08B9E08F60B301F015
:1024000010FC0ED5E18E61B1012E0AD1216B0026A0
:1024100009780173216B206801312163E18E013954
:10242000E1868168C90706D0E18F21B1A16BC06840
:10243000012601F0A3FAFEF705FD002DDBD0A0EB8D
:1024400009004045D7D3002084F85000012084F8CB
:1024500051000320BDE8F883204641464A4602F079
:1024600099F838B1002084F85000202060650120E0
:10247000BDE8F883A06808B901F00BFE01F0FCFA92
:1024800018BF0120BDE8F883F8B590F85150044614
:10249000012D36D1002958D0002A56D0002B54D017
:1024A00001F0FEFB38D001202D4E2E4F84F8500055
:1024B00094F8510004281CBF052084F85100002521
:1024C0006565E386E387A386A3874B4B2163A263FD
:1024D000C4E91055E06C2168C0E9133594F8513017
:1024E000042B08BF3746214E1F4B08BF1E46C0E9CC
:1024F0000F670C31E38FFEF785FB78B184F85050FD
:102500001FE06068B0F5827F06D10220042D02D161
:10251000A568002DBED0F8BD0220F8BD2268216B51
:10252000A06C536843F001035360C0E91355C0E940
:102530000F550C32E38EFEF765FB40B1002084F8A6
:102540005000606D40F0100060650120F8BD21680A
:102550000868400601D401F082FB01F01FFFF8BDBE
:10256000474400085344000859440008FF44000849
:1025700070B501F0BDFB04D189B382B301F090FBCB
:1025800001D1022070BD0320002384F851000120F6
:102590006365E286A2862163A363C4E91033A3873F
:1025A00084F85000E387A0682268B0F5004F07D197
:1025B000106820F040001060106840F48040106007
:1025C000A06C0D4E0B4D0C32C0E913630B4BC0E9F0
:1025D0000F35E38EFEF716FB18B101F027FA012044
:1025E00070BD21680868400601D401F038FB01F095
:1025F000D5FE70BD4D44000829440008B7440008CA
:102600000349884200D07047024801210170704799
:102610009014002065040020704770477047000048
:10262000411E0020B0EB116F1CBF01207047044A0F
:10263000F023516003490B700721906011607047CF
:1026400010E000E023ED00E07047704758B110B58E
:1026500001F01AFD03D101F05CFB00F007F801F076
:1026600093FD00F09BBF01207047000000680D49FA
:10267000884218BF7047E0B50020002201900A4848
:10268000016841F4802101600021006800F480208D
:10269000019001981A20FFF74FF91A20BDE88C40ED
:1026A000FFF73AB9004801404438024090F83D1025
:1026B00001291CBF01207047022180F83D100068ED
:1026C000C168B0F1804F41F00101C1600ED00D49E9
:1026D00088420BD00C49884208D00C49884205D06A
:1026E0000B49884202D00B49884204D1724601F05E
:1026F00061FE964603D0724601F011FE9646002018
:10270000704700BF0004004000080040000C00407B
:102710000040014000000140704770B50446006869
:10272000C5680669B10710D5A9070ED56FF002017B
:102730000161012121778069800702D001F018FD35
:1027400001E001F0C6FB00202077700712D5680772
:1027500010D520686FF004010161022121778069A2
:1027600010F4407F02D001F003FD01E001F0B1FB65
:1027700000202077300711D528070FD520686FF08B
:102780000801016104212177C069800702D001F0AE
:10279000EFFC01E001F09DFB00202077F00612D550
:1027A000E80610D520686FF010010161082121773B
:1027B000C06910F4407F02D001F0DAFC01E001F0C2
:1027C00088FB00202077F00708D0E80706D02068B3
:1027D0006FF001010161204600F026F8300608D5AF
:1027E000280606D520686FF0800101612046FFF7BA
:1027F0002BFF700608D5680606D520686FF04001EB
:102800000161204600F011F8B00601D5A80600D4F9
:1028100070BD20686FF0200101612046BDE8704066
:10282000FFF713BF70477047704770477CB501F0E2
:102830005DF81CD10125D9B1D2B12046002625630F
:10284000666302F047FA216B012911D101962168D4
:102850000A68019249680191019901F097F841F0E5
:10286000100142E80313002BF7D1054600E00225D2
:1028700028467CBDB0B50C460068F449884200D0BB
:10288000B0BD184D16484FF480722946FFF7CEFFB1
:102890000748294622464FF6FF7300F0E7F9EF4854
:1028A00000F01AFD28464FF48071FDF74FFEB0BDD1
:1028B000E01500200068E549884218BF704710B550
:1028C000084C07484FF480722146FFF7AFFFE348FA
:1028D00000F002FD20464FF48071FDF737FE10BD79
:1028E00028160020804B0020F8B5044600680268D6
:1028F000C168466915074FEA82633FD001F49077BB
:1029000006F00106BF193DD0D70705D0CF0503D586
:10291000676C47F001076764570704D51EB1676C01
:1029200047F002076764920704D51EB1626C42F05B
:1029300004026264002D07D501F02002921903D031
:10294000626C42F008026264626C002A00F0E5806A
:10295000002B05D5890603D5204602F0FCF8206837
:102960004069616C00F0400001F00801401847D157
:102970002046FFF79FFF00206064CEE0002B01D5CA
:102980008B0653D4236B012B03D1D30601D5CB0681
:1029900051D4130601D50B0611D4520640F1BD8067
:1029A000490640F1BA80C16821F04001C160202091
:1029B00084F841002046BDE8F84000F0ADB994F835
:1029C0004110212940F0A980A168B1F5805F03D1B1
:1029D0002169002900F0A280216A4A1C226209783C
:1029E0004160E18C0139E184090440F09680C168BE
:1029F00021F08001C160C16841F04001C160F8BDB3
:102A000001F032F901F01AF849D500F05BFCFCD175
:102A1000E06B002843D045490165FDF7B0FF002871
:102A20007BD0E06B016DBDE8F84008472046BDE86B
:102A3000F84002F090B800210091016800914168CF
:102A400000910099406940062ED4E08DA18DE28D61
:102A5000002A62D0814260D0081A00F097FF21F46A
:102A6000907142E80313002BF7D1216851E8051F4C
:102A7000226821F0010142E80513002BF5D1202145
:102A800084F842100021216300F080FF21F0100142
:102A900042E80313002BF7D1022161632EE02046A8
:102AA000BDE8F840FFF706BFE06BA28D01684B68F8
:102AB00099B249B3914227D2E385C069B0F5807FCE
:102AC00017D001F0B2F820F4807001F0EBFAF8D1E1
:102AD00000F0DBFFFCD100F0F5FBFCD1202084F8F6
:102AE00042000020206301F02FF9FCD1E06BFDF7DC
:102AF00009FF02206063A08DE18D401A81B220465B
:102B0000BDE8F840FFF7B6BE8A4206D1C069B0F50D
:102B1000807F02D102206063F1E7F8BD216A31F8BD
:102B2000022B6FF35F22216242605AE7194A0008C4
:102B300090B110B5044690F8410008B901F092FB3D
:102B400001F001FA2068016921F4904101614169B5
:102B500021F02A0101F01FBB0120704770B586B03B
:102B6000044601A81421FDF7F1FC2068374988428A
:102B700035D03749884266D10026364800964169EB
:102B800041F010014161416901F0100100F07AFB50
:102B90004FF4C0600190009801A92F48FEF772F829
:102BA0002F4B304D4FF4806040214FF0006203F511
:102BB0008663C5E90216286105F114001421C5E9F0
:102BC0000032FDF7C3FC2846FDF79CFF08B1FDF776
:102BD00097FEAC63A5632524252001212DE0002666
:102BE0001C480096016941F400310161016901F45A
:102BF000003100F047FB0C200190009801A9164815
:102C0000FEF740F8154D164A4FF480604FF0006112
:102C1000C5E90021286105F114001421C5E9026607
:102C2000FDF794FC2846FDF76DFF08B1FDF768FE3F
:102C3000AC63E5632624262000210022FEF77CFEFB
:102C40002046FEF769FE06B070BD00BF004400409C
:102C5000001001403038024000000240DC13002028
:102C6000886002407C130020704770472DE9F843CC
:102C7000044690F8410020281CBF0220BDE8F883DC
:102C80008846B1B11746A2B100201D4660642120DC
:102C900084F84100FEF7D6F8E7840646A784A068CA
:102CA000B0F5805F01D1206930B14FF0000947468F
:102CB00004E00120BDE8F8830027C146E08CB8B1EC
:102CC0002046802132462B4602F04CF8F0B927B15D
:102CD00017F8010B2168486006E039F8021B2068EC
:102CE00000276FF35F214160E08C0138E084E5E765
:102CF0002046402132462B4602F034F8202184F849
:102D00004110002818BF0320BDE8F883202084F874
:102D100041000320BDE8F8837047FEE70148FEF755
:102D200099B800BF3C140020B8B5002146F2A812A3
:102D300000912949806B0968B1FBF2F123224A43D3
:102D400090F83D100092009A3AB1009A013A009230
:102D5000026812689205F6D403E0026C42F0200289
:102D60000264436B0BB10022DA63846B0CB1002266
:102D7000E2630268156825F48065156000254585C5
:102D800003B11D650CB100232365136823F0010313
:102D9000136090F83D30602B06D101F0ADFA01646C
:102DA000BDE8B840FEF754B801F0280128290DD13C
:102DB000116841F001011160116841F480611160F6
:102DC00000210163282180F83D1001E001F094FA10
:102DD000BDE8B840FEF750BC6000002010B50446C6
:102DE00090F83D1090F83E00102814BF402822298A
:102DF0000AD001F0280028280CD1002020632820C8
:102E000084F83D0020680FE02068026822F4006228
:102E1000026000E020684268120503D4602901D0F6
:102E200001F063FA002121634168090515D494F883
:102E30003D1060292FD1202184F83D10002121640C
:102E40004169490601D500F036FF016821F0010112
:102E500001602046FDF7FCFF35E0416821F4006188
:102E60004160606B90F8351001291DD1A06B23499A
:102E70000165FDF784FD30B320684169490601D53D
:102E800000F019FF016821F001010160202084F8A1
:102E90003D00A06B15E04169490601D501F073FAC8
:102EA0002046FEF7E9FB0EE014490165FDF767FDDA
:102EB00048B12168606B0A6822F001020A6001F0E3
:102EC00010FA016D8847206C000704D02068416823
:102ED00021F4E061416094F83D00216C49070BD575
:102EE000282809D106482021E062002001F001F8DD
:102EF000BDE81040FEF754BC10BD00BF292D0008EE
:102F00000000FFFF90F83D10026D3AB1026D012AFA
:102F10000ED10168826CD2B20A6118E0C26C816C79
:102F2000012A10D10268C9B21161016D023110E0AD
:102F3000026D022A0FD1222914D101680A6842F4D5
:102F400080720A6003E00268C1F307211161016D1C
:102F500001310165704700684169090644BF0021DD
:102F600001617047428D5AB1212909D1426A016835
:102F700012F8013B0B614262418D01394185704776
:102F8000428D002AEDD12129EBD101684A6822F453
:102F9000E0624A60734600F0B9FF9E46002120229D
:102FA000016380F83D2080F83E10FEF7FDBB000075
:102FB00080B50A4601467548FFF7DAFA18B1BDE850
:102FC0008040FDF79DBC80BDBCB5002056491C4C1F
:102FD00001900A6842F400120A600A6802F40012C2
:102FE0000192019A00900868002240F48000086075
:102FF0000868002100F48000009000980B20A04792
:10300000104D0B20A847102000F025F91020A847EC
:10301000112000F020F91120A8472F2000F01BF903
:103020002F20A8473B2000F016F93B20A847462058
:1030300000F011F946202946BDE8BC40084700BF12
:1030400039190008191900082DE9F04F87B0002739
:103050003548374E00224FF4804B069701970168A0
:1030600041F004010160016801F00401019101993E
:103070000197016841F001010160016801F001015F
:10308000019101990197016841F0020101604FF43B
:103090008041006800F0020001900198234800F58B
:1030A000006481462046B0474846502101224FF037
:1030B000500A0125B04720464FF404710122B04761
:1030C00009F58068042101224046B047CDE9045744
:1030D000CDE902B502AF174E20463946B0474FF052
:1030E000030B48463946CDE902A5CDE9045BB0475C
:1030F00010203946CDF814B000F0A8F804204FF0A5
:10310000020A3946CDE9035502904046CDF814A095
:10311000B0474FF400703946CDF814A000F096F88F
:1031200007B0BDE8F08F00BF303802400000024019
:10313000390E0008850C000810B50B480B4B0C4CE1
:1031400000214FF48042C0E90043C0E90211C0E908
:103150000421C0E906110162FEF790FA18B1BDE83A
:103160001040FDF7CDBB10BD3C140020A08601002F
:103170000054004010B50548054B00F06FF818B139
:10318000BDE81040FDF7BCBB10BD00BF901400208F
:103190000030014010B50548054B00F05FF818B14C
:1031A000BDE81040FDF7ACBB10BD00BFE814002027
:1031B0000038004010B50548054B00F04FF818B135
:1031C000BDE81040FDF79CBB10BD00BF40150020BE
:1031D000003C004010B50A4880210A4C42F2CF035F
:1031E000092281610021C0E90043C0E902120161A6
:1031F000FFF72CFA18B1BDE81040FDF781BB10BDF8
:10320000981500200048014010B50548054C00F015
:10321000ADF918B1BDE81040FDF772BB10BD00BF9D
:10322000E01500200010014010B50548054C00F0E5
:103230009DF918B1BDE81040FDF762BB10BD00BF9D
:103240002816002000440040FEE7FEE7CDE90355C4
:103250000290204630470021002220474FF482721E
:1032600000214FF40074C0E900320A22C0E90211C3
:10327000C0E90411C0E90641C0E90811C0E90A1219
:10328000FEF776BE009100990096016841F00101B9
:103290000160006800F00100009007200590032005
:1032A000CDE90360022002907047D3F8000400F0DB
:1032B000070040457047002084F83400012084F85E
:1032C00035007047206850E8050F216820F0400065
:1032D00041E80502002A70470068016821F00801F2
:1032E00001607047102100224FF000082046FDF7D2
:1032F000A3BDE068002100227047044612F0E0BB45
:1033000094F8340000F0FE0084F834007047C86878
:10331000897E01F03F0101EB4101890015F03EBDBE
:10332000E068006819F04EB920464FF480317047CC
:1033300002463846314602F08EBDBBF81600BBF897
:103340001A10728B009CB146081A0221013000B29B
:1033500090FBF1F0F18A511A6FF00102013109B2CC
:1033600091FBF2F1704700EB8000502101EB40002F
:10337000A02190FBF1F070472A461CF001B90968C2
:1033800001EB8002526841F820200130704702684A
:10339000E968B2F90030B2F902205A43914270470D
:1033A00010880144ADF85810BDF85C100844BDF811
:1033B0005A10ADF85C00508822460144ADF85A100E
:1033C000BDF85E100844704721EA000019996FF3B8
:1033D0000F0308447047BDF95800BDF95A10149AFC
:1033E0000A9B7047011BADF8E810291908445318CF
:1033F000ADF8EC00101BADF8EE30ADF8EA00704708
:10340000ADF86C00BDF86800ADF8700002208DF8D2
:10341000580012AF7047A4EB0B0110FB05F001EB55
:10342000D030A8F8020006F15A0000B23847BBF8C5
:103430000010BBF80420511A013109B2081A022108
:1034400090FBF1F0BDF8B010084470475946224691
:103450004346009048460DF0A7B8B8F81500C0F3F1
:103460008A000330800800FB05F170478DF84400A6
:103470002046CDE900BA05F075BC36F8140F718806
:10348000F288511A01F10109B188081A013005903A
:103490007047204616F0F4BE606A402289B209F0F7
:1034A0004DBA284612F020BB2846FDF779B80246EF
:1034B0003846002150470021022202231AF070B939
:1034C00042F2640142F264021AF074BA52F80C1C1F
:1034D000022332F8042C009070470446D0E90B20F8
:1034E0004FF4806500210023009515F08DBB044644
:1034F0000068083015F0A2BB31463A4643465047B3
:10350000B2FA82F4C4F11A03DA4082F02003C4F163
:10351000190270470446D01A05B2002D704720F8F2
:1035200016102046314607F092B9204619F04AB8E5
:103530000398049D069AA6EB0901009020462B46AD
:103540001EF01FBA28464FF4802118F082BC304686
:103550001A212A4612F0CEBA606A14F094BD069081
:103560000320CDE9046002200390704700210C2263
:103570004FF4E133C0E90043C0E90211C0E904128D
:10358000C0E90611FFF7D4BA016821F0010101601A
:103590007047606D40F0400060657047012084F81E
:1035A000460084F83E0084F83F0084F8400084F828
:1035B000410084F8420084F8430084F8440084F811
:1035C000450084F83D00002010BDA06800210022C5
:1035D0007047002212F08EBA02F03F0202EB420264
:1035E00070470F2112F086BAADF88C10618B014440
:1035F000ADF89210E18A081A70473046294618F053
:10360000EBB8BBF81400BBF81810328B009CB14625
:10361000081A0221013000B290FBF1F0B18A511A70
:103620006FF00102013109B291FBF2F17047002005
:103630000BF03ABF20F4FC72083000F4FC718818DB
:103640006084E06815F0AABB30464FF4002118F002
:103650005CBD5A3000B21EF00FB9BDF86E00BDF867
:10366000721097F81890081ABDF87010013000B267
:103670007047BDF8EA0008F101080130ADF8EA0032
:10368000BDF8EE000130ADF8EE0070471198ADF8CE
:103690007250ADF86E50002870470BEB090110FB1B
:1036A00005F001EBD030A8F8040030B23847707F45
:1036B000B6F91430A9EB0A012246009007EB0A0084
:1036C0001EF05FB94DF808ED81EA5221C9B21EF033
:1036D00092FB0AF808005DF808EB7047B8F815008F
:1036E000C0F38A000130400800FB05F1704700215B
:1036F00018F0B2BA0022E86800F1180120463047FD
:10370000B8F808004146ADF8A400ADF8EC0020463A
:103710000AF069BD84F83C0020461FF0CBB90221B5
:1037200016F056BE606A50F8260015F017BB216AE5
:10373000A26A521A504301EBA020BCBD29463A466A
:10374000534630474FF4003117F0FDBF484607F0AD
:103750007EB820464FF4003118F0AEB9ADF84600FF
:1037600028440138ADF84A0070470698DDE9073271
:10377000A7EB0A01009030461EF003B929682046E5
:10378000002201F05DBDB4F840100089ADF80410CE
:10379000BDF8061070472046642100F0FBBE0168AA
:1037A00051E8051F026821F0010142E80513002BD2
:1037B00070479146029028460BF0CEBE38463246FE
:1037C0002B46484700244EF201094EF2010680467E
:1037D00070473A4601F057BCADF87210099ABDF82F
:1037E0009E10494409B28A427047706DF56850478F
:1037F000204618F00EB8204619F06CBC0899DDE997
:10380000060212F0C9BA4FF4A02118F019BA4046C6
:1038100047F6FF711DF03EBC016851E8031F0268C6
:1038200021F0100142E80313002B7047284691460F
:1038300013940BF049BECDF808805846009C17F051
:10384000B8BA284617F0C6BB0C9A00284FF6A676E1
:10385000704741460EF0F5B9E8684FF4803200F148
:1038600008012046304730464FF4C021224618F068
:10387000E3BCD8F83000D8F83C1011901491704790
:1038800020464FF4E02170472846914613940BF0F0
:1038900063BEBBF81600BBF81A10009CB146081AAC
:1038A0007047284617F0FCBBADF8600058461DF085
:1038B000E3BFBDF9641050463A4623460CF00ABEF9
:1038C000F0684FF4A02200F12001204638472A4634
:1038D00012F010B9204607F0F9B920461DF072B871
:1038E0002068416821F0200141607047044690F84B
:1038F000420020287047BBF81400BBF81810009C49
:10390000B146081A7047BDF9641050462246334646
:103910000CF0E0BD706DF46850470A99304601F034
:10392000B2BB94F8480000F0F70084F848007047F4
:103930000844BBF81A100190BBF81600081A70472B
:103940000D980EF07EB9706DF4680321504708445D
:10395000BBF818100290BBF81400081A7047BDF9A4
:103960006A002CB284427047204617F0AEBAB1F913
:103970006C20B1F97010801A891A70470870A06B1A
:103980000130A063E08F0138E0877047216851E87B
:10399000031F2268704721F4C041B1F5FA6F7047E8
:1039A000BDF95C103AB2284633460CF093BD00F1E5
:1039B000600120463847B4F87C10204606F0ADBFC1
:1039C00037F8021BC1602763E08E0138E08670473C
:1039D00042F2D1750646401BB0FA80F07047109F46
:1039E000504631463A4615F0F1B9014605F120003E
:1039F0001047149802F074B9846B0546FDF722BA9B
:103A0000206850E8050F21687047204618F025B857
:103A1000504631464A4615F0D9B9706DF4680A210E
:103A2000504720461B213A4612F064B8002084F823
:103A30005000606D40F0100060657047206840697C
:103A400040067047204618F0B3B8ADF86C005844F3
:103A500009B200B291427047706DF468022150477C
:103A6000204617F079BBB06800F00C0008287047BA
:103A7000002084F834007047012084F851000020B1
:103A800084F85000606D00287047206850E8050FEA
:103A9000216820F0010041E80502002A70476021FA
:103AA000002219F019BC204605F08DBEA068006800
:103AB00050F8260018F005BE3046294617F020BF02
:103AC000618B0144ADF80610218B0144ADF8041060
:103AD000E18A091AADF80210A18A081A704700EBB2
:103AE0008000502101EB40006FF09F0190FBF1F04E
:103AF00070470E4619461C461546074605F017BF87
:103B0000204603210022704748460DF047BB081AA3
:103B1000BDF87010013000B21590BDF86C00081AA5
:103B20000130704700210CF051BBBDF938102198CD
:103B300032B223460CF0CEBC01EBD030A8F8000026
:103B40000FFA8AF03847BBF800100844BBF804109D
:103B5000081ABDF8B01008440130704729463246B3
:103B600043464847B8F81500C0F38A000730C0083C
:103B700000FB05F17047284615F08EB8F068042266
:103B800000F1A001204638472046002117F072BFFF
:103B900020461C21002211F0ADBF42F2640142F226
:103BA000D17219F007BF0446D0E90B204FF48061B1
:103BB00000230091002115F027B8504631463A46BF
:103BC000434602F0A6BDB4F93010B4F93220704774
:103BD0000130B9F8303084B2A9F834009C42704703
:103BE00020464FF4003118F012B894F83C0000F071
:103BF000EF0084F83C0070479DF8562011910F9912
:103C0000002D02F0FE008DF856000D9870474846D2
:103C10004FF4403170470146B4F8405020461DF043
:103C200039BA2068816889077047206850E8030F17
:103C300021687047013001FA80F1914270472846AF
:103C40005946324615F05DB900F15001204638471B
:103C50009DF8AD2042F010028DF8AD207047086845
:103C600040F0400008607047204600F045BF002249
:103C700001F034BA00F1B0012046384721F8020BB8
:103C8000A163E08F0138E087704700F5807120461E
:103C9000304784F851002046704712201AF0FAB8D5
:103CA00094F85000012870470022E86800F14801AC
:103CB000204616F022B8616A00690870616A2068BF
:103CC000013161627047416821F003014160704732
:103CD0000022E86800F11801204616F00EB80246EE
:103CE00028680068C0057047707802210228704774
:103CF000044690F8510001287047F0684FF4803274
:103D000000F1080120463847016841F04001016098
:103D10007047002084F83C0020467047F0684FF45C
:103D2000403200F1F0012046384700F128012046DA
:103D30003047044690F8340001287047012084F889
:103D40005100606D00287047206850E8030F21681B
:103D500020F0100041E80302002A7047D0E9011268
:103D60008089CDE90112ADF80C0070474042002671
:103D70000294CDE91A0028461C967047204601F0AF
:103D800093BF401AB0FA80F0400970470D460646CE
:103D900017F062BFB14690FBF1F0F18A511A6FF053
:103DA00001024044013109B291FBF2F1704728460B
:103DB0004FF480317047A5EB0B00B0FA80F040095A
:103DC00070470168C9688A6922F002028A617047F7
:103DD000014601F058B9BDF86C00081A013000B274
:103DE000002C189070472146ADF83E60ADF83A605F
:103DF00015F0DCB801EBD030A8F806007047707FF2
:103E0000B6F9143049462246009050461DF0B9BD1F
:103E100098F8140000F01F007047E868042200F1D1
:103E2000A001204630472046002117F0CEBE204694
:103E300018F032B928464FF480413047009508F019
:103E40007FB8ADF8007001F0FBB90E9920202A462A
:103E500043465047204618F0B5BB20464FF48071CA
:103E600008F0C8B8A08ABDF82810BDF82A2001447F
:103E7000ADF82810E18A0A44ADF82A20BDF82C20BC
:103E80001044ADF82C00BDF82E0008447047089887
:103E9000DDE90632A4EB0B01009048461DF071BD30
:103EA000304652465B461EF0E0B91C21002211F05C
:103EB00021BE00F1280120463847E868202200F1A1
:103EC000D80120463047E868202200F158012046FA
:103ED00030474DF808ED2046FEF7A4FC20465DF87B
:103EE00008EBFEF7A0BCE868802200F160012046E4
:103EF0003047206384F83D1084F83E002046704728
:103F0000E868002200F1D001204630470A6842F4F8
:103F100000720A607047E868002200F1B001204694
:103F200030470022F06800F1180120463847706DD4
:103F3000F76801215047706DF56801215047706D99
:103F4000F56803215047242084F841002068C168A7
:103F500021F40051C160204600F058BE20464021A7
:103F60000122A346FCF768BF0021002219F0D6BC4D
:103F7000024628460E2111F0BDBD90FBF1F0002253
:103F8000284401B22046704702463046294601F0D7
:103F900062BF204617F02FBC4146006850F82470DD
:103FA000384618F0B6B828465146BBF8082017F036
:103FB00053BE05EBD0303588ADF862000F985A300B
:103FC00000B27047C0F34513C1F34514C1F3C425D3
:103FD000704711444618BDF86400ADF86C00BDF898
:103FE0006800ADF8700002208DF858007047ADF8F9
:103FF000A680ADF85800BDF8B0007047002311F05E
:104000005EBFE868082200F1A8012046304700930F
:10401000002314F0F9BDC518F068009514F0F4BD44
:10402000284611F061BDBDF85E00BDF86210081AA7
:10403000013001B2BDF95A008842704758464FF42A
:10404000A021224618F0F8B830464FF4E02170471E
:1040500000F1300120463047F0682A4600F1D801CF
:104060002046384700F1280120462A463847618D0E
:1040700001396185704700F1200500200BF014BA6A
:10408000608D013860857047044690F83D00002837
:104090007047002000902068C168009180680090FF
:1040A0000098704741E80302002A70478DF8070026
:1040B00010210022204628473A4611F01BBD0199E5
:1040C00002206FF0010291FBF0F00FFA88F191FBF2
:1040D000F2F10844704700EB8000502101EB4000F2
:1040E000A02190FBF1F7704710FB07F005EBD030F3
:1040F0007588ADF864000D9870476FF30F0119448F
:1041000070470E9A00F0EABFF068082200F1A8019B
:104110002046384720464FF4003117F02EBFBAF939
:104120002030BAF81E00DAE9051270474180C188D4
:104130001144C180704732F8133013F0500F7047AC
:10414000204616F086BE02F0FC020F900D9102325E
:104150008DF85620024670472063282084F83D00E1
:104160002046FDF779BB086840F001000860704701
:104170002046FEF7D1BA002001902068C168019165
:1041800080680190019870470220211D84F83D004D
:10419000206800F0F1BB4161C16841F40051C16089
:1041A00000202021606484F8411084F8421060638C
:1041B00010BD20462946324616F0E6BF029902207D
:1041C0006FF0010291FBF0F00FFA8BF191FBF2F12D
:1041D0007047002100224FF0FF33009407F095BA9A
:1041E0000BFB00F004EBD0302C88ADF86200704778
:1041F0000E9A00F0D7BFF06805F11C0200F15801DB
:1042000020463847204616F0D4BDE8004FF0011193
:1042100021FA00F0C1B27047204617F03DBFBDF94A
:104220002E00696A079ABDF9303041F6FF76704773
:10423000069020464FF4A02117F0E7BB284611F066
:1042400055BC242084F83D002068016821F001015C
:10425000016070470173206B01302063E08E0138EC
:10426000E0867047002084F840002046FEF776BCC8
:104270000221328B90FBF1F0B18A511A6FF00102EA
:10428000484470470020ABF800100CB20BF00CB99A
:1042900000210BF09BBF0498BDF966108068A0EB6D
:1042A000410030F81700ADF84800704770780A21D7
:1042B00002287047B4F884000F90204616F065BDC0
:1042C000284611F011BC42F2D1718842704728464D
:1042D000FCF79EB821202063282084F83D0020466A
:1042E0007047202184F83D107047202184F83D104C
:1042F000002184F83E107047202180F83D100021F5
:1043000080F83E107047B0FBF3F001306FF31F30C0
:1043100000287047606D40F02000606570470168BC
:1043200041F00101016070470026CDE91A002846DE
:1043300002941C967047009C584616F03ABD0C46F5
:10434000054619F069BD04EBD030ADF86000704748
:10435000504622460CF0BEB8E868002200F1780111
:1043600020463047204616F035BEBDF83E00BDF869
:104370004210081A01307047A8EB050001220844DA
:1043800001B220467047616A00690870606A0130B6
:1043900060627047002084F83C007047486840F035
:1043A00020004860002084F850004A6842F0020271
:1043B0004A607047816801F00701062970479146FD
:1043C000029028460BF080B80023054616F062BD27
:1043D0000C46054615F050BEADF864000D981DF072
:1043E0004BBA404639460DF02CBC706DF76850470B
:1043F000204611F07FBB013109B291FBF2F1704709
:104400004FF4A02117F0B9BB2946FBF7DDBF704779
:104410000148FDF735BD00BF90140020806B0021DE
:10442000C187C186FDF72ABD806B01684A6822F00A
:1044300003024A60416D41F010014165012180F89D
:104440005110FDF71BBD806BFDF752BF806BFEF76F
:10445000E3B8806BFEF7E2B8B0B5FFF7CDFAFFF72F
:104460003EFC23D42068A168436823F02003436006
:1044700031B96168B1F5827F02D16FF0030101E0CB
:104480006FF001014368194041602046642100F04B
:1044900056F808B1202060650020E087FFF74EFC49
:1044A00004D02046BDE8B040FDF7E8BC2046BDE89A
:1044B000B040FDF711BFBCB5FFF79EFAFFF70FFC48
:1044C00018D4FFF70DFA416821F002014160FFF7AF
:1044D00062F908B1FFF71EFFA06808B9FFF74BFEAD
:1044E0000020E086FFF72AFC04D02046BDE8BC404F
:1044F000FDF7C4BC2046BDE8BC40FEF781B8B0B5AE
:10450000FFF77AFAFFF7EBFB14D4FFF7E9F9FFF7AF
:1045100042F908B1FFF7FEFE2068FFF7D4FB002048
:10452000E086E087FFF70AFC04D02046BDE8B040F3
:10453000FDF7A4BC2046BDE8B040FEF76EB8BCB5A0
:10454000044640680B46B0F5827F0ED1A068B0F5F6
:10455000004F02D0B0F5806F0CD12168B0F5806FAC
:104560000D6825F040050D6004D10025204601218D
:10457000009203E00092002520468021002200F0F6
:1045800041F820B1606D032540F0200060652846A9
:10459000BCBD00007CB50D461646009202210122EA
:1045A00004462B4600F02EF828B1606D032640F03B
:1045B0002000606521E0434811490068B0FBF1F03C
:1045C0004FF47A71484301906068B0F5827F0AD158
:1045D0002046802100222B460096002600F012F88B
:1045E0000028E2D109E0019830B10198013801902A
:1045F000206880680006F6D4002630467CBD00BFE7
:1046000000366E012DE9FC470A9C984615460E4679
:104610008246FCF717FC201A00EB0807FCF712FC97
:104620008146284808F101040068C0F3CB30784384
:104630000190DAF8000080683040801BB0FA80F00A
:104640004009A8420FD0002CF3D0FCF7FBFBA0EBF5
:104650000900B8420AD2019800280FBF002701982C
:1046600001380190E5E70020BDE8FC87DAE90001A8
:104670004268B1F5827F22F0E00242600BD1DAF8A5
:104680000810B1F5004F02D0B1F5806F03D1016879
:1046900021F040010160DAF82810B1F5005F07D180
:1046A000016821F400510160016841F4005101608A
:1046B00000208AF8500001208AF851000320BDE84C
:1046C000FC8700BF60000020BFB50A20FCF7C8FAD5
:1046D0002B4C3620A0472B4DA020A8473A20A047BE
:1046E0000520A847B220A0470C20A8470C20A847C7
:1046F0000020A8473320A8473320A847B720A04769
:104700003520A847BB20A0471920A847C020A047B4
:104710002C20A847C220A0470120A847C320A047BB
:104720001220A847C420A0472020A847C620A047A1
:104730000F20A847D020A047A420A847A120A84721
:10474000E020A047104800900FA0FFF707FB684645
:104750000E2100F081F8E120A0470F4800900EA044
:10476000FFF7FCFA68460E2100F076F82120A047FA
:104770001120A0472920A0473220FCF771FABFBDC5
:10478000054800082D480008D0040D11132B3F5494
:104790004C180D0B1F230000D0040C11132C3F44A8
:1047A000512F1F1F202300002DE9FC41DFF850800E
:1047B00007462A201D4616460C46C047300A8DF88B
:1047C00007608DF8057004218DF80600380A8DF811
:1047D000040001A800F040F82B20C047280A04215B
:1047E0008DF803508DF801408DF80200200A8DF8F5
:1047F0000000684600F030F82C20C047BDE8FC817E
:1048000005480008BCB5284C124DFFF74FFC204668
:1048100040210022A8470DF107000121FEF7C8FB47
:10482000204610210122A847BCBD00BFBCB51E4CCC
:10483000084DFFF73BFC204640210122A8470DF11F
:1048400007000121FEF7B4FB204610210122A847F2
:10485000BCBD00BF390E00082DE9F84F124C0D46C3
:104860000646FEF73FFDFFF779FB104FDFF87C9619
:104870004FF6FF7A8DB14FF6FF7487F800805545EB
:104880004846314638BF2C462246FDF771FE38783F
:104890000028FCD02D1B2644ECE7584610210122AD
:1048A000BDE8F84FFCF7C8BA0000024065040020DC
:1048B0007047FCF7D3BF000070B592B006AC14216E
:1048C000201DFBF743FE01A81421FBF73FFE002546
:1048D0001D4802260095016841F080510160006882
:1048E00000F080500090009800951848016866F329
:1048F0008F310160006800F4404000900420CDE951
:104900000C650696CDE9106054200F9008200E909B
:1049100010200A900120099000982046FDF716F912
:1049200008B172B6FEE74FF4805005950221CDE93B
:1049300003500F20CDE9010601A8FDF733F808B1B7
:1049400072B6FEE712B070BD403802400070004001
:104950000248016841F470010160704788ED00E091
:1049600080B50448FDF7D9FE0120BDE880401CF069
:1049700037BD00BF9815002070B5204B02689842E3
:1049800020D000F14044850545EA9424032C03D847
:104990004C6822F070022243B0F1804F16D0184CC0
:1049A000A04213D0174CA04210D0174CA0420DD0FB
:1049B000164CA0420AD0164CA04207D0154CA0427B
:1049C00004D007E04C6822F070022243CC6822F445
:1049D000407222430D688E684C699842C6628562B7
:1049E00001D109691963016841F0040101600121E5
:1049F000416122F080012143016070BD000001404F
:104A00000004004000080040000C0040004001404D
:104A10000048014000440140806B0021C185FDF742
:104A200049BF10B5846B2068416994F84120212A60
:104A300008D111F0800105D00020E084204600F06C
:104A40007CF82068406994F84210222906D110F0C1
:104A5000400003D00020E085FFF706F9606C40F0CD
:104A6000100060642046BDE81040FDF723BF0168D8
:104A7000806B0968C90529D40021C185016851E806
:104A8000031F026821F4807142E80313002BF5D163
:104A90004DF808EDFEF783FE5DF808EBF8D10168EC
:104AA00051E8051F026821F0400142E80513002B80
:104AB000F5D1202180F84210016B012906D14DF873
:104AC00008EDFEF7A9FE5DF808EBF8D1002141637F
:104AD000016B012918BFFEF7C7B8818DFDF7CABE6B
:104AE000806B01214163016B012918BFFEF7BDB83E
:104AF000818D4908FDF7BEBE016851E8031F0268B9
:104B000021F4907142E80313002BF5D14DF808ED24
:104B1000FEF745FE5DF808EBF8D1016B012906D1DF
:104B20004DF808EDFEF778FE5DF808EBF8D120218E
:104B300080F84210002101637047016851E8031FAB
:104B4000026821F0C00142E80313002BF5D12021B7
:104B500080F84110704790F84210222926D18368CE
:104B60000246B3F5805F0CD152F8281F52F8183C6A
:104B70008BB9026852686FF35F2221F8022B8162C1
:104B80000FE052F8281F0BB9036923B103685B6873
:104B900003F07F0301E003685B680B70116801316B
:104BA0001160C18D0139C185090400D070470168C9
:104BB000CA6822F02002CA60CA6822F48072CA6001
:104BC0004A6922F001024A61202180F84210002146
:104BD0004163026B012A18BFFEF746B881B001633A
:104BE0004DF808EDFEF718FE5DF808EBF8D1016806
:104BF0000A68D20606D5002200920A680092496827
:104C000000910099818D01B0FDF734BEB0B5044626
:104C1000006804F108030ECB056925F440551943DB
:104C20002A4349F20C650261C26863691943E3696A
:104C3000AA4319431143C1604169A26921F440713B
:104C400011434161214940F48060884202D1FCF760
:104C50003FFF01E0FCF732FFE26919216368A0FB26
:104C60000101B2F5004F17D15A00DB0FFBF720FB13
:104C7000174B6421B0FBF1F203F1805302FB0300F8
:104C8000322303EBC000B0FBF1F04FF4F87101EAFE
:104C9000400100F0070012E09A009B0FFBF708FBB1
:104CA00064210B4BB0FBF1F202FB0300322303EB58
:104CB0000010B0FBF1F000F0F00100F00F0001EB8C
:104CC0000211084421688860B0BD00BF0014014093
:104CD0009CFFFF0FF8B51346002504461E4E0A46FA
:104CE0001F4F456483858162222084F84200E06B77
:104CF0002168C0E91365194E0431C0E90F76FBF74E
:104D000081FF30B110206064202084F8420001202F
:104D1000F8BD0095206801680091406800900098F7
:104D2000206930B1FEF781FF40F48070FFF7BAF9D7
:104D3000F8D1FEF765FE40F0010041E80502002AC7
:104D4000F7D1FEF75DFE40F0400041E80502002A81
:104D5000F7D10020F8BD00BF234A0008E14A00084F
:104D60006F4A00082DE9FC41044600681D46904644
:104D70000F465E1C01683940B94224D0002EF9D09C
:104D8000FCF760F8A0EB08010320A94219D8C5B1CF
:104D90002068C1684907EDD5402FEBD0802FE9D0BE
:104DA00001680907E6D50025019501680191406871
:104DB00001900198FEF758FF082084F84050606485
:104DC0000120BDE8FC810020BDE8FC810148FDF721
:104DD0008BBD00BFE01500200848FDF785BD00BF72
:104DE000FEE7000080B5054805494FF48072FDF7E5
:104DF0001DFD0448FEF770FA80BD00BF2816002094
:104E0000804B0020DC1300202DE9F84F1C460B449A
:104E100016460244013A013B92B29BB2FFF7C4FC32
:104E20002C4D102100224FF0000B2846FCF704F80F
:104E3000284640210122FBF7FFFF00F05FF8032026
:104E400000F064F806FB04F047000A9800F108043B
:104E500021480078202802D1200E00F057F81F4D7D
:104E6000C4F30740A847C4F30720A847E0B2A84707
:104E70001B4EDFF8BC80DFF86CA01B4DDFF86C9098
:104E8000FFB13C4686F800B0B7F5007F404651467A
:104E900028BF4FF400742246FDF7C0F9307800288F
:104EA000FCD0A2B24846514686F800B085F800B062
:104EB000FDF75EFB28780028FCD085F800B03F1B8A
:104EC000DEE700F015F8034810210122BDE8F84F95
:104ED000FBF7B2BF00000240640000200D4F000845
:104EE000640400208C4C00206504002090140020F5
:104EF00005484FF400710122FBF79EBF02484FF4B2
:104F000000710022FBF798BF00080240E0B58DF861
:104F100007004FF47A700DF107010DF1060201232D
:104F200000900348FDF7E5F99DF806008CBD00BF31
:104F300040150020026800211378303B092B84BF04
:104F400008467047531C01EB81010360127802EBA5
:104F500041011A463039EFE7B0B50848442100F066
:104F6000C4FE07482121002200241CF091FA054DBF
:104F7000686001F0DFFE2C70B0BD00BFCC020020E5
:104F8000596D0008700200202DE9F04782460E4658
:104F900008461146154600F0E9F810B33046294698
:104FA0000022002700F09AF8002869D172886988E9
:104FB000B6F80690B6F800C0B6F804E08F1AA9EB70
:104FC00002083FB2012F0EDBAAF80610AAF804E08F
:104FD000AAF80220AAF800C00127B6F80690728845
:104FE00002E0FF274CE00027B5F90610A8EB01000E
:104FF000104400B2012812DB0FFA89F081420EDA68
:105000003388B08842442AF837300AEBC7030137A7
:10501000DA8098805980B6F80690E9887288B5F9E8
:10502000023010B209B20FFA89F2AEEB0C0C8342D7
:10503000C8BF18469142B8BF0A46111A0BB2318850
:10504000012B0DDB2B885C1A24B2012C08DB2AF81B
:1050500037100AEBC7010137CA808B80488031883E
:10506000AB88ACEB03040C4424B2012C08DB2AF817
:1050700037300AEBC70361440137DA8099805880E2
:1050800078B2BDE8F087F0B5B1F90030B2F9007040
:10509000B1F90240B1F90450B1F906C0B2F90210F9
:1050A000B2F90460B2F90620BB42C8BF1F460780B0
:1050B0008C42C8BF21464180B542B8BF2E4686808B
:1050C0009445B8BF6246C280B74205DC10B209B24F
:1050D0008142DCBF0120F0BD0020F0BD2DE9F84386
:1050E0000D46B0F90070B1F900108F4238DBB0F90D
:1050F0000260B5F902108E4232DBB0F90490B5F9C6
:10510000041089452CDCB0F90680B5F9060080450D
:1051100026DC14463AB3694628462246ADF80260BA
:10512000FEF78FFEE0B1694628462246ADF80260E0
:10513000ADF8009000F084F890B169462846224608
:10514000ADF80280FEF77DFE50B169462846224642
:10515000ADF80280ADF8009000F072F8BDE8F88379
:105160000020BDE8F8830120BDE8F883B1F90420F0
:10517000B0F90030934213DCB1F90020B0F90430EB
:1051800093420DDBB1F90620B0F90230934207DCFF
:10519000B1F90210B0F906008842A4BF012070479F
:1051A000002070472DE9F8430D46B0F90460B1F9CD
:1051B00000108E4211DBB0F90670B5F902108F4273
:1051C0000BDBB0F90080B5F90410884505DCB0F9B7
:1051D0000290B5F90600814502DD0120BDE8F883A3
:1051E0001446EAB1694628462246ADF80290ADF869
:1051F000008000F025F898B9694628462246ADF8A7
:105200000290ADF8006000F01BF848B969462846E6
:105210002246ADF80270ADF8008000F011F810B130
:105220000020BDE8F883694628462246ADF80270A2
:10523000ADF8006000F004F880F00100BDE8F883EC
:105240002DE9FC470C46B0F90010B4F900308B4250
:105250000DDBB0F90470BB4209DCB0F90250B4F9BF
:105260000230AB4203DBB0F90660B34202DD00203E
:10527000BDE8FC87012A67DB781A731B4FF0020C2C
:10528000ADF80010ADF802500130013300B21BB28E
:1052900090FBFCF093FBFCF300B20FFA83F9484556
:1052A000B8BF814668469145A8BF914609EB010AFF
:1052B00009EB050821460022ADF804A0ADF80680F0
:1052C000FFF7BEFF20B108EB0900ADF806000FE0C4
:1052D000ADF80660A6EB0906684621460022ADF847
:1052E0000260FFF7ADFF40B1A6EB0900ADF8020088
:1052F0000AEB0900ADF8040020E0ADF80470A7EB5C
:105300000907684621460022FEF79BFD20B1A6EB67
:105310000900ADF802000DE0684621460022ADF814
:105320000680ADF80250FFF78BFF68B108EB09006B
:10533000ADF80600A7EB0900ADF80000684621466D
:1053400018F044FEBDE8FC870120BDE8FC87F0B5FD
:10535000B1F90030B2F90060B1F90240B2F902705F
:10536000B1F90450B1F906C0B2F90410B2F906203F
:10537000B342B8BF1E460680BC42B8BF274647802E
:105380008D42C8BF294681809445C8BF6246C2800D
:10539000F0BD00002DE9F04F93B004461CF018F862
:1053A00000210A9104900CB1E06801E00AF078F85D
:1053B000DFF80C86C8F80000006918F02DFDD8F859
:1053C0000010486918B118F027FDD8F80010C86916
:1053D00018F022FDD8F80000006A18F01DFDD8F87A
:1053E00000000169002955D0DFF8ECA500264FF038
:1053F0000109B0F850118E4245D2811991F830114F
:1054000009B10136F5E70027B0F850118F42F8D204
:10541000C11991F83011A1BBB74232D000F130016F
:1054200001EBC60001EBC701FFF7A0FE0146D8F86B
:10543000000031B330300BAC00EBC60100EBC7020B
:105440002046FFF784FF2046D0470446D8F80000E6
:1054500000EBC6003030D0470546D8F8000000EB1E
:10546000C7003030D0474119D8F800008C4208D22C
:105470000B9A0C9B00EBC6010A634B63C11981F8C0
:1054800030910137C0E701680A7CD20706D10DF1DF
:105490002C0994E00021A0F850118DE2C9680DF1AB
:1054A0002C094968002900F08A8000F5AC7000F0F2
:1054B00069FC0146D8F80000002940F080800168AE
:1054C000C9688A680B6809929A4208BF4B680893BA
:1054D00009F0FAFF0DF12C0A079020215046FBF746
:1054E00035F80024D8F80000B0F850118C423FD2B3
:1054F000011991F8301109B10134F3E700F5AC70EE
:1055000000F0D2FB0746002FF6D0D8F8000039464D
:105510003E4600F5AC7000F0DCFB0746D8F8000012
:10552000314600EBC40000F130025046FFF72CFD7D
:1055300005460130E7D04FF00009D346D8F8000007
:105540003146A94500F5AC700CDA00F0E9FBDBF858
:105550000010DBF804200BF1080B09F1010942608F
:105560000160EBE700F017FC304613F0F7FBCAE7E9
:1055700000F5AC7000F098FB0DF11C0A04460DF12B
:105580002C099AE8C004D8F8000094B1006851468C
:1055900032462346C06B856BCDE900760294A8475E
:1055A000D8F80000214600F5AC7000F092FB0446EC
:1055B000E9E700F5AC7000F062FBD8F80000B0F845
:1055C00050510021C8F80410002D00F06D81012D0C
:1055D00006DB4119013D91F82F110029F7D100E0B8
:1055E000002501684A6B22B108469047D8F80000B0
:1055F0000168C96800278A6922F001028A61FEF702
:10560000E0FB059590F8281041F0040180F828107F
:10561000B0F850118F4280F00081C11991F830111B
:10562000002940F0F880AF4205D10168C9688A6955
:1056300042F001028A61FEF7C4FB0168CA68CE6BC2
:105640009268326000EBC702097C02F1300B8907D7
:1056500027D009F039FF0446D8F8000009F07CFF94
:1056600001380021002200B20090601E03B24846BB
:1056700006F04BF8D8F80000C6F804900068D0E9AE
:1056800003018907826959BF816962F3410142F0D0
:105690000201CB4681613046C6F808B01CF098FE86
:1056A000ACE032F8329F079711461446069231F863
:1056B00002AF34F9047FCDE9081BBBF800B009F054
:1056C0004BFF874201DA258804E0D8F8000009F092
:1056D00043FF451ED8F80020AAEB0B01A7EB0900F9
:1056E00001310130126809B20FFA80FBD368926968
:1056F000DB68B3FBF1F15945B8BF8B46EAB1002036
:105700005F460DF12C09ADF830000B907C1ED8F8E7
:1057100000004946ADF83240006882699047BDF804
:105720002E10BDF93200411A013109B28B4506DA5B
:1057300027B2002FEADC4FF0000B069907E039B2E0
:1057400001290699ACBF00F1010B4FF0000B08884E
:105750000FFA85FA4FF000090BFA80F7A9B27B1E09
:10576000534528DC0BAA0FFA83F9C6E90122D8F8C1
:1057700000201268D26894683460ADF82E00099851
:105780000088ADF82C0008980088ADF83230ADF8EC
:105790003000CA45BCBFADF83250A9461FFA89F0A7
:1057A000814203D1906940F00200906130461CF0C4
:1057B0000FFE3846D0E71FFA89F20DF12C0991420D
:1057C0001AD0D8F80010C6E90199099B0968C96880
:1057D0008A683260089A1B8812888C6944F0020437
:1057E0008C61ADF82E003046ADF83250ADF82C305B
:1057F000ADF830201CF0ECFD059D079FD8F80000A7
:1058000000EBC700303005F052FF0146D8E9000236
:105810001144C8F804100137FAE690F8282000294E
:1058200002F0FB0280F828203ED00268137CDB07E0
:105830001CD0D2685268CAB1002430258AB2944282
:1058400014D2021992F830216AB900F5AC7000F058
:1058500086FA0146D8F80000431942595B680A608D
:105860004B60B0F8501108350134E7E730304FF4A1
:10587000807113F072FBD8F80000202100F59870B9
:1058800013F06BFBD8F800000021A0F85011049829
:105890001BF098FD0A90D8F800000068436A1BB11D
:1058A000D8F804200A99984713F0DEF900F0BAF806
:1058B00000F094F8D8F81C40ACBB09F0F1FD09F0F9
:1058C00017FE12F06FF87F210022044618F0B1F99C
:1058D00020460021002218F0A2F920464FF6FF7161
:1058E000002218F008FAFEF70BF918F0F0F9FEF7AD
:1058F00007F918F0DDF9FEF703F918F0DEF9FEF705
:10590000FFF818F0DFF9FEF7FBF818F0EFF92DA11A
:10591000204612F049FF204606210022002314F001
:1059200039FAC8F81C40D8F808001BF04BFD800875
:105930004A280DD8D8F8040041F2893188423BD377
:10594000D8E903010A9A10440131C8E9030133E0A0
:105950001BF03EFDC8F80800D8F80000406828B1E8
:1059600000684FF47A71B1FBF0F500E01E25D8F81D
:105970001010284649B14FF47A704843D8F80C10FB
:10598000012998BF0121B0FBF1F00021C8E9031102
:10599000A84238BF0546D8E9050129440130C8F8B6
:1059A0001810C8F814001BF09DFDC0F1640306A197
:1059B00020462A4612F02EFF13B0BDE8F08F00BF3C
:1059C0008C0100203F0000002575204650530A2519
:1059D0007525252043505500AFB60008B0B5074DDA
:1059E0000024702C08BFB0BD285908B113F0B6F9D7
:1059F00028191C2113F0B1FA1C34F2E7200300200F
:105A00000749096859B14A68824202D00A6882424D
:105A100003D10A7E42F001020A761431F1E77047A1
:105A200068050020704700000148042100F05DB9BE
:105A3000C00200200148202100F057B9D802002000
:105A40002DE9FF470C9E1D4682463BB9B6F5807F87
:105A500004D1501E4D1E002200215CE0DDF8348090
:105A600000206F46DFF8C490ADF80E20ADF80A2094
:105A7000ADF80C10ADF8041029463246CDF80600FA
:105A8000009038464346C847381DFEF767F807F1CF
:105A90000800FEF763F807F10C00FEF75FF8BDF9A8
:105AA0000E50BDF90A102846A942C8BF0846BDF9E4
:105AB0000670BDF90260BDF90030BDF90420BE4298
:105AC0003C46C8BF34468442D8BF0446A01CA94205
:105AD000B8BF0D46BE42B8BF3746AF42A8BF2F463B
:105AE000BDF90C60BDF90840B91E1746B4423546F1
:105AF000C8BF25469342C8BF1F46AF42D8BF2F46F6
:105B0000BD1CB442B8BF26469342B8BF1A46B24243
:105B1000A8BF3246023AAAF80600AAF80450AAF82A
:105B20000210AAF80020BDE8FF8700BFA9DE010827
:105B3000F8B516460C4607461BF04AFCA2B2104CBC
:105B4000054639463346204611F05CF860B1002026
:105B5000A062E06988B928461BF034FC084C012893
:105B600098BF0120E06108E0054C2C21204613F08D
:105B7000F4F94FF00040A06200242046F8BD00BFB9
:105B80001004002010B50748142100F0AEF811F001
:105B900001F80549054A064B064CC0E90043C0E937
:105BA000022110BDE4020020D96501089D680108AA
:105BB000ED66010809660108F0B585B00D4604469A
:105BC00020B909F06DFC0446002856D0204609F0A3
:105BD000D9FC002851D094F8280040074DD400206B
:105BE00075B30290204609F06FFC0138ADF80C0047
:105BF000204609F0B1FC01382946ADF80E00684690
:105C000002AAFFF740FAC0B32068017C89071AD4C2
:105C100082690AB16946904704F130014FF0FF36BE
:105C20006D46B4F850010136864211D22846002252
:105C300001F10807FFF752FA00283946F1D01CE0BD
:105C4000A4F8500119E0DDE90201C4E90C010DE0FE
:105C50001F2807D8009A019B04EBC00101300A639A
:105C60004B6304E0DDE90201206361630120A4F8D5
:105C70005001606808B11BF0EBFC05B0F0BD70B5D9
:105C8000044608B165680CE000250AE02068294652
:105C900028444668204600F07EF8284613F05EF857
:105CA0003546002DF2D170BD08B140687047002024
:105CB000704710B1021D002102E00021002200E027
:105CC000126822B1036801311A440432F8E7084629
:105CD000704700680844406870470068085870477B
:105CE00008B180687047002070470331002221F01E
:105CF00003018260C0E90012704710B5FDF7F7FBA1
:105D000058B12168002242504218636853606268AB
:105D100002B15050A168606001B110BDA06010BD1B
:105D2000A0B1B0B50C46C1B105464068A0420FD045
:105D30002868083012F082FF78B1296863580A1D7C
:105D400003B19850435060508450B0BD002070475C
:105D50002846FFF7D2FF0028F7D10020B0BD10B5CC
:105D6000FDF7C5FB58B122680023111D4350A368FD
:105D70008350A26802B150506168A06001B110BDAB
:105D8000606010BD28B1416809B9806808B1002081
:105D900070470120704710B568B142688A420BD045
:105DA000026884688B588C420ED0141D085903B1C8
:105DB000185100B1835010BD026811444968416018
:105DC00041B10020885010BD836003B1D01800217C
:105DD000416010BD0021816010BD10B5044600680F
:105DE000826812B1214690472068006808B120609F
:105DF000F6E710BD806808B1C08A00E0002000B25C
:105E00007047806810B1807E80097047002070471D
:105E100070B5044652EA01001BD0204615460E46D6
:105E200014F02AF9A0682A460123018A314401822C
:105E3000418A294441822046314616F056FC2046CC
:105E40000B2100220FF056FE012803D1204616F048
:105E5000B9FB012070BDF8B51446A8B162220D4609
:105E6000074615F0F9FE78B10646006860B138467D
:105E70002946632215F0F0FE010605D03368C2B250
:105E8000A1B23046984700E02046C0EA0400F8BDC1
:105E90002DE9F04F91B00546408CDDF868B016460C
:105EA0001F468A462A8440F0040068842846BBF8CE
:105EB000082015F0D1FE2F840446FEF774F88146C1
:105EC000688C20F0040068844C4500D16AD02E8490
:105ED000FEF769F88046284651462F8403F009FFF3
:105EE0000068BBF80810424619F04EFDBBF80800E8
:105EF0000B2826D147F6FF74A04518BFA14520D135
:105F0000284616F0C9F8022690FBF6F7284614F04A
:105F1000A0FF90FBF6F1A04507F1010001F101019E
:105F200005D102B20FFA81F84245B8BF904647F654
:105F3000FF72914505D100B20FFA81F94845B8BF0B
:105F400081461F48FFF7D9FE78B30560C0E902A873
:105F5000C0F8109006466C46BBF80800B08020469A
:105F600004F0FEFEFF200A900020CDE908000F4853
:105F700003900F4802900F48CDE90060BBF8000085
:105F80000B90DBE90301CDE90610BBF802004042AB
:105F90000C909DF8420000F0FE008DF84200204673
:105FA00004F02EFF11B0BDE8F08FFEE7CD5A0208D5
:105FB0006D5B02089559020801481421FFF795BE50
:105FC000F00200202DE9F84F04466FEA02086FEA5C
:105FD000010900276D464FF0020B4FF0000A608C5C
:105FE000C0F3C500874280F0DD80E06800EBC701A8
:105FF00049688A0100F1C38089B211EA090201EA05
:106000000801B1FA81F118BF012249094A4040F064
:10601000B68050F8376010212A46304619F0B0FAA1
:10602000002840F0BD8030461121FDF7A5F9002879
:1060300040F0B68030461221FDF79EF9002840F06E
:10604000AF8030461321FDF797F9002840F0A88073
:1060500030461521FDF790F9002840F0A180304628
:106060001421FDF789F9002840F09A8030460A2172
:10607000FDF782F9002840F0938030466B21FDF750
:106080007BF9002840F08C8030466C21FDF774F9D4
:10609000002840F0858030460121FDF76DF9002889
:1060A0007ED130460421FDF767F9002878D13046CB
:1060B0000221FDF761F9002872D130460321FDF776
:1060C0005BF900286CD130460521FDF755F9002811
:1060D00066D130460621FDF74FF9002860D13046E1
:1060E0003221FDF749F900285AD130466E21FDF7DB
:1060F00043F9002854D130466D21FDF73DF90028C1
:106100004ED130466921FDF737F9B0BB30466A21E0
:10611000FDF732F988BB30466E21FDF72DF960BBE3
:1061200030466D21FDF728F938BB30463721FDF7A1
:1061300023F910BB30463821FDF71EF9E8B9304687
:106140003521FDF719F9C0B930464021FDF714F9A2
:1061500098B930464521FDF70FF970B93046412115
:10616000FDF70AF948B930464221FDF705F920B993
:1061700030464321FDF700F918B14FF0020A01370C
:106180002DE730464921FDF7F7F85FFA8AFA012139
:10619000BAF1010F98BF8A46002818BFDA46EEE729
:1061A0004FF0030A5FFA8AF0BDE8F88F05480068EF
:1061B000704700BF80B5034818210830FAF7C6F9C8
:1061C00080BD00BF8C010020C0F30410072828BF49
:1061D000072070474FF6FF71884204BF1F207047A9
:1061E00008B900207047702801D8094909E006491C
:1061F00009680029F5D0054A713880B212688242D8
:10620000EFD9085C704700BF980200203C040020D2
:106210003663020880B504481821FFF766FD03487D
:106220000121417080BD00BF9C02002008030020B6
:10623000F0B12DE9F04116460D460446FAF7E8F8AC
:10624000DFF8BC82074620462946D8F80020904750
:10625000D8F8002005462044314690472118381AC6
:10626000854203D84A5D62550135F9E7BDE8F04142
:10627000704700BF2DE9F041DFF8288214460F4631
:1062800019461D460646D8F804209047386030B1BC
:106290002868D8F8042000213044904700E000200E
:1062A0002060BDE8F08100BF2DE9F04F8FB0189E4F
:1062B0001C4691460EB100223280A8B107789FB1EA
:1062C00091B1199A019112F0060F1AD0421C0020C8
:1062D000012342F201440D2F03D803FA07F52542AA
:1062E00006D1175C0130F6E700200FB0BDE8F08F53
:1062F000002F18BF0130002EF7D04FF6FF7131800C
:10630000F3E7D207002301210090CDF808900A920C
:1063100000228DF833300B93002900F0AF8021B2BA
:106320000129C0F2AB8000EB030A00200021CDE977
:10633000072309905B480E91426850460EA990478A
:1063400083460E9803944FF0FF364FF00008002567
:1063500000270D9019FA84F000240690D946059480
:1063600004971AF80400002856D04E484268504658
:106370000DA9904780460A9858B10DF1330049465F
:1063800000F0C0F838B1DDE90D040137C1460E90C8
:10639000E7E7059C01E0CB46049701985946424641
:1063A0000FF0FAFC054400B2DDF808903EA3002887
:1063B000C8BF4D44069928B281422146A8BF4FF07C
:1063C000FF31721C08BF0E46BBF10A0F1BD0BBF198
:1063D0000D0F18D0ABF59C4145F2A612914212D395
:1063E00001370021072904D05A5C01319345F9D1C6
:1063F00009E0DDE90D14C3460E91711C099908BF2F
:1064000001460991AAE72CB9711C03D1049F00240D
:1064100005460DE0049FD946701C05D0089BDDF8A9
:106420000890099D7BB13AE0CB46DDF80890099DC4
:106430003FB1BBF10D0F08BFB8F10A0F01D02646DE
:1064400000E00E9E089B079A2A44AEB100983344A0
:106450000B9301780A290DD00D290BD0C15C189E31
:10646000039C0D2903D0641B0A297FF455AF013327
:106470000B9303E0189E01E0189E00980BB15EB9E3
:106480000BE008494A680BA9904736B101460198CC
:1064900000220FF081FC024632800B9825E7189EFF
:1064A000079AECE758000020202C2E3B3A2D5F0085
:1064B0002DE9F041D0B11446C2B1054620468846C8
:1064C000F9F7A6FF90B106462846F9F7A1FF07465F
:1064D0000B4841460268284690478119AA19F319CA
:1064E0008B4205D3EB5DD355013FF8E7BDE8F08162
:1064F000284421463246BDE8F04112F0F9BC00BF05
:106500006800002003780246232907D1032B0DD20F
:10651000012121EA0300DB00D94005E0012B05D170
:106520000120202901D102211170704700207047FD
:106530002DE9FC4104460B46CDE900110020002165
:106540004FF0000822461BF09FFB451C07462846DB
:1065500012F074FB50B100F8078029462246064627
:10656000019B1BF091FB3046BDE8FC81FEE72DE965
:10657000F047DDF82090984615460E46824695B1C4
:106580006F08504607FB08642146C847012803DA14
:1065900000283D46F3D407E065F0010004EB08064F
:1065A0003844451CEBE700242046BDE8F0872DE980
:1065B000FE4F064612980292DDE910E9DDF838C078
:1065C000DDE90CB29A460D4684072ED4B9F1000FCE
:1065D00003D0C10705D123460CE023464FF0000944
:1065E00008E0BCF1000F08BF10F00C0FF3D02346F9
:1065F000A9F10109BEF1200F714628BF20213024E6
:106600008A4203D20BF802400132F9E7B9F1200FB8
:106610004C4628BF2024C70730212FB1A24203D205
:106620000BF802100132F8E71C46C10633D50F9F64
:1066300041050DD462B1724518BF4A4508D1511EBB
:10664000884618BFA2F10208102F18BF884600E044
:106650009046102F06D181060BD4B8F1200F08D236
:1066600078210CE0022F0ED1B8F11F0F0BD8622158
:1066700005E0002907D5B8F1200F04D258210BF806
:10668000081008F10108B8F11F0F18D8302108F1DF
:1066900001020BF808101F2A08D8BCF1000F01D026
:1066A0002D2008E0410703D4000703D4904606E0FC
:1066B0002B2000E0202002F101080BF80200029FCD
:1066C0000194E4B1ABF10104B8F1000F07D014F864
:1066D0000800FDF733F80137A8F10108F4E7019845
:1066E000002802D43846BDE8FE8F02984442E019E3
:1066F0004845F7D22020FDF721F80137F7E7029F40
:1067000044464C45DED22020FDF718F8013401370D
:10671000F7E72DE9F04F93B0DDF870C00F461D4646
:106720001646DDF88490DDE91F23DDE91D1BBCF171
:10673000000F08BF29F010090A95CDE90876BCF1D1
:10674000000F04D119F4806401D000271DE009F086
:1067500020040DF12C0A84F0610404F1F6080024F1
:10676000BCFBFBF6454606FB1BC707F0FE0EBEF161
:106770000A0F38BF30253D44671C0AF80450DC4539
:1067800003D31F2C3C46B446EAD30BACCDE9021B25
:10679000CDE9004704A981E80C0208AB0ECBFFF756
:1067A00006FF13B0BDE8F08F2DE9F04F93B0DDE99F
:1067B0001C65DDF89080209C56EA050708BF28F08C
:1067C0001008002F07AF0FC704D118F4806701D05D
:1067D000002227E008F02000219F4FF0000A0DF171
:1067E0002C0B80F0610000F1F60930462946224664
:1067F0003B46F9F75DFD00FB146202F0FE030A2B35
:106800004B4638BF30231A44331B0BF80A200AF1D9
:10681000010275EB070305D3BAF11F0F9246064636
:106820000D46E2D30BA8CDE900021E98CDE9020483
:10683000229804902398CDE9050807AB0FCBFFF70A
:10684000B6FE13B0BDE8F08F9A4238BF8854704747
:10685000704700002DE9F04F91B0DFF8ACA4109321
:1068600000291C4690460E4618BF82461A980025FD
:106870000D904FF0000914F8090005EB09070028F6
:1068800000F03582252804D0FCF736FE09F1010915
:10689000F1E704EB09004FF0000B441C1094207842
:1068A000202809D0232809D02B2809D0302809D046
:1068B0002D280CD1022006E0082004E0102002E080
:1068C000042000E001204BEA000B0134E7E71094BC
:1068D0002078A0F13001092905D810A8FEF72AFB7D
:1068E000109C0C9010E02A2810D10D99013401C998
:1068F000109400280D910C9001D541420C91022179
:1069000001EA90704BEA000B207801E000210C9125
:106910002E280ED1601C4BF4806B10906178A1F191
:106920003002092A08D810A8FEF704FB109C844600
:106930000FE04FF0000C0CE02A2907D10D9902342A
:1069400001C9109420EAE07C0D9102E04FF0000CA8
:10695000044620780E96A0F16801C20742EA51036E
:10696000092B23D84BF48072611CDFE803F0091176
:10697000161F1F1F051F1F050C469346109114E09C
:106980001091607868285CD102344BF0C00B0BE0AA
:1069900010914BF4007B0C4607E0109160786C2856
:1069A00053D102344BF4407B10942078A0F1620262
:1069B000132A1FD80E9E4FF0080E4FEA8B71DFE8A6
:1069C00012F04700DB001400150115011501150137
:1069D0001400150115011501150115014A002600C5
:1069E00015011501EB00150114002BF0100B4FF0F1
:1069F0000A0E1BE0252800F0F7800E9E4FF0100EC7
:106A0000782813D0582811D0502840F0EF80224623
:106A10004BF4887B12F8011F562911BF4FF0100E5E
:106A2000109210784FF0100E08BF144640F0080284
:106A3000582A08BF4BF0200B64280ED069280CD0D0
:106A400009E04BF0800B0C46B0E70C469346ADE7EF
:106A50004FF0020E62202BF00C0B5FEA4B5248BF46
:106A60002BF0010B562816D0692801D0642843D199
:106A70005FEA8B5025D4DDF834905FEACB504FD4D9
:106A80005FEA4B6000F1B880D9F800005FEA0B6262
:106A900048BF00B2B2E00D9901C90D914168096883
:106AA0000F9103687019009100EB0901A8EB050034
:106AB000A0EB09025046FFF7CDFE284400EB090584
:106AC00012E10D980021073020F0070003464068CE
:106AD00053F8082BCDE9051C0C99CDF810E0CDE951
:106AE000071BC10F82EAE0720D9380EAE073B2EBFC
:106AF000E07263EBE07035E05FEA8B5021D45FEA2F
:106B0000CB5000F188805FEA4B6000F1D980DDF85E
:106B100034905FEA0B60D9F8000048BF80B2D3E040
:106B200059F8040B0C99CDF80CC0C20FCDF8349075
:106B3000CDE9041B0028CDE9012E00D5404200908C
:106B400075E00D980021073020F0070003464068EB
:106B500053F8082BCDF810E0CDE9051C0D930C9BE4
:106B6000CDE9073BCDE900200291504631463A4637
:106B70004346FFF719FE5CE000290A915BD4DDE98A
:106B80000CB901257819421E5D4558D220203146A6
:106B90004346D0470135F5E70A916146BCF1000F45
:106BA00008BF4FF0FF310D98056800202A5C1AB12C
:106BB000814201D00130F9E76045E14638BF8146A6
:106BC0005FEA4B510B9158BF81460A98002851D477
:106BD000CDF824C00C98814548D22020FCF78CFCCD
:106BE00009F101090137F5E70E9E2520FCF784FC29
:106BF00001347D1C10943CE699F80000C20F0C99FA
:106C0000CDF80CC00028CDE9012ECDE9041B00D53C
:106C10004042009061E00D9A01CACDF80CC000908E
:106C200000200D92CDE9010E0C98CDE9040BFCF784
:106C3000C4FF054658E0DDE90CB9012601E06E1CF1
:106C4000174619F8040B0E993A464346D0470A985E
:106C50007D1CCDF83490002801D40E9E44E05E45A2
:106C6000FBD2FDF7F2F801350136F8E7DDF824C074
:106C700009F101090D9804300D90287878B10B992D
:106C8000002901D4E34604E0BCF1000F07D0ACF1C9
:106C9000010BFCF731FC01370135DC46EDE70A98C2
:106CA000002801D43D461FE0DDF830B00026BD19B4
:106CB00009EB06005845D0D2FDF7C7F80136F6E7D4
:106CC000DDF8349099F8000000900020CDF80CC059
:106CD000CDE9010E0C98CDE9040BFCF76EFF0546DB
:106CE00009F10409CDF8349001341094C1E5474509
:106CF0003A463146434628BFA8F101020020D0475A
:106D0000384611B0BDE8F08F5168000880B14A1EC6
:106D100011420CD1084449420138014008460C296F
:106D200098BF0C20B1F5804F28BF00207047FEE7C8
:106D30000020704710B55F4C012020705E48FEF7C0
:106D4000B3FF0146606819B1BDE810401AF080BC7D
:106D5000BDE810401AF06EBC2DE9F84F554FB868E9
:106D60001AF030FB83467878DFF84CA180F0010000
:106D700078705046FEF798FF06464FF000084FF631
:106D8000FF79002E00F0908096F84200797887F81D
:106D90000080C0F380028A4278D000F0FB0242EA11
:106DA0008101020786F84210316B1BD4002919DCDF
:106DB00011EB0B0216D4C00709D1716939B1304605
:106DC0008847316AB26A014410443162B062B168E6
:106DD00009B13046884796F84200316B40F0080010
:106DE00086F8420011EB0B0030634FD4F16A884201
:106DF000C8BF31633046F16988470146706A8142F5
:106E000004D0726871620AB130689047D6E90B010C
:106E100081423BDB96F84210B6F840508A0705D411
:106E200025B14D451CBF013DA6F84050B36B2D0464
:106E300019D1B3FA83F401F00205640954EA550448
:106E400011D050463146FEF7A6FFFFF773FFF168F9
:106E500009B130468847316909B130468847304624
:106E600011F07CFF12E0F46B6442346373B1002ACA
:106E700002D4726B52423263B06381F00200B16A95
:106E8000F36286F84200306A3162B06238780128D5
:106E900004D15046FEF708FF064672E750463146D9
:106EA000FEF717FF06466CE71AF092FAB860BDE8E5
:106EB000F88F00BF70020020CC020020B0B505465C
:106EC00040680C4610B12146FFF7F8FF2A6822B14E
:106ED00028462146BDE8B0401047B0BD89B204F055
:106EE00057BB89B204F08BBBB0B592B00446808F1B
:106EF000B0B101AD284603F033FF0C480194029075
:106F000001200B900020CDE90900094808900948AC
:106F10000490A08F0C90284603F072FF12B0B0BD11
:106F2000204612B0BDE8B0401BF012BAC9230208D7
:106F3000D7AD0008CB23020810B5044640680328EB
:106F40000AD9496821F003010844043060602046F2
:106F500000F038F8204610BDFEE7F0B54B6823F08E
:106F600003027F2A02D89A08002308E0B2FA82F3CB
:106F7000C3F11A04C3F11903E24082F0200200EBCE
:106F8000C31404EB820454F8345F5DB10E46C8604C
:106F9000E96046F8085F01F10B0525F00305AE42F4
:106FA00001D0FEE7FEE701250769216005FA03F637
:106FB00005FA02F13E43066100EB8300426911438A
:106FC0004161F0BD10B5044600F081F8046010BDC9
:106FD000B0B5D1B380290A460BD3B1FA81F24FF094
:106FE000FF33C2F11A0203FA02F2D2430A447F2AA3
:106FF0002ED8930800224FF0FF3404FA03F300EB7D
:107000008204646923400FD093FAA3F300EBC21407
:10701000B3FA83F304EB8304646BB4B1656825F0C1
:1070200003058D421BD2FEE76FF0010303FA02F263
:1070300003691A4009D092FAA2F2B2FA82F200EB86
:1070400082035B69002BDFD1FEE700242046B0BD40
:107050000024B4EB923FF9D1FCF752FACBE721467A
:107060001CF027F8F2E710B50446FFF7ABFF4168C4
:1070700041F002014160606840F00100606010BDB5
:1070800010B5044600F023F8416821F00201416088
:10709000606820F00100606010BD70B506460846CB
:1070A0000C4600F014F880B105460079C0070AD0FC
:1070B000606803280AD93046294600F039F820468E
:1070C0002946FFF739FF204670BDFEE7FEE741681D
:1070D000032904D921F00301084404307047FEE776
:1070E00070B539B12AB1054648680C46C10703D1CD
:1070F000FEE7FEE7002070BD02F1100120F0030062
:1071000088420FD32046114600F022F8064620465A
:10711000FFF758FF7068314640F002007060284663
:10712000FFF71BFF2046FFF7ABFF04F1080070BD1F
:107130004B6823F003027F2A03D89B0800221BF030
:10714000B8BF10B5FCF7DCF9BDE810401BF0B1BFCB
:1071500010B5421802F10F0402F10C0324F00304ED
:10716000A34200D0FEE7141D4268636822F00302C8
:10717000521A03F00303043A13430B2A636009D93C
:10718000426802F00302114341602046FFF76BFFA3
:10719000204610BDFEE7BCB5044610F07BF905465D
:1071A00010F0ABF930B1208FE0862046BDE8BC403E
:1071B00015F008BA20460EF00EFAE8B120460DF0A0
:1071C00098FFE08E218F81420AD02087019001AA8A
:1071D00020461C210EF08EFC01280CD1FCF7A5F9ED
:1071E000284610F095F9042805D1204613F02BFE0F
:1071F00000210FF081F9BCBD2046BDE8BC400EF077
:10720000CBBAB0B50EF072FC044613F05EFE054634
:10721000204605F083FB014628460022BDE8B04029
:1072200019F096BABCB50B88048945892344ADF89A
:1072300000304B882B44ADF802308B88C98823443A
:107240002944ADF804304369ADF806106946984703
:10725000BCBD00002DE9F04F8FB0CDE90830C878F3
:107260000A9103920E92DA49DDF8708010F0010065
:10727000D848024608BF0A46069208BF0146079151
:10728000D548D64908BF0146D8F810E00491B8F8AF
:107290000400B8F80210002375460022091A65B1EF
:1072A000D8F80C001844047CE40719BF0089091AB7
:1072B000808902441433013DF1E700234FF0000CB4
:1072C000002575452ED2D8F80C70F81890F810905B
:1072D0005FEAC97423D1140400F0758114B20EB2B0
:1072E000B0F904B096FBF4F4C66874430FFA84FA5C
:1072F000B0F90640A245B8BF54465C45D8BF5C46CD
:10730000544508D049F001064FF0010C0674D8E945
:10731000037EF818C668F818091B921B0481143301
:107320000135CEE75FEACC70B1D1099814F01EFAAE
:107330000A9D05900020B8F90220B8F908300DF137
:107340003604ADF83600ADF8340028780DA9CDE943
:1073500000411A991AF04CFFE878C0070AD0059846
:10736000012807D1099813F024FDBDF83610084410
:10737000ADF83600039C0998214613F0B3FC214672
:10738000974C07460EAE002F00F01E8108988142F0
:1073900000F01A813846214614F0BBFE08B1E878A7
:1073A00008E1384614F05AFA58B1D8F81010002005
:1073B00061B1D8F80C201358BB4209D00139143000
:1073C000F6E7788C20F4C060788432E0002501E094
:1073D000104405890A9807F11404C078C0074FF4D7
:1073E000806008BF4FF40070798C21F4C0610844BC
:1073F000079978842046884780B2854219D038465C
:1074000015F0E0F87869B969049A0B900C9129B2EB
:1074100020469047384629210BAA0EF06BFB3846D0
:1074200013F053FD22213A460EF064FB384615F066
:10743000C9F80A9D687801280FD0022816D106994C
:10744000B8F9004007F114008847611C21F00101E0
:10745000081A022190FBF1FB0AE00699B8F80040F7
:1074600007F114008847A4EB000B01E04FF0000B7C
:10747000E878C0070BD00598012808D1079907F1D3
:1074800014008847BDF83610081AADF836003846A3
:1074900000216B2214F0E0FB0446384600216C22E8
:1074A00014F0DAFB0646384604F4C04514F0F4FD47
:1074B0008146384613F0CDFCB5F5005F0FD121B2FF
:1074C00021F4C041B1F5FA6F09DCB1F57A7FC8BF8C
:1074D000C1F57A7101FB09F1642291FBF2F406F423
:1074E000C0410A9DB1F5005F0ED131B221F4C04117
:1074F000B1F5FA6F08DCB1F57A7FC8BFC1F57A71D2
:107500004843642190FBF1F6E8785A46B946199B46
:10751000BDF836A0AC4610F0010108BF524639F85C
:10752000145F3344B9F802609B1B9E18189A002917
:1075300018BFD3462244521B02EB0B0444EA060256
:10754000120401D165461BE03846654615F03AF84D
:10755000B88A2044B882388B20443883F88A304473
:10756000F882788B30447883384615F02BF821B2B6
:1075700032B23846002315F0B8F8E87800F001017F
:10758000174C0EAE49B10599012906D1BDF834104A
:107590001B9A1144AAEB01010AE007994846884763
:1075A0001B990844BDF83410084400EB0A01E87840
:1075B000ADF83610C0F380010998324602F03AFA6D
:1075C0000E990746DFE6FEE70FB0BDE8F08F00BF7B
:1075D000CBB6000897B6000819B7000823B7000813
:1075E00001000600B0B51C46136801333C2B136044
:1075F00005D1002313600B6801330B6000E00B68BA
:107600003C2B07D100230B6005686B1C0B2D09DC9C
:10761000036000E003680C2B03D1106808B9086808
:1076200048B1B0BD0C21B3FBF1F101EB4101A3EB7B
:1076300081010160B0BD08492046F8F7B1FF20B1D3
:107640000020A07044F6505003E00020A07044F6E3
:1076500041502080B0BD00BF435A0308022A23D9FD
:10766000B0B5FCF7AFFC2344C0F3C42400F01F0006
:107670003F2B28BF3F232C441F251F2C28BF2C46FF
:10768000E40244EA431301F01F0420441F2838BFDA
:10769000054643EA0500FF2ABDE8B04003D080B2AA
:1076A00089B207F027B8014608467047022A21D957
:1076B000B0B500F01F0301F01F04C1F3C4256343FC
:1076C000C0F3C424C0F345106C4324F01F04A4018C
:1076D00044EA5313C1F3451460436FF01F0404EAF6
:1076E0005000FF2A1844BDE8B04002D089B207F02C
:1076F00001B8014608467047022A1ED9B0B5FCF70A
:1077000061FCE31AC0F3C42400F01F002C1B23EA21
:10771000E37324EAE474E40263F34A1401F01F0300
:10772000181A20EAE0702043FF2ABDE8B04003D0D9
:1077300080B289B206F0DEBF0146084670477CB5CC
:1077400004460EF0D3F9054620460EF0B9F9064678
:10775000284613F0BAFB04460A2E09D02B2E48D136
:10776000618D2046002202B0BDE8704018F0F0BFE5
:107770000FF090FE10B1007901283AD001A92846F7
:1077800013F004FC94F82C0010F00C0F13D02846D2
:1077900013F00FFB0546022095FBF0F006B22046E1
:1077A00013F0F2FFBDF90410012814BF8819701AF4
:1077B00090FBF5F00BE0284613F0E7FA0221BDF943
:1077C000062090FBF1F102FA81F191FBF0F0010447
:1077D0004FF0000558BF05B2668D204629460122AC
:1077E00018F0B6FFB54204D020461C2100220EF04E
:1077F00081F97CBD002141F6FF7230F81130013172
:107800009342FAD1481E704790F8542002F00103C9
:107810008B4224D0E0B5002918BF012102F0FE02FE
:107820001144426A80F85410B0F84810938AD28A02
:107830001944ADF80010B0F84E101144ADF8061020
:10784000B0F84C101944ADF80410B0F84A101144C7
:10785000ADF80210694614F0C2FEBDE88C407047D6
:1078600088B2114606F0BABE2DE9F04F9BB00F4624
:10787000C9780329C0F0C581B7F920400590108868
:1078800051889388D288022CADF86400ADF8661058
:10789000ADF86830ADF86A201BDB97F82240FD2C6C
:1078A00017D33C88ACB197F82340C4F34005521B72
:1078B000ADF86A20C4F300129A1AADF86820C4F338
:1078C00080021144ADF86610C4F3C0010844ADF85D
:1078D00064000598826817A819A9FDF7D4FB002851
:1078E00000F08F81F87B0DF1640910F007064FF06E
:1078F000060008BF04203D5A7C89484608F02AFE4D
:10790000804610A81C21F8F721FEB878B5EB040AD0
:10791000ADF848508DF8590018BFB2463888B8F114
:10792000000F05D15FEA0A6108BF002800F0378127
:10793000BDF86410BDF8682004B207F1060C511AB6
:10794000BDF86A2001310FFA81FBBDF86610511AAB
:10795000002201310FFA81F9CB454946B8BF59469B
:10796000B4EB610FA8BF4C100025012CB8BF012259
:10797000BDF85C10BDF86000431A01331EB2FB78FD
:107980002746FC2B88BF4FF0FF3303936FEA0803B1
:10799000134218D13046CDF810C011F07DF922B253
:1079A0000AAC054619A90023204609F0D7F920465C
:1079B000002108F00BFC0290DDF810C0BDF860005B
:1079C000BDF85C1002E04FF6FF720292ADF82400A1
:1079D000FF20ADF82010139559464A468DF85800FF
:1079E00008A81590109060460EF0C4FBCDF804A0D6
:1079F0005FFA8AFABAF1020F0AD148B18268BDF97A
:107A00005C1002EB4102BDF96410A2EB410111913F
:107A10000399B8F1000F04905FFA81FB22D0BDF901
:107A20005E7010ACBDF96200874200F3D580284635
:107A300059463246ADF82670ADF8227011F061FA61
:107A4000FBF7AEFF012808BF02208DF85000BAF105
:107A5000010F01D1FCF71FFC059821460AF0F1F84F
:107A60000137DFE74FF000093946894555DABDF89F
:107A70006600484404B2BDF86A00A0EB09000FFAA2
:107A800080F8BDF95E00844203DABDF962008045EA
:107A900040DCFCF7D4F8BDF92010284622463346D6
:107AA00008F018FD012808BF02208DF85000BDF92C
:107AB0005E00844213DBBAF1010FADF82640ADF849
:107AC000224008D10499BDF966008968201A31F86E
:107AD0001000ADF84800059810A90AF0B2F8BDF9F9
:107AE00062003946804515DCBAF1010FADF82680F9
:107AF000ADF8228009D10499BDF966008968A8EB28
:107B0000000031F81000ADF84800059810A90AF0FF
:107B100098F8394609F10109A7E7BDF86400ADF806
:107B20001800BDF86800ADF81C00BDF866000844F8
:107B3000ADF81A00BDF86A00401AADF81E0006A89C
:107B400008F008FD814610B90198000631D00120E7
:107B5000BDF96A103A460DF140088DF850000398BF
:107B60008C1A8DF85800BDF966000744A74233DC33
:107B7000B9F1000F05D0FCF762F8FBF711FF8DF8A3
:107B80005000BAF1010FADF82670ADF8227001D1A6
:107B9000FCF781FB0598FBF75CFE0137E6E7F87818
:107BA000CDF840908DF8580010A905980AF049F8D2
:107BB00027E003988DF8580000201390BDF8660068
:107BC0003844ADF82200BDF86A00C01BADF82600AD
:107BD00010A905980AF035F815B1284611F0ACF84F
:107BE000029A4FF6FF71049C90B2884205D010B201
:107BF00009F0C2FA0AA808F091FC14B120460EF070
:107C0000B1FA1BB0BDE8F08F2DE9F04F91B080467E
:107C10000869002800F00881887E8A460328C0F0A1
:107C200003811646D8F808200FAC20463146FDF7F0
:107C30002AFA002800F0F880D8F80890C8F8084020
:107C4000DAF810000FF01AFC02284DD1DAE904121C
:107C50004FF0000B41F6FF700023CDE900B0CDF8E6
:107C600008B00EA819F02EFE3488B788BDF9381078
:107C700002256FF00100BDF93A203F1B91FBF0F3A4
:107C800092FBF0F001373FB297FBF5F73C442344F9
:107C90001944ADF83030F3880139ADF834107188EB
:107CA0005B1A01331BB293FBF5F319440844ADF89A
:107CB000320010440138ADF8360004AC204608F01C
:107CC000FFF9DAE9043021460490BAF81800ADF85B
:107CD0001C009AF81A00CDF800B08DF82A000CAA02
:107CE000404607F07DFF9DE0DAF810000EAC21461B
:107CF0000EF05CFF012840F0958004A807F05EFFBD
:107D0000BAF818009AF81A109AF81C309AF81B2042
:107D1000ADF818009AF802008DF81B109DF81C10A1
:107D2000002B8DF81A2000F00F0001F0F00108443C
:107D30008DF81C0044D09DF83B00BDF839107288C6
:107D4000651C41EA0040ADF8322004AF0CAC02EBF8
:107D50005033410B013BADF83630B6F9063012B264
:107D60009A425FDC3288C0F38A031344ADF83020B6
:107D7000013BADF83430B6F9043012B29A4216DC49
:107D8000DAF8103040463946224607F0E5FD2888EB
:107D9000BDF83020BDF83430C0F38A010A440B44EA
:107DA000A978ADF8302040EA0140410BE1E7BDF889
:107DB0003220BDF836300A440B44ADF83220CAE711
:107DC0009DF83B00BDF839107288F48841EA004004
:107DD000A2EB9033A21A0224013212B292FBF4F207
:107DE0001A44DAF8103002EB5030ADF83220B28885
:107DF0000138ADF836003088121A013212B292FB07
:107E0000F4F21044C1F3C902C1F38A01801AADF83B
:107E1000300008440138ADF8340004A90CAA4046EB
:107E200007F09AFDC8F8089011B0BDE8F08F2DE971
:107E3000F04FA5B00D9008461C4617468B4608F03B
:107E400089FB309EDDE92E98054610B959EA0400F9
:107E500029D00D98594682681CA8FDF714F900280E
:107E600000F07A820A97BDF87060BDF874701EA8A1
:107E70001C2111F072F8B81B01300FFA80FA50463D
:107E800010F00AFF012CC8462190089535DB16AD8D
:107E9000594622460023284608F060FF2846002164
:107EA00008F094F92BE01EA81C2111F056F88DF86B
:107EB0009060ADF8808016A8B7F90240BBF9025077
:107EC000BBF90060BBF904A0B7F90410BBF9068048
:107ED000B7F90020B7F906901E90601EADF85CA0BF
:107EE000ADF85860ADF85A500C91A542ADF85E005F
:107EF00040F38781404649468EE14FF6FF700A9E67
:107F00000DF140090690DDE92F574246012348460E
:107F1000314608F023FF4846002108F057F9079042
:107F20000EA8BBF900C0BBF904E0B6F900808DF8DB
:107F30009070ADF88050B6F90470BBF90230B6F914
:107F40000290B6F9061023901E9031980CEB0405B0
:107F5000AEEB04068DF89100BBF906004545D8BF8D
:107F60004546BE42A8BF3E460B91021B0C901846E8
:107F70008A42A8BF0A46099318194845D8BF4846FF
:107F80000899B1B30146BDF87000BDF972700D9C3F
:107F9000099E0FFA82F80DF1780B0DB2ADF838009A
:107FA000BDF87400ADF83C00BDF9760087423EDCB8
:107FB0004E4501DDAF421ADBDDE90B10884201DAE4
:107FC000474534DC21985146ADF83E70ADF83A7023
:107FD00010F0ECFFBDF9701021983AB2534608F04A
:107FE00079FA8DF888002046594609F02AFE0137B3
:107FF000DAE70897CDE90280C445CDE904E2CDE98E
:10800000005C22DC0898774686451EDB09984845C7
:108010001BDCDDE90B10884217DB701B013000B25E
:10802000312812DC012000258DF8880038E010A8E6
:1080300008F074FA079809F09FF8069C4FF6FF7154
:10804000A0B2884240F07F8183E101208DF8880052
:10805000099848450EDC0998ADF83C60ADF83850F9
:10806000ADF83A00A9F10100ADF83E001EA9FBF7FA
:1080700067FC059ADDE90B10884210DBBBF80600AF
:10808000ADF83C60ADF83850ADF83E000A98C088B5
:108090000130ADF83A001EA9FBF752FC059A012504
:1080A000DDE90178474511DC0398ADF83E20ADF8D5
:1080B0003A00BBF80000ADF838000A980088013893
:1080C000ADF83C001EA9FBF73BFC059A0498089903
:1080D00002960A9E88420FDB0398ADF83E20ADF869
:1080E0003A00BBF80400ADF83C00B0880130ADF8B0
:1080F00038001EA9FBF724FCBDF87000BDF8741011
:10810000ADF83800ADB3009A09B212B2013A8A4212
:10811000B8BF1146ADF83C1047F6FE720D9DDDF874
:1081200020B0081A81B2914200F2C98001304FF0AC
:10813000000A474504B2D8BF4FF0010A0998C8BFEA
:10814000484500F39C800398BDF972600DF1780BEF
:1081500007B2BE4280F293802198FBF744FEFBF702
:10816000E4FC8DF888002846594609F06AFD01367E
:10817000EFE7ADF83C10BBF90200B6F902100DF1C3
:108180007808081AA042A8BF044624B20026A642D6
:1081900080F2D280BBF80600801B07B2BBF8020059
:1081A000304405B2BDF97200854203DABDF97600AC
:1081B000874224DC2198514610F0F8FEBDF93810B2
:1081C00021982A46534608F085F98DF88800BDF9B4
:1081D0007200854207DB0D984146ADF83E50ADF880
:1081E0003A5009F02EFDBDF97600874207DC0D9864
:1081F0004146ADF83E70ADF83A7009F022FD013607
:10820000C5E71EA90D980B96164609F01AFD3246D1
:108210000B9EBBF80600F9880131ADF85E00ADF8A1
:108220005A10C84506DB1EA90D98914609F009FDB4
:10823000F8884A46ADF85E00BBF80000ADF858007B
:1082400038880138ADF85C003846A542C8BF5846AA
:1082500096424088ADF85A0002DC1EA9FBF770FB7D
:10826000BBF80400ADF85C00B8880130ADF85800E8
:108270000C98824570DB1EA9FBF762FB6CE0DDE920
:108280000B2100209142A8BF0120DDF820B040EA78
:108290000A00012813D105981EAF06B2BDF9760079
:1082A00086420CDA21980136FBF79DFDFBF73DFC79
:1082B0008DF888002846394609F0C3FCEEE702999C
:1082C000BDF97020BDF8740009B2ADF83C00013171
:1082D0009142C8BF0A46ADF83820801A013004B276
:1082E000012C29DB04984FF0000A5845A8BF4FF035
:1082F000010A0D9D33DA0998484530DDDDE90B218F
:1083000000209142A8BF012040EA0A00012813D1B1
:1083100005981EAD06B2BDF9760086420CDA2198AA
:108320000136FBF760FDFBF700FC8DF888000D9827
:10833000294609F086FCEEE710A808F0EFF8079848
:1083400008F01AFF069C16A808F0E8F820B208F01A
:1083500013FF219810F0F0FC25B0BDE8F08F0398D2
:10836000BDF972600DF1780807B2BE42C6DA2198F5
:10837000FBF739FDFBF7D9FB8DF888002846FBF7A2
:1083800068FA0136F1E72DE9F04790B007464FF65D
:10839000FF70824246D07C6A91468846B4F820A09D
:1083A0009A4504D0608C238440F004006084204609
:1083B0004FF4802113F046FD054620464FF48021FE
:1083C00013F07EFD06462D89384601F0A6FA796A3B
:1083D000C08A8A8A098BADF838206FF00102ADF8A7
:1083E0003C10A9196D4696FBF2F201FB09221044DC
:1083F000ADF83A0008440138ADF83E00284608F0D0
:10840000E1FE20464FF480212A4613F0B3FF0EAA66
:108410004046294608F0C2FE608CA4F820A020F057
:108420000400608410B0BDE8F0872DE9F0438DB002
:1084300007464FF6FF7082425AD07D6A164688463C
:10844000B5F82090994504D0688C2B8440F0040046
:10845000688405AC204607F033FE28464FF480219F
:10846000224613F0E9FE28464FF4802113F028FD40
:10847000ADF82600384601F050FAC8B3A98A07467D
:1084800005986FF00102ADF80C10298B0089ADF84A
:108490001010BDF92610084491FBF2F1FA8A11443C
:1084A00000FB06110844ADF80E10D8F8081001388A
:1084B000ADF8120001AE03AA3046FCF7E4FD88B126
:1084C000D8F808403846C8F808600FF0DCFD0346CD
:1084D000002007F11402009005A9404607F080FB38
:1084E000C8F80840688CA5F8209020F00400688443
:1084F0000DB0BDE8F08370B505460DF0F7FA0446FF
:1085000028460DF0F1FA0546406BB0F5A02F45D195
:10851000A86B062805D82869002180F82210C170B0
:108520000FE081B22046402204F0FAF948B1D5E9C3
:108530000406002180F82210C170122015F0AAFC58
:10854000B081298F20464FF4004204F0E9F988B148
:108550002E696620F070204618F01EFFB08020467D
:1085600004F0DCF9A96B814205D12969B222CA70F5
:10857000014600E0A96B89B220464FF4804204F026
:10858000CFF958B12E69FF2086F82200204618F056
:1085900003FFF0832869018C0131018470BD000064
:1085A0002DE9F04FAFB0049111460646089201F054
:1085B0008BFB0746008947F6FE71084260D001B286
:1085C000002904D4398811B97988002958D0F9884C
:1085D0006FF3DF3001386FF3DF3100FB01FABAF1DE
:1085E000000F4DD03046002113F044FA079030467A
:1085F00013F00FF90690304612F0DBFB8046B6F818
:108600008400059025AC204607F05AFDFBF72BF9B6
:10861000B6F81490304612F0DDFC08998346B7F99D
:10862000080002290CD0B0F1FF3FCFBF0020304638
:108630004FF4C02113F0C9FA0390F08A451E22E0DE
:10864000B0F1FF3FCFBF002030464FF4C02113F000
:10865000A6F90390708B013005B204988068B0F9D8
:1086600006108D420CDC259A0399B0F90200B2F98C
:10867000082029441144B7F900201144814202DA4C
:108680002FB0BDE8F08FDDE9061008444844A0EBA8
:108690000B0B059800FB08F00DF18A08040A404610
:1086A00007F088FD30464FF4C021424613F010FE1B
:1086B0004FF00009CDF88E9010A8049911F088FFB2
:1086C0000220CDF858801E90062012908448119008
:1086D0004FF4C0201D9025A8159096F8880000F052
:1086E0000700022816D1304600214FF0020813F08F
:1086F000A0F9B6F88410B6F88220484321B201EB05
:10870000202191FBF2F109B2A1EB2020241A90FB69
:10871000F8F083440898ADF8BA504FF000080238DA
:1087200018BF012006EB400000F17801743005907D
:1087300020B206910790D045A2D8BDF98C000799C8
:108740005C46081A00FB08F0B0FBFAF05844ADF89C
:10875000B800ADF8B400F8882DA91A912EA96FF3CE
:10876000DF301991B8FBF0F101FB108B3846BBF1FB
:10877000000F18BF023008990088022918BF404234
:10878000BDF8BA100844ADF8B60096F8880000F0BD
:10879000070003280DD1059800215246B0F900309A
:1087A0000698B0F900000090404610F02DFA0346FC
:1087B00004E0F8886FF3DF30B8FBF0F3BBF1000F93
:1087C000209304D1B7F90800B0F1FF3F2DDDCDE9CA
:1087D0001B99CDF8549030461A2110AA0DF08AF951
:1087E0000225BDF98C00BDF9B810B6F9142090FB34
:1087F000F5F001FA80F191420EDBBDF9B41000B240
:10880000081AB6F91810884206DC04982EAA0DF151
:108810008A012DAB07F0C2FC30461B2110AA0DF0D7
:1088200069F908F10108A34685E70CADE14A10217A
:10883000284616F0A5FC10201A21CDE91B5025A8CA
:108840001590304610AA0DF055F9BDF9A6001B99F8
:10885000259ABDF9A830009041F6FF70CDE90109D5
:108860000BA819F02FF8BDF92C0002256FF00103B9
:10887000BDF8B42090FBF5F190FBF3F0089B114498
:108880001044BDF8B620022BADF82810ADF8240036
:1088900009D0039BD21ABDF82E30ADF82A20D21A87
:1088A000ADF8262008E0039B1A44BDF82E30ADF841
:1088B00026201A44ADF82A20B6F9142009B29142B4
:1088C0008FDBB6F9181000B288428ADC1B9B049833
:1088D000CDF8009025A909AA07F082F981E700BF29
:1088E000445303082DE9F04FB5B0089111460646F0
:1088F000079201F0E9F90746008901B2002905D481
:10890000398819B97988002900F04F816FF3DF3079
:108910000228C0F04A81F98801386FF3DF3100FB8B
:1089200001F8B8F1000F00F04081304612F071FFFD
:1089300081463046002113F048F98246304612F055
:1089400024FA8346B6F88650F48A304612F004FCC6
:1089500001460798CDE90BA9CDE9095BCDE90414DF
:108960004FF4C0210028304606D013F0D0F806900E
:1089700006F11800012106E013F07CF8069006F1DC
:1089800014004FF6FF710DF1C2090588B7F800B069
:10899000B7F802A00391484607F00CFC30464FF4AC
:1089A000C0214A4613F094FC28AC204607F088FB0F
:1089B000FAF759FF16A8089911F00AFE0620079940
:1089C000CDE91B4918907A482491012917904FF45A
:1089D000C020239018BFCAF1000ACDF834A018BFF8
:1089E000CBF1000B0398CDF838B04FF0000A4FF0F0
:1089F000000B05EB0009DDE90B2045461044059A04
:108A00001044049A801A0C90DDE90920504340F389
:108A10000F2000290B90084618BF012006EB4000EC
:108A200000F170016C300A910990C34500F2BD80DD
:108A3000F88833A9209134A90B9A1F91BDF9C4106D
:108A40006FF3DF30511A0C9A01FB0BF1B1FBF8F117
:108A500011444246ADF8D210ADF8CE10BBFBF0F198
:108A600001FB10B4DDE90D01002C08BF0846ADF88C
:108A7000D09048440021ADF8CC000998B0F90030FE
:108A80000A98B0F900000090284610F0BDF8269032
:108A90002CB90346B7F90800B0F1FF3F2DDDCDE951
:108AA00021AACDF86CA030461A2116AA0DF022F8A2
:108AB000BDF9C4000221B6F9162090FBF1F0BDF912
:108AC000D21001FA80F191420EDBBDF9CE1000B256
:108AD000081AB6F91A10884206DC089834AA0DF173
:108AE000C20133AB07F05AFB30461B2116AA0DF02A
:108AF00001F8013D0BF1010B97E712AC2D4A102153
:108B0000204616F03DFB10201A21CDE9214028A86F
:108B10001B90304616AA0CF0EDFFBDF9B20021996A
:108B2000289ABDF9B430009041F6FF70CDE9010AF2
:108B300011A818F0C7FEBDF9460002216FF001032D
:108B4000BDF8CE2090FBF1F190FBF3F0079B1144B0
:108B50001044BDF8CC20ADF84210ADF83E003BB15A
:108B6000069B1A44BDF84430ADF83C201A4407E097
:108B7000BDF84430069C2344D31A121BADF83C3098
:108B8000ADF84020B6F9162009B2914290DBB6F953
:108B90001A1000B288428BDC219B0898CDF800A007
:108BA00028A90FAA07F01CF882E735B0BDE8F08FBE
:108BB00044530308555A0308F8B504460EF06AFCFE
:108BC00048B1006882680AB1217A9047207E810707
:108BD0005BD4C0075BD166680021304612F024F9EF
:108BE0000125F0B10168B1B190F90820B2F1FF3F61
:108BF00011DCD2B2802A04D0237A02F07F029A429A
:108C000009D14068E06020468847207E81073CD437
:108C1000C0073CD166683046294612F005F9013597
:108C2000DFE700202146002512F048F880B3064611
:108C3000054600276068394612F0F6F8A8B10168C9
:108C400089B190F90820002A0DD4D2B212B1237A4A
:108C50009A4208D14068E06020468847207E81071C
:108C600013D4C00713D10137E4E786B160684168C7
:108C700071B1227E52070BD4227A233A022A09D2FA
:108C800020466160FFF798FF08B1012500E000254C
:108C90002846F8BD4FF4804113F037FA0028F7D08A
:108CA000207A11381B2805D8012101FA00F0034968
:108CB0000842EDD160684168E2E700BFFF270F0B73
:108CC000F0B5DDE905C4C1B1022515EA10271D463E
:108CD00008BF2546042616EA10262E460CBF664617
:108CE0006546002F08BF1C46030A062717EA102F07
:108CF00008D0DB070AD101230DE022708CF8002098
:108D00001A70F0BDDB0705D1012300E000232746E0
:108D1000344601E00023374681F0FF063A7056439F
:108D2000360A2E7013B1030603D04042C0B2484346
:108D300000E0080280F47F40000A5043000A2070DF
:108D4000F0BD09680068401AB0FA80F04009704729
:108D500040680A6820F04040904238BF0860002018
:108D6000704700002DE9F04F85B0019392460D4603
:108D7000814613F0F4F80446484612F080FDE97885
:108D8000DDF83CB08A070DD5CA0703D042F2D17393
:108D90009C4204D032B942F2D172904202D101F029
:108DA000FD01E9700020DDF83880ABF80400CBF855
:108DB0000000CBE90200CBF8100011F001007B4964
:108DC0007B48024608BF0A46039208BF014602914B
:108DD0004846514611F086FF764F04465646CDF878
:108DE00000A0002C00F0B080564507D020464FF47C
:108DF000000113F08AF9002840F0A6802046394689
:108E000013F087F9002840F09080204612F026FDEC
:108E1000002866D0BBF804100746DBF81000414478
:108E20000130ABF804109BF81410CBF81000C90700
:108E300068D000EB8000A84680000FF02DFF0028CE
:108E400000F08180DBF80C10054671B1DBF81000F2
:108E50006FF0130200EB800002EB800228460FF057
:108E6000B5FFDBF80C000FF067FFDBF81000022203
:108E700000EB800005EB800040F8144C98F80300EC
:108E8000C00708BF05222046002112F0E5FEDBF8EE
:108E90001010032201EB810105EB810121F8100C78
:108EA00098F80300C00708BF06222046002112F0F0
:108EB000D3FEDBF81010DDF800A001EB810105EB1B
:108EC000810111F8042C41F8087C21F80E0C02F005
:108ED000FE0201F8042CCBF80C504546DDF8388032
:108EE00010E0029920468847EA78BBF80410920700
:108EF00004D50AB2019B02449A4225DC404408444E
:108F0000ABF804000399204688470146BBF90000EE
:108F1000814202DD039920468847ABF80000DBF868
:108F20000800244F0130CBF80800E87840074FF0E4
:108F3000FF3058BF0120361806D44846314611F09C
:108F4000D1FE04464DE7FEE7BBF904000496012874
:108F5000A4BFA0EB0800ABF80400DBF81010002958
:108F6000019908BF0146ABF80210DCB1564519D192
:108F7000D9F80800006850F82A40E87804AAC0F33D
:108F80008001484600F056FD64B1039920468847A9
:108F90000299ABF80000204688470121ABF8020097
:108FA000CBF80810049805B0BDE8F08F99C001080F
:108FB00053AE0108010006002DE9F04F95B0B04D09
:108FC000B04E002104466A88B047062100F0010730
:108FD0000890AA8801EA5001C819002180F0010018
:108FE00005908DF853002046B047EA888DF8500070
:108FF00020460021B0472A898DF8510020460021E3
:10900000B04709908DF85200204687F0010A12F00F
:10901000ADFB0A9020466FB912F0B5FD0B902046CB
:1090200012F0F9FC8346204611F0C3FE81460DF193
:109030004E080CE012F0EFFC0B90204612F0A3FD5E
:109040008346204611F0A1FE81460DF14C082046D2
:1090500000213222B0470746E58A2046002110222F
:10906000B047E9190D18204612F086F8281AA58A8B
:1090700000211222ADF84E002046B047E9190D1824
:10908000204612F071F8281AADF84C00204612F074
:1090900066FF0546204612F0F2FBBAF1000FCDE95B
:1090A000060508D0014642F2D170814203D1608C9E
:1090B00080050AD51AE0BAF1000F08D142F2D1704A
:1090C000854204D1608C400501D400200990BAF19A
:1090D000000F0BD10A98012808D10998C0B268B1D5
:1090E00001280DD10026ADF84A6005E00998002658
:1090F000ADF84A60000606D1059D41E001200990C7
:109100000020ADF84A0008980DF1300AC0B20007FF
:1091100051BF0022A0684068421E14AD00260027FF
:10912000002A13D4A068406882420FDA9DF84400F8
:1091300029464B4600F0FE00FAF798F902460B98D4
:10914000BDF83010013730444618E9E7002F0B987E
:1091500018BF361A9DF85350E80703D1204611F086
:1091600028FE02E0204611F010FE01460DF14A00F3
:1091700032B23BB2CDE900800998C0B219F038F89C
:10918000680751BF0027A0684068471E0A98012859
:1091900008BF15F0010004D1B8F800003044A8F869
:1091A0000000BDF84A200B980DF1300A10440992D6
:1091B0001146089014AE002F4FD4A0684068874233
:1091C0004BDA9DF8440031463A464B4640F00100E8
:1091D000FAF74CF905460A98012820D19DF853006A
:1091E000C0071CD1B8F80000BDF830103A462B4635
:1091F000401AA8F80000BDF94C00BDF94E10CDF89A
:1092000010A08DE8030A20463146FEF723F80F9898
:109210000FF092FDB8F800000899401A19E0BDF966
:109220004C00BDF94E103A462B46CDF810A08DE803
:10923000030A20463146FEF70DF80F980FF07CFD2B
:10924000BDF830000B99084409990844B8F800109B
:109250000844A8F800002F46ADE7079942F2D17004
:10926000814202D00699814202D1204613F0CAFC05
:1092700020462B21002215B0BDE8F04F0CF03ABC7F
:10928000C001002059BC01082DE9F0470446007FC9
:10929000C00760D1E568914688464FF0010A002674
:1092A0000DB1294611E0207F000706D4B6FA86F0FA
:1092B000400910EA0A0F03D14DE05FEACA704AD0B4
:1092C0002046C04701464FF0000A16B900290E4655
:1092D00041D02DB12046C8470546B04201D13AE001
:1092E0000D46002DDCD0286812F008FA0006D7D40D
:1092F0002F687FB13846012112F007FF20B93846A8
:1093000011F0E3FD0746F4E73846012112F0FDFEB7
:109310000028C5D1E06885421DD050B10668FAF733
:10932000C2FB02463046FAF75CF9012813D1F9F77F
:10933000F7FFE56020462D6800F045FAFAF718FEC1
:10934000012808D1F9F7ECFF216909B120468847C7
:109350000120BDE8F0870020BDE8F08790F83420B8
:10936000818CC2F34102022A04D0012A05D00ABB33
:10937000008D00E0C08C01441CE010B5428D838D4F
:10938000934238BF03F5B47302FA83F2022392FBCF
:10939000F3F2C38C008D0446984238BF04F5B474D0
:1093A00024B2A242A8BF10469A42C8BF1846014440
:1093B000BDE8104008B270472DE9F04F8BB0069120
:1093C00009A9044611F009FD204612F065FE824607
:1093D000204611F03EFD0190204612F066FB0D275D
:1093E0000D2105900D28B8BF01462046049112F0CA
:1093F000A9FB0646204612F003FC05460D28204630
:10940000A8BF3D4612F0E6FA8346204612F0C9FB9B
:109410004FF0020990FBF9F100F00100013100FA70
:1094200081F82046B8F10D0FA8BFB84612F007FB2F
:1094300090FBF9F100F00100013100FA81F9B9F176
:109440000D0FA8BFB9460D2EA8BF3E46AAEB0600D9
:10945000039602380290BBF10D0FB8BF5F4601982A
:10946000BB460026C01BA0F1020A218E8E423AD2D2
:10947000A06A059A5F4630F9361000EBC6009142AB
:10948000049AC8BF4A46BDF824309A1A1144ADF870
:109490001C10B0F90210B0F90420B0F906008245A2
:1094A000C8BF47463844BDF826703844ADF822009E
:1094B000029890420398C8BF484610441844ADF83B
:1094C000200028B281422846C8BF40460022081A20
:1094D0003844ADF81E0007A80699FBF7B1FE08B99D
:1094E0000136C2E7218EB0B2814208BF4FF6FF704D
:1094F0000BB0BDE8F08F2DE9F8430D46064600207D
:109500001C461746002118808F4206D0326B32F875
:109510001120013110442080F6E7304612F042F964
:109520008046304611F020FE2188B8F1010F15D198
:1095300008442080304612F0AFFD8046B4F8009019
:109540003046002112F019FB4844316BA8EB0000B3
:10955000A08031F81710401A20800EE0081A002170
:109560002080304612F0BAFA21880844316B2080FE
:1095700031F8171008440138A080002000216080D5
:109580008D4206D0F26A32F8112001311044608019
:10959000F6E73046002112F053FB618808446080F2
:1095A000304611F0E9FD6188081AF16A608031F8EF
:1095B000151008440138E080BDE8F8832DE9F84F24
:1095C000894600219046064612F062FA82463046ED
:1095D000002112F0AAFA00EB0A073046002112F02F
:1095E00002FB83463046002112F0E7F9054630467B
:1095F00012F052FDC41B30465D4411F02AFC401BA2
:10960000844203DA304612F047FD03E0304611F0A1
:1096100020FC2F46C01B0221F28A90FBF1F0B18A98
:10962000B8F1000F51440144A9F800100BEB000100
:109630001144A9F8021018BFA8F80000BDE8F88F7F
:109640000A494A88002112F007BB00BF80B50749CC
:109650000A8AFAF74CF8C0B280BD00BF80B5034952
:10966000CA89FAF744F8C0B280BD00BFCC0100201F
:10967000032938BF013800EB90036422B0FBF2F2FB
:109680009A1A4FF4C873B0FBF3F0032938BF0C31BA
:10969000C1EB411110443E390C22B1FBF2F10844F8
:1096A00007210130B0FBF1F1C1EBC101401A704755
:1096B00069B3FEB505690C46696921B10868A04225
:1096C00001D14868FEBD688A142200236FF35F2031
:1096D00000EB800002EB800203F11406B24218D0C6
:1096E000AF68F8583B449B88201A98423346F3D819
:1096F000BA1912F8021C032934D8DFE801F0020C71
:10970000051F52F8081C085C32F80E1C14E00020FB
:109710007047002028E0ADF808001648F9F7D6FE9B
:1097200002A8FCF724FFE8B1A968314451E90323FA
:1097300031F80E1C801A185A084414E0ADF80A00DB
:109740000C48F9F7C3FE0DF10A00FCF710FF48B111
:10975000A968314451F80C2C31F80E1C801A01EB29
:10976000600000E0002069690029ABD0C1E9004039
:10977000FEBD00BFAB5D02082DE9F0410D46044679
:1097800000F0CBF8D8B1B0F816800021064612F0F0
:1097900059FB07893046002112F092FB0223C119C0
:1097A000A5EB080290FBF3F009B21044A28E00B2C0
:1097B00090FBF1F081B2914228BF501E00E00020E2
:1097C00080B2BDE8F081F8B50546002000240DF018
:1097D00065FE0646002796B130460DF099FE716D84
:1097E000A94207D1042803D00228374602D10EE04F
:1097F0003446374630460DF051FE0646EBE73CB99D
:109800003C462FB90020BDE8F8400DF047BE344675
:109810002046F8BD2DE9F843044608460D4611F0F0
:109820008BFF022190FBF1F6284612F029F906EB96
:109830000009284612F071F98046284612F0CBF94B
:109840000746284612F0B1F8A98A2A8D6B8D30445C
:109850001144A1EB09022280EA8A1A441044E080F4
:10986000B8190844A08008EB0600101A6080BDE813
:10987000F8832DE9FE4F02914FF400311C469146CA
:10988000064611F060FF022190FBF1F53046FFF72C
:1098900065FD07465A3000B217F0EEFF83463846A2
:1098A00017F0EAFF019030464FF4403112F0F0F823
:1098B000804630464FF4403112F037F9A9EB050AE3
:1098C00028441BFB0AF14F004FF4403100EB2749BD
:1098D000304612F088F9834630464FF4403112F09A
:1098E0006CF8029B198809EB0102A28005EB0802C3
:1098F000C2EB274211442180019911FB0AF105EBCB
:10990000D13210445A881044E08005EB0B00C0EBC4
:10991000D13010446080BDE8FE8F406A10B1002154
:1099200011F0E0B900207047002111F0DBB9F8B563
:109930000446408C0D460022C0F3C501C900914287
:109940000AD0E36813445E68F70103D526F07F462A
:10995000AE4238D00832F2E7F9F76CFEE060A0B111
:10996000618C6FF00F02C1F3C50102EBC106013932
:1099700061B18219D3799B0708D1805953680139A5
:10998000083EC2E90203E068F2E7FEE7304408213E
:1099900008300FF0E2FA08200FF050F9E168314486
:1099A000886015F038FEE0683044C16841F080718D
:1099B000C160E0683044C16865F31701C160E068C8
:1099C000304400F108031868F8BD4FF0FF32012958
:1099D000B8BF0138B8BF0B2211440B29C4BF0130F6
:1099E0000C39012903D181070FD000201FE0072087
:1099F00091FBF0F0A0EBC0000844C1B200EBD11124
:109A000021F00101081A1F3012E06421B0FBF1F2CD
:109A100002FB11014FF4C872B0FBF2F3002918BF2A
:109A2000012103FB1200B0FA80F0400908431C300A
:109A3000C0B27047136821B1591E11600BDB8068FA
:109A400005E0591C806811604268914203DA0068A1
:109A500050F821007047002070472DE9F843064672
:109A6000C0F15A0098461546A1EB520400B217F017
:109A700003FF04FB00F730464FEAE71917F0FCFE3E
:109A800005F0010104FB00F26808802F81F001015C
:109A900007DBA9F17F030C1A00EB232604EB232339
:109AA0000AE04FF6FE7609F17F042E43C0EB242333
:109AB000064406EB2424661CD711A8F80460A8F815
:109AC0000030802A07DBA7F17F0300EB2322081A6E
:109AD00000EB23210AE04FF6FE7307F17F022B43D0
:109AE000C0EB2221184400EB2220421CA8F80620DB
:109AF000A8F80210BDE8F88346498A88002112F0D0
:109B0000ABB800BF2DE9F04F8BB00493DDE91543EE
:109B1000079212894FF0000E069023440393DDE96B
:109B200017432344848C03EB0208059304FB01FBD9
:109B30001FFA8BF1099109991FFA8BF311FA84F13D
:109B4000994252D9866A56F82320002A48D0076BDA
:109B50001FFA8EFCA1B208944FF000094D1E37F891
:109B60001C401CFA89FAAA450FDA1FFA89F1194438
:109B700056F8211049B10978C90706D007EB4A0108
:109B800009F1010949880C44EBE7107880071BD4E0
:109B900003981499201A00B2CDE900100020511C3E
:109BA00002900AA8079A049B17F08CFEBDF92A00C0
:109BB00005990FFA88F8CB44D64608444045C8BFFB
:109BC00080460698848C0BE007980599B0F9080048
:109BD00008440FFA88F18842C8BF80460698089C5E
:109BE0000EF1010E0BF1010BA5E70FFA88F00BB097
:109BF000BDE8F08F80B507498A89F9F778FDC0B2D2
:109C000080BD00BF80B503494A89F9F770FDC0B235
:109C100080BD00BFCC0100202DE9FE430C46002191
:109C2000054612F016F90646F9F78CFCB6F908104D
:109C3000B0F908004FF00208084490FBF8F72846F6
:109C400012F04BF907446FF00101EE8A38B290FB35
:109C5000F1F9284611F0FDF890FBF8F03044484443
:109C600060803844E08001A9284611F0B6F8BDF8BC
:109C700004002080BDF80800A080BDE8FE83F0B598
:109C800085B00546FFF750FE0027D0B10446F9F72E
:109C900059FC064628464FF48021582211F0DCFF7B
:109CA000054620460EF0EFF9014641F6FF70029797
:109CB0002BB23246CDE9007004A817F003FEBDF8C0
:109CC000107038B205B0F0BD0246002004290FD84C
:109CD000DFE801F00306090E0C0002F13C007047BA
:109CE00002F15400704702F14800704702F1600031
:109CF0007047F8B50446408C0D460021C0F3C502FC
:109D0000D3008B420DD0E6680E447668B70103D5C8
:109D100026F07F46AE4201D00831F2E7B1EBC20F28
:109D20002AD1F9F787FCE060608C6FF00701C0F37F
:109D3000C50001EBC001421EE0683AB14318013A88
:109D400053E9026746505F600839F5E708210FF0D4
:109D500004F908200EF072FFE168086015F05BFC62
:109D6000E068416841F000714160E068416865F376
:109D700017014160E068F8BDE0680844F8BD0000E4
:109D8000B0B50B4814460D4690F86800C00704D1E2
:109D90001220022114F06AF803E01220022114F0CC
:109DA00053F880B2A9B22246BDE8B04004F0CEBC60
:109DB000E40100202DE9F041089CDDE906E829BB1B
:109DC000111FAEF101060025C9B2B6FA86F60329C5
:109DD00038BF002338BF01250021760905EA060CAB
:109DE000454676462EB135F8027B1944013E39448A
:109DF000F8E7BCF1000F18BF0122062A23D8C91AC0
:109E0000DFE802F0040609210B164A00002119E0E0
:109E100009B2411A13E0411A14E04FF48032411A9A
:109E200002EB0E4209B2121491FBF2F323800AE016
:109E3000411A0FFA8EF209B291FBF2F319B2022223
:109E400091FBF2F12180099DAEF1010200218A42CD
:109E50000AD034F8117038F811601F443E4404EB06
:109E6000410701317E80F2E738F8121034F81220F1
:109E7000238865B1BEF1000F09D038F8025B26884F
:109E8000AEF1010E3544451B24F8025BF2E7881859
:109E9000C01A00B2BDE8F0810022411A2280044AB3
:109EA00009B202EB0E42121491FBF2F3CBE700BFB2
:109EB0000000FFFF2DE9F04F97B00446FFF7C0FB0D
:109EC00005462046FFF718FE002D00F08D83002880
:109ED00000F08A832046002110F004FF002800F0E3
:109EE0005F812046FFF708FE8146FDF783FC4500B1
:109EF00006461390F9F73FFE09900F90F9F73BFEE5
:109F00008046002741F69A7A11900A96B74234D0DB
:109F100039F8170050452ED100264EF2010B20468D
:109F200010F0F0FE86421FD22046314610F0DAFED5
:109F30009E49054612F0EDF8A0B92846FFF762FEEB
:109F400001280FD12846FFF755FE87420AD128463F
:109F500010F07FFF0FFA8BF1814203DC284610F0EE
:109F600078FF83460136DAE74FEA0B400A9E2BEA78
:109F7000E07028F817000137C8E7002741F69B700A
:109F800041F69A714FF0000A0022964212D039F839
:109F900012502BB2834204DB0AEB0503A3EB000A49
:109FA00006E08B4214BF28F8123038F812301F44F4
:109FB0000132EAE7204611F0EDFD0546204610F09B
:109FC000E4FE0A9EC01B119B4FF0FF320027C6F132
:109FD000010101FB0500002141F69B7500B220EA5A
:109FE000E07CBE420ED039F91700A84208DB401BC6
:109FF0003A4681B201FB0CF0B0FBFAF023F81700EF
:10A000000137EEE7002A0AD4AAEB0100119900FB00
:10A010000CF0B0FBFAF0ACEB000021F81200204687
:10A02000FFF70EFB0646204610F0C3FE07903046B1
:10A03000FDF7E0FB450080461290F9F79CFD089083
:10A040000E90F9F798FD4FF0000A41F69A721090C1
:10A05000C2453AD036F81A10914233D107464FF034
:10A0600000094EF2010B204610F04CFE814520D233
:10A070002046494610F036FE4C49054612F049F894
:10A08000A0B92846FFF7EAFA01280FD12846FFF7C2
:10A09000DDFA82450AD1284611F0FEFF0FFA8BF156
:10A0A000814203DC284611F0F7FF834609F10109DC
:10A0B000D9E74FEA0B4041F69A722BEAE071384635
:10A0C00027F81A100AF1010AC2E7002541F69B7E23
:10A0D00041F69A7C00220023984511D036F813707F
:10A0E00039B2714503DBE919A1EB0E0506E06145C4
:10A0F00014BF20F8131030F813100A440133EBE7B3
:10A100000798871A204611F08DFCC8F10101DDF88F
:10A1100040E0002201FB007000214FF0FF3700B249
:10A1200020EAE07C41F69B7090450ED036F9123063
:10A13000834208DB191A174689B201FB0CF3B3FB03
:10A14000F5F32EF812300132EEE7002F09D4681A29
:10A15000109900FB0CF0B0FBF5F0ACEB000021F81F
:10A160001700204611F05EFC8146204611F012FDDA
:10A170000790204611F001FB0546204611F0F6FE3F
:10A180000646204611F082FB834642F2D170864299
:10A190000ED1608C012100F4806081EA902608E0F5
:10A1A0000EA81C210EF0D9FE45E000BF01000600FC
:10A1B0000026204610F0FDFDDFF838A407462046B3
:10A1C0000021BAF8062011F047FD10996A1E4B468F
:10A1D000B2FA82F2CDE9008108995209CDE9021262
:10A1E000C2B238463146FFF7E5FDADF8500042F205
:10A1F000D1700025834505D1608C012100F40070E9
:10A2000081EA5025204610F0C0FDBAF80820064625
:10A210002046F9F76CFA11990A9A079BCDE90021BB
:10A220000999C2B230460291002103912946FFF7F5
:10A23000C1FDADF852000BA80C210EF08EFEEE4EC3
:10A240002046002132224FF0000AB0470546204642
:10A2500000211222B0474719204600211022B047A2
:10A260000646A08A0744204610F07EFF381AE18A8D
:10A27000ADF8340070194518204610F07DFF281AFB
:10A28000ADF83600A06841688A4580F08F8100688B
:10A29000D74950F82A70384611F03BFF002840F0AB
:10A2A00082813846FFF7DAF905463846FFF7AAFCFF
:10A2B000002800F07881002D00F0758106463846B0
:10A2C000CDF824A0FFF7C2F982463846FFF792FC8A
:10A2D000DFF82093834638460021B9F8122011F0A8
:10A2E000BBFCB9F8142080463846F9F700FA0DF1A6
:10A2F000380C5E446FF0010E8146119BCDF820B002
:10A300009CE803100EEB460631F81B20895BA1EB9D
:10A31000020B05EB0A02995B0EEB4202079130F843
:10A320001A10805A401A3CF802100D18384611F0E5
:10A3300024FA01285FFA88F0CDF8289008D1022885
:10A3400022D028B93E46D8460695F9F796F834E06B
:10A350003E4636F8141F7288F3889A1A02F10109F2
:10A36000B288511A4A1C012813D0022822D003288F
:10A3700036D10E98D846059530F81A000690788C9C
:10A3800040F48061798426E03E46D846F9F775F8B6
:10A3900028E00E98059212B22BB2798CD8469A1A00
:10A3A000022330F81A0092FBF3F221F480617984E1
:10A3B00010440FE0CDE90525D8460E9830F81A5024
:10A3C000384611F069FE798C069A21F480612A449E
:10A3D0007984101A06900A98DDE90723CB460DE030
:10A3E000D84605920E98DDE90723CB4630F81A00CF
:10A3F0000690788C20F480610A98798402EB080535
:10A40000C2B24FF6FF50DDF824A0012A00EA010095
:10A4100010D0022A1CD0032A1DBF0F9931F81390C7
:10A4200078840F9801BF30F8139041F4007078845D
:10A43000AB461BE00F992AB231F8131078840FFA5B
:10A440008BF0101A022290FBF2F001EB00090DE0F4
:10A450000F9830F81390384610F0FBFC798C21F4FB
:10A460000071798409EB0501A1EB0009059D3846CF
:10A4700011F012FEA9B280B2884207D1384610F01E
:10A48000E8FC1FFA8BF180B288421ED07869B96966
:10A4900015903846169112F095F829B2304601F021
:10A4A00040F90FFA8BF1304601F036F9384612F0D8
:10A4B00089F83846292115AA0BF01CFB384610F004
:10A4C00004FD22213A460BF015FB384600216B2291
:10A4D00011F0C2FB0646384600216C2211F0BCFB8D
:10A4E0000546384606F4C04B11F0D6FD8046384686
:10A4F00010F0AFFCBBF5005F0FD131B221F4C041C9
:10A50000B1F5FA6F09DCB1F57A7FC8BFC1F57A7190
:10A5100001FB08F1642291FBF2F605F4C041B1F5AC
:10A52000005F10D129B2069A21F4C041B1F5FA6F4B
:10A530000ADCB1F57A7FC8BFC1F57A71484364215E
:10A5400090FBF1F500E0069ABDF8361009EB050026
:10A55000B7F8169000EB0108BDF834109019BE8AC8
:10A560004518A8B2B04203D11FFA88F048451AD066
:10A57000384612F027F8B88AAD1BA8EB0906284424
:10A58000B882388B28443883F88A3044F882788B34
:10A5900030447883384612F015F829B232B2384682
:10A5A000002312F0A2F80AF1010A6BE60E98134D8F
:10A5B000A8470F98A8471098A8471198A847204681
:10A5C00011F0D4FC0546204611F060F942F2D17139
:10A5D0008D4218BF884202D1204612F013FB20465C
:10A5E0002B2100220BF086FA17B0BDE8F08F00BFD8
:10A5F00001000600CC01002059BC0108398D01087A
:10A60000A0F13001CAB20A2A0AD3602888BF2038D4
:10A61000A0F14101CAB20021062A38BFA0F13701DA
:10A62000C8B27047F8B50446406A4FF4404101F0A3
:10A63000E1FCA68D94F92E103046FFF719F8054677
:10A64000206BF0B1A81D0027C6B2A08E874217D29A
:10A65000206BA28D30F8271091420FD100EB8700BC
:10A6600094F82E208178914208D190F903004FF49C
:10A670000042304481B2606A02F060F90137E4E7D9
:10A68000A68D208D864212D194F82A0094F82E10BF
:10A6900081420CD194F92B10A81D4FF4804251FA3D
:10A6A00080F081B2606ABDE8F84002F047B9F8BDB9
:10A6B000F8B5044690F82A00C00708BFF8BDA08C82
:10A6C0000721B0FBF1F0E18CB1FBF0F202FB1011BD
:10A6D00000EB400211448BB2E184B3FBF0F303FBC7
:10A6E0001010002110442085204611F0B2FB0546D1
:10A6F000204611F0F2FBB5F9085006466FF0010054
:10A7000095FBF0F7204610F040FB0221354490FB0A
:10A71000F1F007442046FFF707F9E18C01FB1571C2
:10A7200009B2BDE8F84013F02DBB000070B50D4E26
:10A730000D46044600201D212A46306020460BF0BD
:10A74000D9F9366866B1307840B130462946F5F718
:10A7500027FF28B12046314616F0BAF8002070BD18
:10A76000012070BD884C00202DE9F04788B01F46BD
:10A7700016460D46044611F097FF002843D0B54217
:10A7800041D0B4F824900DF11A010DF11E022046BB
:10A79000FEF714FF2046394610F0D5FF80462046CC
:10A7A0003946512211F058FA0346BDF81E20BDF972
:10A7B0001A00BDF91C100DF1120A002B18BF01235D
:10A7C000B6F5B47798BF374609EB0706B7B2B7F5C9
:10A7D000B47F88BFA6F5B476CDE9023AB6B2B5F536
:10A7E000B473CDE9006898BF2B464B449DB2B5F5D4
:10A7F000B47F88BFA3F5B4739BB204F0F3FE204688
:10A80000514611F0ECFE08B0BDE8F087BFB503ADCE
:10A810000DF10A0204462946FEF7D0FEBDF90A20D2
:10A820000DF1020320462946FFF723F8204600F0E9
:10A83000C3F9012805DB01460DF102000A4600F0CC
:10A8400050FF0DF10201204611F0C9FEBFBD2DE9F8
:10A85000F04F85B004464FF6FF7081424ED0208EF7
:10A860000D4688424AD9A06A00EBC50130F835B0E0
:10A870002046B1F80280B1F80490B1F806A001A911
:10A8800010F0ABFA204611F08CF90646204611F084
:10A89000D6F80746204610F0A5FA04F005FE0A2176
:10A8A00090FBF1F001B28E42D8BF0E46BDF80420F5
:10A8B000901B324458448F424A44ADF80C00C8BF44
:10A8C0003946BDF80630ADF81020A28E5818591A36
:10A8D00050444144AA42ADF81200ADF80E1009D11F
:10A8E000E26A32F81520520542BFC04300EB410036
:10A8F000ADF80E0003A9204611F071FE05B0BDE8C9
:10A90000F08FBCB504466D4628462146FEF782FF0F
:10A910002046294611F063FEBCBD2DE9F04F85B0FD
:10A920000446B0F88200884240F2AA8020460D46D4
:10A9300010F03FFA0746B4F88460F9F713FD80463B
:10A9400094F88800010765D506FB07F100F00700C1
:10A950004FEA112B022863D001285BD1F8F748FF9A
:10A960000290F9F711F98146A08A4FF4A0214922FB
:10A970000190204611F070F9074606B2F9F7CAFBBC
:10A98000618B16FA80FA019A5144ADF81210E18AEF
:10A99000A1EB0A01ADF80E100299A1EB080100EB42
:10A9A00007080FFA8BF749448E18B4F88210013962
:10A9B000A94215DD6A1C08EB06007A4392FBF1F20E
:10A9C000104407FB05F292FBF1F1ADF81000A6EB85
:10A9D0000A000844ADF80C0003A9204611F0FFFD61
:10A9E000002D4DD0B4F8822007FB05F108EB0600DE
:10A9F000013A91FBF2F10844691E7943ADF8100069
:10AA0000A6EB0A0091FBF2F10844ADF80C0003A993
:10AA1000204633E0204605B0BDE8F04F11F0D2BD2E
:10AA20002046002111F005F80190B4F88200B4F836
:10AA300084A00290F8F7DCFE8146A68AF9F7A4F814
:10AA4000074603A9204610F0C8F901980FFA8BF1C8
:10AA5000029A0AFB00F001EB202191FBF2F1A9EB35
:10AA60000802324401FB05223A44A2EB2020ADF853
:10AA70000C005018ADF81000204603A911F0AFFDEE
:10AA800005B0BDE8F08FB0B5044611F005FB0546F2
:10AA9000204610F0DEF900218542A8BF01210846BA
:10AAA000B0BD00002DE9F843424C064617480D465C
:10AAB00090464FF00309A1680068002908BF0846C6
:10AAC000C8B107464068800015D038462946B047CF
:10AAD000012813D0A16800200029F1D0B7F90C009B
:10AAE000616809EB400020F00300384410308842D0
:10AAF00028BF0020E4E70020BDE8F883B8F1000F8C
:10AB000018BFC8F800700120BDE8F8839402002047
:10AB10000A880388934201D14A884388981A70476B
:10AB20000A780378934201D14A784378981A70479B
:10AB30002DE9F84304460868616821F040418142EC
:10AB40001CBF0020BDE8F883B4F90C000327DFF830
:10AB5000649007EB400020F003016FF00F00461AED
:10AB6000D9F8040001F11005291982198842C9F8A1
:10AB700004201BD0A0EB0108204642460EF026F927
:10AB8000D9F80400214681420BD08A6832448A6099
:10AB9000B1F90C2007EB420222F0030211441031FC
:10ABA000F1E704EB080029460EF0D7F90120BDE8D3
:10ABB000F88300BFAC010020F8B51A4E4FF44031C5
:10ABC00040220446B047054620464FF44031432218
:10ABD000B0474719204611F0F5F80546204611F018
:10ABE000F1F8002DD8BF40420744204611F0F8F894
:10ABF0000546204611F0F4F8002DD8BF40424FF42E
:10AC000040313844352207B22046B0470546204639
:10AC10004FF440313822B047284400B28742C8BFC1
:10AC20003846F8BD59BC010870B504460AF048FF23
:10AC3000064620460AF05AFF054610F046F904463B
:10AC4000A6F12900012888BF70BD284600210DF01B
:10AC5000ABFD204617F040FE2046BDE8704018F0DE
:10AC60007DBF000070B5044610F04CF80546002684
:10AC7000B54207D0A068006850F82600FFF7F2FF41
:10AC80000136F5E7608CC10711D020F00100608427
:10AC9000204611F0B7FF204611F0DCFE3DB1204602
:10ACA00010F00AFE18B107490968814200D270BD50
:10ACB0000549096801EBC00050E902212046BDE8C2
:10ACC0007040104770160020840200202DE9F843E0
:10ACD000DFF8A88105460C464046FAF7E5FF064630
:10ACE0004FF00009FEB1404631463746FAF7F1FF12
:10ACF00006463868A84218BF002DF3D17868A042F4
:10AD000018BF002CEED140463946FBF744F83969AC
:10AD100009B13846884738460EF020F8FCF70AF8A3
:10AD20004FF00109DEE709F00100BDE8F88300BF3C
:10AD300070B5524E05460C463046FAF7B5FF02E0B4
:10AD40003046FAF7C6FF014638B10868A842F7D185
:10AD50004868A04218BF002CF2D1084670BD00BF61
:10AD600010B5442104460EF0F8F801204FF4FA72B1
:10AD70000021A4F840006420C4E90A020448C4E9A0
:10AD8000070194F8420040F0010084F8420010BD31
:10AD9000C3AD0008BCB5F8F7A0FB002132224FF488
:10ADA0006E73F9F74BF8F8F7C2BCBCB5F8F795FB32
:10ADB00000214FF4617240F2B633F9F73FF8F8F72B
:10ADC000B6BC1CB5F8F7EFFE216AA26A521A5043CE
:10ADD00001EBA0201CBDD0E90B1228238A42B8BF8A
:10ADE0002023C0587047891A4FF47A7248BF4942ED
:10ADF0004A43B2FBF0F1824238BF01210846704756
:10AE0000B0B54168054611B12868FFF75FFF1B48E0
:10AE1000FAF7B8FF18B116F0DBFA1949886017483D
:10AE2000FAF76BFF40B32946442204460DF0CEFFEB
:10AE30002868A84208BF2460114894F8421040785E
:10AE400001F0FB0242EA800084F84200C8070FD0FC
:10AE5000616939B120468847216AA26A01441044D9
:10AE60002162A06262681AB1206808B1216A904725
:10AE7000FBF760FF2046B0BDFEE700BFCC0200201C
:10AE80007002002010B52D200C46888514494FF41F
:10AE90000700C4E909014FF43470E086642060863D
:10AEA0004FF40040C4F82E0094F8340000F0F00095
:10AEB000083084F8340016F08BFAA063208D02214C
:10AEC000A08720460EF0CFFE20464FF444710FF0CD
:10AED0007FFA20460D21BDE8104012F059BC00BF9A
:10AEE0000E0187002DE9F04FABB0DFF8A8650F46E3
:10AEF00030460FF0E3FE012840F0668238460AF043
:10AF0000DFFD054638460AF0F1FD824638460AF074
:10AF1000EDFD8046A5F10D0008282DD8DFE810F0E2
:10AF20000900540254025402EB005402FB00540284
:10AF30004B0138460AF0D8FD0078B8F82E40113899
:10AF4000C1B203290BD840B20FF24C5131F81000B6
:10AF5000BAF82E10084401B2504600F084FBB8F84D
:10AF60002E00844200F0308250461C2100222BB07B
:10AF7000BDE8F04F0AF0BEBD082D18BF032D1DD14E
:10AF800098F8340000F0FE0088F8340050460FF0C6
:10AF90005AFF04460BF042FA05460CF07BFA0CF01F
:10AFA000B7FA042840F01082002D00F00D822046F0
:10AFB00000212BB0BDE8F04F0BF09EBA022D40F0FF
:10AFC00003820CF067FA002800F0FE8105460CF0C1
:10AFD0009FFA012840F0F88117A928460CF06AFA78
:10AFE00003A913AA5046FEF7E9FABDF80C00BDF814
:10AFF0005C10081ABDF85E10ADF85C00BDF80E00DC
:10B00000081AADF85E0098F83400C10737D15046F1
:10B01000F8F798FB0546BDF84C004FF48031401B13
:10B02000ADF84C00504611F070F8BDF94C200421E9
:10B0300092FBF1F109B2A942D8BF2946002818BFF6
:10B040002946501A00B20128D8BF0120BDF95E2060
:10B05000ADF84C0000FB00F1BDF95C00524310FB61
:10B06000002298F834008A4209D940F0010088F89B
:10B07000340016F0ADF9C8F8380098F83400C0076D
:10B0800000F0A281BDF95C10BDF95E0041EA00024A
:10B09000120400F09981B8F82A60B8F82C7000F01A
:10B0A00045FBB8F82A10B8F824200A44801A02B2E6
:10B0B000002A48BF00F5B470B8F83C20B74238BF4A
:10B0C00007F5B4770FFA87FBA2EB0109791AA0EB19
:10B0D000090422B284EAE233A3EBE23292B2B2F57F
:10B0E0008C7F40F2748198F83400000748BF00213B
:10B0F000A1EB09047BE138460AF0F6FC804603A97F
:10B1000013AA5046FEF75AFADAF80800002800F0B1
:10B110002381858A21E15046002110F0B9FC02907C
:10B120005046002110F001FD83465046002110F0EA
:10B130005AFD81465046002110F03FFC054650461E
:10B140004FF4403110F0A4FC044650464FF4403117
:10B1500010F0EBFC0646844250464FF44031C8BF25
:10B16000264610F040FD044650464FF4403110F0A2
:10B1700024FC80468442C8BFA0464645C8BFB046AE
:10B1800002985845C8BF83465046A945C8BF4D469A
:10B19000AB45C8BF5D46FFF70FFD401B4044023082
:10B1A00004B238460AF0A0FCB0F90010A142C8BFB2
:10B1B0000C46048008E138460AF098FC04463846FC
:10B1C0000AF084FC0DF1A80881460DF1A602204684
:10B1D0004146FEF7F3F917A849460FF0F9F9BDF912
:10B1E000A6000DF14C0A01282CDB504604F0EFF9C3
:10B1F000204600215246002510F090FFBDF8A60021
:10B20000CDE918652495CDE91FA81A21ADF898005D
:10B2100017AD20462A460AF06DFCA08CA18D628DE8
:10B22000BDF8983001441044424689B280B2CDE95D
:10B2300000014846514604F0BBF920461B212A462E
:10B240000AF058FC20464FF400314FF4003B10F058
:10B250001FFC054620464FF4003110F066FC0746FF
:10B26000854220464FF40031C8BF2F4610F0BBFC8A
:10B27000054620464FF4003110F09FFB8542C8BFC1
:10B2800028468742C8BF3846BDF8A610081A05B23E
:10B29000012D36DB504604F09AF920464FF4003178
:10B2A000524610F03BFF0120ADF89850CDF8808059
:10B2B000CDF890B0CDF87CA01A21CDE9186017AA7E
:10B2C00020460AF017FCBDF99800BDF94E108142E6
:10B2D000C8BFADF84E00A18C228DE38C0A441944FE
:10B2E00083B2484692B289B2CDE9001213A92AAAC4
:10B2F00004F05EF917AA20461B210AF0FBFBBDF8FB
:10B30000A6100AB22AA911AF20463B46FEF7B1FAB1
:10B3100003AD284605F056FF20464FF440312A463B
:10B320004FF4403811F026F80220CDE91A75CDF817
:10B3300090801A21CDE9186017AE204632460AF0F7
:10B34000D9FB484629463A4605F028FF20461B21EE
:10B3500032460AF0CFFB37E0002550460021002698
:10B3600010F0F1F9BDF84C1004462844BDF80E2049
:10B37000BDF80C30081A1118121AADF84C0009B2B9
:10B3800012B20091191A184417AF03B209B2384625
:10B3900000F0BBF9D8F80010384647F6FF72F9F70D
:10B3A0004FFF78B904EB450017AC01B220460A46BE
:10B3B00000F097F9D8F80010204647F6FF72F9F729
:10B3C0003FFF064688F804602BB0BDE8F08F02B25C
:10B3D00008B2022190FBF1F001B298F834008A42E1
:10B3E000ACBF00F0F70040F0080088F83400D8F84F
:10B3F000380015F0E7FFB8F83620B8F92E30B8F865
:10B400002A10B8F9327025B250434FF47A72029381
:10B41000B8F930300097B0FBF2F002B25642B542B4
:10B42000B8BF3446AA42ABEB0102B8BF044601EBF9
:10B430000900D200FD1A92FBF5F2043200EB121063
:10B440005A46204400B20DF0DFFB06B2BAF92E00D6
:10B45000864211D015F0BCFFC8F83800504631467E
:10B4600000F001F90298864206D050461C210022C5
:10B470000AF040FB0128A7D1B8F93000864203D07A
:10B48000B8F9320086429FD115F0A2FFC8F8380003
:10B490009AE700BF805203080100FFFF0100FFFF91
:10B4A000B0B50C461146054600F072F82846214614
:10B4B000BDE8B04000F0A3B8B0B50C461146054653
:10B4C00000F006F828462146BDE8B04000F030B84C
:10B4D000B0B5438D828DF8F71DF848BF00F5B47004
:10B4E000B1F5B47500B298BF0D46E91A0BB2002B46
:10B4F00048BF01F5B47109B20B1A48BF5B42B52BC6
:10B5000002D3F8F7A7FC0DE0814202DAA9B2204687
:10B5100005E0884206DAABB2114620461A460023FF
:10B52000FFF722F9A5852046BDE8B0401AF080BC9F
:10B53000B0B5438D828DF7F7EDFF48BF00F5B470CD
:10B54000B1F5B47500B298BF0D46511B0AB2002A7E
:10B5500048BF01F5B47109B20A1A48BF5242B52A70
:10B5600002D3F8F777FC0DE0814203DAAAB2204655
:10B57000194604E0884205DAA9B220461A4600239B
:10B58000FFF7F2F865852046BDE8B0401AF050BCE0
:10B59000B0B5C38C028DF7F7BDFF48BF00F5B4709E
:10B5A000B1F5B47500B298BF0D46E91A0BB2002B85
:10B5B00048BF01F5B47109B20B1A48BF5B42B52B05
:10B5C00002D3F8F747FC0EE0814202DAA9B2204626
:10B5D00005E0884207DAABB2114620461A464FF41E
:10B5E0000033FFF7C1F82046FFF710F92585204604
:10B5F000BDE8B040FFF70AB9818410F0E3BFB0B5F1
:10B60000C38C028DF7F786FF48BF00F5B470B1F523
:10B61000B47500B298BF0D46511B0AB2002A48BF4C
:10B6200001F5B47109B20A1A48BF5242B52A02D3D1
:10B63000F8F710FC0EE0814203DAAAB22046194660
:10B6400004E0884206DAA9B220461A464FF40033D5
:10B65000FFF78AF82046FFF7D9F8E5842046BDE8D1
:10B66000B040FFF7D3B8C28D8BB29A420FD010B55D
:10B67000B0F93240B0F930308C42B8BF214699421F
:10B68000D8BF19468BB29A42BDE8104000D170472E
:10B69000C1851AF0CDBB4188C088401A013000B284
:10B6A00070474188C088401A013000B27047B0F935
:10B6B0000010B0F90430B0F90220B0F90600591AB0
:10B6C000801A013101304843704701888088401A50
:10B6D000013000B2704701888088401A013000B202
:10B6E000704703885B1A03808388194481804188EE
:10B6F000891AF8F71BBD03880B440380838819441B
:10B70000818041881144F8F711BD10B5029C8380F7
:10B7100042800180C48010BD428811440139C1803B
:10B72000704702881144013981807047C20F002997
:10B7300044BF02324942002800D540422D238842AE
:10B7400004D959431032B1FBF0F002E05843B0FB8A
:10B75000F1F0B0B5C4B20125172C14D32D2C4FF045
:10B76000000338BF02254FF0000138BF01232A2C07
:10B7700038BF2B46212C4FF0000538BF0125262C61
:10B7800038BF012113E0012C4FF0000388BF0225D0
:10B790004FF0000188BF0123052C88BF2B460E2CDB
:10B7A0004FF0000588BF0125092C88BF01212944DD
:10B7B00019440844D10648BFC0F15A009107BDE8BA
:10B7C000B04004D4D10718BFC0F5B47004E0D1076D
:10B7D0000CBFC0F1B400B43080B27047C1600068E3
:10B7E00010F0F0BE01684FF0FF30C860086800F14B
:10B7F0003C02914205D000F14C02914205D010F07C
:10B80000E1BE8968416210F0DDBE8968016310F015
:10B81000D9BE10B50C46002164204FF0FF3294F8D9
:10B820005C30C4E90B01C4E91411C4E90911C4E98D
:10B830000D11C4E90F412046A26503F0FC0384F812
:10B840005C3004F1440316C308210EF0C1FD20460C
:10B8500010210EF0BDFD204600210022BDE8104061
:10B8600000F013BB10B50C4601F13C000021FFF7BE
:10B870002DFA04F14C000021BDE81040FFF726BA74
:10B880002DE9F04FC3B0DFF87C050D460FF016FA36
:10B89000012840F0B38228460AF012F906462846ED
:10B8A0000AF024F90446012E3BD0082E39D0152E7B
:10B8B0003FD0132E40F0A28220464FF400310EF00C
:10B8C00071FC064628460AF00FF90546B0F900005B
:10B8D000B042C8BF064620462E8010F0DFF806466C
:10B8E000204610F028F9074686422046B8BF374662
:10B8F00010F07FF90646204610F065F88642B8BF82
:10B9000030468742B8BF3846B0F1FF3F00F3768239
:10B9100000B2B5F9001040428142C8BF08462880F5
:10B920006CE204F13401204643B0BDE8F04F10F062
:10B9300056BE28460AF0DAF8824628460AF0C6F8CB
:10B940000C9041A950460FF048FA50460021692258
:10B95000002410F081F90546504600216A2210F0BB
:10B960007BF9BDF80A11BDF80621DAE90AB80144ED
:10B97000101AADF80601081AADF80A11BDF8041145
:10B98000013000B2491B1090BDF80801ADF8041158
:10B990002844ADF80801401A013000B20F909AF81F
:10B9A0005C0000F0030001280BD1BBF1FF3F08DC75
:10B9B000B8F1010F05DBDAF8300058450CBF01245F
:10B9C000002450460B9410F069F80546504610F0DC
:10B9D000B2F80646504610F00CF9074650460FF0F4
:10B9E000F2FFBDF80A21BDF80431089606905446CE
:10B9F00007970995BDF80811101A2B44BDF80621C8
:10BA0000891B24F83A0F2546A4463A44A64625F851
:10BA1000063D2CF8021D2EF8042D0E95DDE90F6968
:10BA20004E4518DB851ADFF8E47301352DB2039714
:10BA3000032D0BDC0220BAF8162099FBF0F002442B
:10BA4000901C023AAAF83A00AAF836200E9D0A95F0
:10BA5000CDF834C015E0CD1AEB4F01352DB2039768
:10BA6000032D0BDC0221BAF8143096FBF1F10B44E4
:10BA7000991C023BAAF83810AAF83430CDF828E017
:10BA80000D94C91A801AA8EB0B08013101304E45FC
:10BA9000CDE90401A8BF0846DAF8581005B2DAF873
:10BAA00028004A1C13D0DAE91423121A1B1A6A431D
:10BAB0006B4393FBF8F392FBF8F217B21BB2DB1B5C
:10BAC0005943CB1701EB136102EB212B05E0DAF8A8
:10BAD0003010091A694391FBF8FBDAF84810029418
:10BAE000CDE900EC4A1C13D0DAE91023121A181A17
:10BAF0006A43684390FBF8F092FBF8F217B200B289
:10BB0000C01B4843C11700EB116002EB202905E080
:10BB1000DAF82410081A684390FBF8F9504600211F
:10BB2000162210F099F8DDE90F670B9BBE4209DB86
:10BB3000C0B201280D9807D10A9CCBF1000BC9F1C6
:10BB4000000903E00D9C00E004460A98BE4204DBB5
:10BB5000028802EB0B014A4405E02188A1EB0B02AD
:10BB6000A1EB09010131DDF830B0DDF8389001803A
:10BB700022807BB1DAF828306B435B4293FBF8F309
:10BB8000BE4223DB194413B209B28B422EDC218062
:10BB900002802CE0039948468847012827DC2FAD16
:10BBA000594628460EF014FD00201A212A46CDF8E9
:10BBB000C8903190934830904FF400303C905046FC
:10BBC00009F098FF50461B212A4615E1D21A01328E
:10BBD00013B20AB29A42D9BF03801A460A461946DE
:10BBE00013B20DB221809D4201DA2280018021AD85
:10BBF000284605F0E7FA50464FF400312A464FF444
:10BC0000003710F0B7FB2FAE594630460EF0E0FC7F
:10BC10007C481A21324633953C97CDF8C890309035
:10BC200000203190504609F065FF504600210B225C
:10BC300010F012F8DDE90F32074600B211469342C8
:10BC4000B8BF1946B0EB610FC8BF4F1005980499F3
:10BC500000B209B28842B8BF0146BDF98400B0EB1A
:10BC6000610FA8BF48104000934203DBB9F80010F1
:10BC7000019A02E00099029A09881288511A01314A
:10BC800009B2884217DA00209DF887809DF89E60EF
:10BC90009DF8A6504A468DF8A6008DF89E008DF8B6
:10BCA000870021A9584605F079FA8DF8A6508DF83D
:10BCB0009E608DF88780BAF81400DDF82490089D06
:10BCC000079E5C46DDF818B03AB200234FF000083A
:10BCD0004844ADF86400BAF81800401BADF868009D
:10BCE000BAF816003044ADF86600BAF81A00A0EBB6
:10BCF0000B00ADF86A001BAF19A9384605F02EF805
:10BD00003846002104F062FA0D909DF8A6008DF8E7
:10BD1000BA808DF8A6800B90BDF80A01A0EB0B014C
:10BD2000BDF80801ADF86210421BBDF80601ADF880
:10BD300060208319BDF80401ADF85E3000EB090501
:10BD4000ADF85C5017A8DDE90F76B7420FDBC91AD2
:10BD5000013109B203291BDC0221BAF81620063092
:10BD600096FBF1F111448A1EADF85E200EE0511BE6
:10BD7000013109B203290BDC0221BAF81420043086
:10BD800097FBF1F111448A1EADF85C20023101806D
:10BD9000DDF838800DF14409BDF984200023002529
:10BDA0004846414604F0DAFF4846002104F00EFA06
:10BDB00021AE074617AA2046314605F0EFF90B9849
:10BDC000314642468DF8BA508DF89E508DF8875016
:10BDD0008DF8A600204605F0E1F9484604F09EFBE8
:10BDE0001BA804F09BFB384605F0C6F90D9805F03A
:10BDF000C3F92FAA50461B2109F07CFE43B0BDE8D1
:10BE0000F08F00BF9C520308A3B60008D7B6000805
:10BE100090F85C0000F00300704790F85C1001F0AF
:10BE20000301022907D1826D00F15401013208BFDC
:10BE300000F1300101E000F1280108687047816CD1
:10BE400001314FF0440108BF242140587047F8B534
:10BE500090F85C3003F00303022B15D1044654F82C
:10BE6000303F14E9E0008F42B8BF39468E42C8BF68
:10BE70003146A942A8BF29468B4205D0009200F165
:10BE80004C03224600F01CF8F8BDF8B513460246F4
:10BE900052F8244F8C4212D000F12807E0CF8E4296
:10BEA000B8BF31468D42C8BF2946B942D8BF3946CE
:10BEB0008C4204D0009300F13C0300F001F8F8BD7F
:10BEC000F0B591B0044616981D4616460F4628B3A5
:10BED000E868013014BFA868306868600021AF606E
:10BEE000376000272846FEF7F1FE6E463046FEF723
:10BEF00037FF4FF4807000216522CDE908770A9062
:10BF00000D48CDE900500D48039020460FF0A4FEE7
:10BF10000B903046FEF774FF11B0F0BD28460021AB
:10BF2000FEF7D4FE4FF0FF30E8603760204611B0D6
:10BF3000BDE8F04010F046BBDDB70008E5B70008EB
:10BF400070B500FB00F5C0F58064AD0A04FB05F692
:10BF50004543504304FB04F27343049EAD0A920A26
:10BF60005043624303EB43037543920A00EB4000E6
:10BF7000AD0A514305EB135303EB105000EB912036
:10BF800070BD10B50C46084610210EF021FA20466F
:10BF90004FF48061BDE810400DF065BE10B501465C
:10BFA00003480EF073F904460EF0D8F9204610BD90
:10BFB000B852030870B50446008E884214D915465D
:10BFC0000E46D00608D52046012110F09EF818B183
:10BFD000204601210EF0FCF9E06A30F81610A94362
:10BFE000F7F79DFA680500D470BD2046BDE87040A3
:10BFF00011F070B870B50C4605460026288EB1B217
:10C00000814228BF70BD28462246FFF7D3FF013684
:10C01000F4E7000008464FF6FF7181860021C0E971
:10C020000911C0E90B1190F8361001F0FE0180F8FB
:10C030003610014900F0D4BC8000002010B5014644
:10C0400003480EF023F904460EF088F9204610BD8F
:10C05000D452030810B5886A0C460CF07FFEE06AE3
:10C060000CF07CFE0020C4E90A0010BD2DE9F04F61
:10C07000CDB0DFF848680D4630460EF01FFE0128AF
:10C0800040F01484284609F01BFD0746284609F0B5
:10C090002DFD8146781E142821D8DFE810F02B00F2
:10C0A0006700AE0007040704B7000704CD000704CB
:10C0B000070407040704E80035011500150007040C
:10C0C0000704690107049701B9F834104FF6FF74AB
:10C0D000A14201D0F7F73AFBA9F83440E6E3292F53
:10C0E00002D02A2F40F0E283D9F82410484600F00D
:10C0F00077FCDBE3F7F794FFB9F834100546F7F760
:10C1000025FB0BF0C7F90BF003FA40F002004FF6E5
:10C11000FF7703281AD10BAE284631460BF0CAF937
:10C1200048463146FDF748F9B842A9F8347000F0A6
:10C13000BD830146D9F82C0030F8110010F0500FE3
:10C1400004D14846A9F83410FEF781FBB9F8340051
:10C15000B84200F0AB83D9F82C1031F8101011F46C
:10C16000CA6F40F0A3833B903BAA60E0F7F758FF0B
:10C1700006460BF08FF905460BF0CAF9022800F0CD
:10C180009583042800F092830BAF284639460BF0C4
:10C1900091F948463946FDF70FF9B9F8341088424D
:10C1A00000F084834FF6FF740546A14201D0F7F7F3
:10C1B000CDFA3046A9F834500BF00CFAA54200F045
:10C1C0007583D9F82C0030F8150010F0500F40F0AE
:10C1D0006D8348462946FEF73AFBD9F82C0030F823
:10C1E0001510890500F16283B9F8341030F8110098
:10C1F000400500F15B833B95B6E7B9F83410F7F7DB
:10C20000A5FA4FF0FF30A9F834004FE3B9F8340035
:10C210004FF6FF71884200F04983D9F82C1031F8AD
:10C22000101011F0700F40F041830B900BAA48469C
:10C230001C2109F05FFC39E3B9F834104FF6FF72A6
:10C24000914200F07F82D9F82C0030F8112002F0E2
:10C25000C003802B40F06182D30540F14D8299F8F4
:10C260003630DB0740F0488222F4807246E2B9F8AB
:10C270003410F7F76BFAF7F7D3FE0078113803287C
:10C2800000F26382DFE810F0040064029F02BF0244
:10C2900048460FF0D4FBB9F934204FF6FF711FFA6E
:10C2A00082FC8C4500F0E182D9F8284004EBCC06F2
:10C2B00034F83C10A71CB58802366D1A01352DB232
:10C2C00001EB550104EBC20500FA81F009B2043517
:10C2D000002A00F1768237F93240B6F900309C42EC
:10C2E0000FDA35F9043C98420BDBB5F9003099427E
:10C2F00007DCD9F82C3033F8123013F0500F00F06F
:10C30000D882083D013AE3E7B9F83000002800F090
:10C31000CD82F7F785FE06460BF0FAF826B9002025
:10C320000BF0BCF80BF0F4F8054648460EF08BFD18
:10C330000AF074F8B9F834204FF6FF718A4240F0E1
:10C34000B582022D05D0042D40F08182002800F036
:10C350007E8299F83610D9F82C00C90740F07A820D
:10C36000002130F81120013112F0500FF9D17AE29A
:10C37000B9F83200002800F09982D9F824A0DFF83B
:10C380009C880024A6B25AF82670002F00F08E82F6
:10C3900038464146F4F704F9002800F087823878DF
:10C3A000002800F08382D9F82C00013430F8160000
:10C3B0004005E7D548460EF0E8FCB9F8321090FB8E
:10C3C000F1F001B2284609F0B1FB6FE2284609F00E
:10C3D0008DFB0446008E002800F06882284609F094
:10C3E00075FB8246608C40F0040060844BA92046B7
:10C3F0000EF0F3FC608C4FF00009258CA4F820901F
:10C4000040F00400608425AF384604F0DBFE0DF1F7
:10C41000740B584603F054FE20464FF4A0213A46D0
:10C420004FF4A0280FF0A6FF20464FF4A0215A4653
:10C430000FF002FF608C0795258420F004006084D3
:10C4400020460FF0DDFB069020460FF0C3FA059062
:10C4500020460FF02AFB049020460FF073FB039058
:10C460000BA85146CDF824A00EF0B2F833A8DFF89F
:10C47000ACB710903BA8CDE90C69CDF860804FF0C7
:10C4800000084FF000090F90208E804580F02F812A
:10C49000656A1FFA89F7594655F82700F4F780F8BE
:10C4A00009F101090028F4D0E06A30F81800C1064B
:10C4B00000F11A81410608D4A18E4FF0000A884588
:10C4C000079908BF01F02E0A01E04FF0800AA16A27
:10C4D000BDF82C31BDF82E51C0F3002050EA0A00FF
:10C4E00031F8382001EBC8011A44ADF82421CA887C
:10C4F0002A44ADF82A218A881A44ADF828214988AF
:10C500002944ADF826111FD02084608C40F004002F
:10C5100060843BAE304604F055FE33AD284603F050
:10C52000CFFD20464FF4A02132460FF023FF2046D6
:10C530004FF4A0212A460FF07FFE07982084608CDC
:10C5400020F00400608409E03BA825A938220CF003
:10C550003DFC33A81DA920220CF038FC49A8CDF8D9
:10C5600064809DF8E9100E90E06A01F0FE0130F859
:10C570001800C0F3C02008441A218DF8E9002046B5
:10C580000BAA09F0B7FA9DF80F01810604D4BDF893
:10C590002611BDF82A2137E000F0C101049B01F10A
:10C5A0001E008DF80F01B4F914201A44BDF924318E
:10C5B0009A4204BF41F016008DF80F01B4F918102B
:10C5C000039A891ABDF92821914204BF00F0EF00B7
:10C5D0008DF80F01B4F91610069A0A44BDF9261118
:10C5E0008A4204BF00F0FB008DF80F0189B2B4F954
:10C5F0001A20059BBDF92A51D31AAAB2AB4204BF37
:10C6000000F0FD008DF80F01501A421C5FEA8A6AA3
:10C6100007D5E06A30F81800400544BF881AADF825
:10C620002601099808923BA949AA04F0B7FDBDF874
:10C630003011BDF82C61606ABDF9E030339A9DF885
:10C64000E950891B50F82770BDF9DE00013109B2AD
:10C650008DE823000AA8394615F034F9BDF8260103
:10C66000BDF82A11BDF92A300226BDF82851BDF9BE
:10C6700028204FF0020C091A013109B2C91A91FBA6
:10C68000F6F10844C118BDF82431ADF82601ADF823
:10C690002A11ED1A01352DB2AD1A95FBF6F5BAF156
:10C6A000000F2B441A44ADF82431ADF828210ED5E3
:10C6B000E26A32F81820520509D5089A12B292FBA4
:10C6C000FCF2891A801AADF82A11ADF82601002073
:10C6D0003B460090099833A949AA03F081FA204605
:10C6E0001B210BAA09F006FA08F10108CCE6608CC0
:10C6F00020F004006084D9E042F4807220F8112018
:10C7000099F83620B9F83410D20706D0484615F00B
:10C7100055FBB9F83410D9F82C0030F8110010F49A
:10C72000C06F0ED010F050000BD10B910BAA4846F1
:10C730001C2109F0DFF9012840F0B880B9F8342055
:10C7400000E00A4648461146AEE0B9F83410A9E0C8
:10C7500048460FF074F9B9F834C04FF6FF718C45B4
:10C7600000F09080D9F82810B9F8307001EBCC03B4
:10C770001D4633F8044F35F8022BA41A013424B2B5
:10C7800002EB540216B28A1C6146A6EB000EB942B7
:10C7900017D232F93140B5F9000084420EDD33F989
:10C7A000040C86420ADBB3F90000864506DCD9F8A2
:10C7B0002C0030F8110010F0500F6FD00833013109
:10C7C000E5E761466EE0B9F83410B9F830000022B0
:10C7D00001318BB2834228BF1146D9F82C308CB27C
:10C7E000A9F834108DB233F8155015F0500F59D008
:10C7F00001318DB2854228BF11468DB2A9F834109F
:10C80000A542EFD11CE0B9F834004FF6FF71884221
:10C8100000D008B9B9F83000D9F82C20411EA9F889
:10C8200034108BB2F7F787FC3CD00B040B4608BFE3
:10C83000B9F83030591E9BB2A9F834108342F0D1B8
:10C840004FF0FF304FF6FF71A9F834002AE0A9F845
:10C8500034102BE0002130F81120013102F4A872CD
:10C86000B2F5807FF7D1481ECDE4D9F82C20002006
:10C87000A9F8340083B2F7F75EFC12D0F7F7A8F9F5
:10C88000F8D30BE0D9F82C200020A9F8340083B2AB
:10C89000F7F751FC05D0F7F79BF9F8D3A9F8341056
:10C8A00000E0014689B24846FDF7D1FF4DB0BDE832
:10C8B000F08F1146A9F83420F4E700BFD4520308E2
:10C8C0002DE9F04782464FF6FF7081421BD0BAF83F
:10C8D00030800D46884516D3DFF8409300240026AB
:10C8E000AE420ED0671CDAF82400B9B250F821002D
:10C8F0004946F3F755FE002808BFA71C3C46013601
:10C90000EEE7A84502D10020BDE8F087DAF8241050
:10C91000A0B251F82000BDE8F08700BF808E7047BC
:10C92000038E8B429CBF00207047C06A30F8110014
:10C930001040801AB0FA80F04009704770B5044684
:10C94000008E88422AD994F8360015460E46C00754
:10C9500003D0E80501D5F7F780FAE80616D5208E52
:10C9600002280FD301210022904209D0964205D01F
:10C97000E36A33F81230DB0658BF00210132F3E7D7
:10C98000C80703D0204601210DF06DF9E06A30F8A8
:10C9900016102943F6F7C3FD680500D470BD204684
:10C9A000BDE8704010F096BB70B50C4605460026F9
:10C9B000288EB1B2814228BF70BD28462246FFF7BB
:10C9C000BDFF0136F4E710B50446C06A228E52005E
:10C9D0000CF0FCF9616A2046BDE81040AFF300801E
:10C9E0002DE9F04F91B0002900F01581DFF82C827D
:10C9F00001268B460546002700244686A0B25BF838
:10CA0000200058B1017849B14146F3F7C9FD08B19A
:10CA1000013701E001366E860134EFE7288EBCB2A3
:10CA2000844222D0A86A18B10CF098F90020A862BC
:10CA3000E86A18B10CF092F90020E862E0000CF00E
:10CA4000FDF80028A86200F0DB8060000CF0F6F82A
:10CA50000028E86200F0D580A96A002908BF0F46C7
:10CA6000B9B249000CF079FA2F8628460021162227
:10CA7000C5F824B04FF0000A0FF0EEF8C0B20D90E8
:10CA800028460FF012F80C9028460FF0B9F8064629
:10CA900028460FF086F8074628460EF0D0FF0446D9
:10CAA00028460EF086F90F9028460EF06EF9698E32
:10CAB0004FF000094A1E02FB170000B20590B0B209
:10CAC0000490B8B20390A0B206940B9088B2109074
:10CAD0001098824580F09680002600241FFA84F882
:10CAE0005BF82870A7B14D493846F3F759FD78B186
:10CAF000387868B1E96A09EB080031F810000121C3
:10CB000000F00F00012898BF084606440134E5E70D
:10CB100020040AF1010003D10BF1040B8246D7E790
:10CB20000E950746DDE90310059D0AFB010C1098E0
:10CB30000AFB05F14FF0000AB1FBF0F161440A91E4
:10CB4000611E4FEAC904069A0F9B01FB123109B21C
:10CB500021EAE171099107FB05F10297B1FBF0F1C0
:10CB60000CEB010001380890B0B200260790404657
:10CB7000E8B31090254601240E98089AD0E90AC11E
:10CB800012B231F819100092099F07980B9B01F01F
:10CB90000F0106FB07F2012998BF21460E440F9CA6
:10CBA00006FB07F1B2FBF0F2B1FBF0F10CEB050074
:10CBB0000AFB03220AFB03110D9B0139012B0B46D3
:10CBC00008BFA31A0C9F08BF621A2C46D1190A9AF3
:10CBD0003B441BB209B212B2FEF797FD109805F163
:10CBE000080409F101090AF1010A0138C0E70E9DA4
:10CBF0000BEB8800DDF808A000F1040B698E65E7F7
:10CC0000FEE7FEE7284610F065FA284611B0BDE8B9
:10CC1000F04F0FF0D7BC11B0BDE8F08F2D5D0308C9
:10CC200090F8362002F0FE02114480F83610002100
:10CC300015F0C4B8B0B505464FF6FF700C468142FA
:10CC400003D0288EA04298BFB0BDA98E2846FDF71C
:10CC5000FEFDAC8628462146BDE8B040FDF7F7BD95
:10CC6000F8B5314800250C468D860D63C1E90A00F0
:10CC700001F58C70A8210CF070F92FA02DA178225D
:10CC800000239DB1382D1BD06E1C770716D0062DC2
:10CC90000DD9DFB204EB8505013304EB870787F874
:10CCA000182107F58C77AF633546EAE7012650F87F
:10CCB000257004EB8505AF633546E2E70F46F8E7DC
:10CCC0001A48C4F814012046FFF7B8F904F13801F6
:10CCD0006062FFF785FE606A4FF40871FFF764FE3B
:10CCE000606A13491A2200230CF084FF606A42F242
:10CCF000640111F023F82046012110F06BFD606AF9
:10CD0000012110F077FD94F92E20A18D204600F02E
:10CD100069F82046FDF786FC606A4FF48041BDE863
:10CD2000F8400CF0A0BF00BFE4070101DB5D030881
:10CD3000F78400080A000000645A03085E5A0308DA
:10CD4000675A0308585A03085B5A0308615A0308D4
:10CD5000525A030810B5014603480DF097FA0446ED
:10CD60000DF0FCFA204610BDF052030870B50546E0
:10CD7000406A0C46FFF7D2FD4FF6FF7188421AD089
:10CD80006E6A3046FFF7CAFD01463046FFF798FD50
:10CD90000178407801EB810200EB4202103A002852
:10CDA00008BFA1F13002E270A88D208095F82E0016
:10CDB000A070012070BD0020206070BD2C30704735
:10CDC00010B5014603480DF061FA04460DF0C6FAAD
:10CDD000204610BD0C53030819B182860163FDF78C
:10CDE00021BCFEE72DE9F84F044601200E4615460A
:10CDF00084F82F00606AA185402184F82E20FFF777
:10CE0000F9F80027072F06D0606AB9B24022FFF771
:10CE100095FD0137F6E7B6B24FFA85F93046494637
:10CE2000FCF7D3FD0546304649460096FCF720FC4A
:10CE3000834600EB050A04EB8000374E012700F51E
:10CE40008C75D846D0450AD2FBB22846042132461A
:10CE500012F096F90435013708F10108F2E700985D
:10CE6000A9F10101FCF7B1FDDFF8AC90A0EB0B05D7
:10CE700004F58C760027BB450CD0013530460421E3
:10CE80004A46EBB212F07CF9F91DF6F705FB0436C1
:10CE90000137F0E704EB8A00DFF87C80012700F51A
:10CEA0008C760AEB0700451E292D0BD8304604214D
:10CEB00042463B4612F064F9E91DF6F7EDFA0436F6
:10CEC0000137EEE72046FDF7ADFB606AFFF726FD70
:10CED0004FF6FF71884205D00BF10701606AC9B2B5
:10CEE000FFF7A8FE20460FF06DFB20460DF00AFF6D
:10CEF00005460026B54208BFBDE8F88F20463146FA
:10CF00000DF0F0FE616A884203D01C21224608F031
:10CF1000F1FD0136EEE700BF555A030810B50C4687
:10CF200001F124001021F8F7E0FE04F13000102197
:10CF3000F8F7DBFE4FF4C8010020C4F876100A2190
:10CF4000A4F87400A4F882100A49C4F87E104FF0C7
:10CF50006411C4E91B010848C4F87A004FF00120AD
:10CF6000C4F8840094F8880000F0F000013084F8E0
:10CF7000880010BD030005006400FF7F70B50C46FB
:10CF800001F12405A06A88B12846F8F78DFE06460F
:10CF9000007B400702D470680BF0E0FE2846314663
:10CFA000F8F7F9FE30460BF0D9FEEBE72846F8F724
:10CFB00066FE04F13005606B58B12846F8F774FE40
:10CFC000064628463146F8F7E6FE30460BF0C6FE28
:10CFD000F1E72846BDE87040F8F751BE2DE9F04F63
:10CFE000CFB0DFF8680F0D460DF068FE012841F064
:10CFF0001180284608F064FD0646284608F076FDB4
:10D0000004462C2E00F01B81082E00F02D81132EDB
:10D0100031D0152E46D0292E00F00B81012E40F084
:10D02000F9870AF037FA17A90AF044FAA08ABDF87E
:10D030005C100D1A2046ADF85C500DF0CBFF054496
:10D04000F7F7E0F88046B4F8847020460021002607
:10D050000EF010FD281A00B2002800F1B08608FB7F
:10D0600007F10A02B0EB224F40F3AF83B4F882001D
:10D07000461E00F0A4BEB4F94000B4F94C20B4F947
:10D080005830B4F964109042C8BF024628468B421B
:10D09000C8BF19468A42C8BF11464FB0BDE8F04F1D
:10D0A00008F044BD284608F011FD8268054604F1E9
:10D0B000140129A80A91F7F7E6FF002800F049813A
:10D0C000A868109029A8A860F6F792FB1290204655
:10D0D00000214FF000080EF0CDFC0C90F6F7A3FEF7
:10D0E0008246F7F78FF80E90B4F884000D90204632
:10D0F0000DF04BFE8146B4F8860014903AAE3046EF
:10D1000003F058F82046002132460FF0E1F817AF3F
:10D110002946139538460DF05BFA4FF0FF301A217F
:10D120003A461D96CDF86480CDF89080CDE92088F0
:10D130002590DFF8F00E1890F7F75AF920460021F5
:10D1400031220EF089FDC0B21190F6F751FB0F901D
:10D150002046002133220EF07FFD0990F7F702F9F7
:10D160000B90F6F77DFCB4F87E60002E00F0848012
:10D170008346A08ACDF82090B4F816904FF00008AE
:10D18000ADF82201208BADF8DE0012980AEB000703
:10D190001198032814D30F98012811DB099DA807C3
:10D1A00005D5F6F740FEB0FA80F04FEA5018E807D0
:10D1B00006D0204600210EF0F2FB002808BF013EF9
:10D1C000A7EB0B0014990FFA86FB0DF1DE050DF5A8
:10D1D000917648441490089817AF4843010240F3F1
:10D1E0000F2A11FB28F9D84546DA012014993A464E
:10D1F000CDE92065CDF894801990DFF8280E1890BD
:10D20000B4F87E00013899FBF0F008441A21ADF81B
:10D210002401ADF8E000F7F7EBF813983AA932468D
:10D220002B4602F0BBFFF6F7FCFBD14408F10108E6
:10D23000D9E720464FB0BDE8F04F0FF076BF284643
:10D2400008F052FC0546F6F7DDFFB4F884104843B9
:10D25000000A288020460DF098FDB4F88610484357
:10D26000000A688000F0D6BEF6F7A5FB47F6FF700F
:10D27000A4F87C0000F0CEBEB4F88070002F5BD024
:10D2800012980C99B4F81490002501EB0008E08A7C
:10D29000ADF82401608BADF8E0001198032813D39A
:10D2A0000F98012810DB099E700704D5F6F76CFC77
:10D2B000B0FA80F04509300706D5204600210EF06F
:10D2C00026FC002808BF013F0B980FFA87FA0DF5DE
:10D2D000917BA8EB000048440DF1DE091490DDE9D4
:10D2E0000D1017AF4843010240F30F2811FB25F63C
:10D2F000554521DA022014993A46CDE920B9259501
:10D300001990DFF8200D1890B4F88000013896FBD2
:10D31000F0F008441A21ADF82201ADF8DE00F7F76D
:10D3200067F813983AA95A464B4602F037FFF6F7CA
:10D3300078FB46440135DBE700201B21CDE92000C6
:10D340004FF0FF30259017AAF7F752F8139D109869
:10D35000A860204629460022FBF7C4FA2046294649
:10D360000122FBF7BFFA204629460222FBF718F9F3
:10D37000204629460422FBF713F904F124001490F7
:10D38000F8F700FD002840F0338594F8880000F09D
:10D390000700032800F02F82022800F0F383012801
:10D3A00040F026850DF59176AA68F6F7B6FA0028C2
:10D3B00000F01E85A968AE60B4F882000228C0F0B3
:10D3C0001785204608910EF024FA0646F6F7DCFB96
:10D3D0008046F6F728FD8246F6F714FF1290B4F85F
:10D3E0008400119020460DF0D0FC1090B4F8869087
:10D3F000A78AF6F7B7FF0F90B4F816B0F6F730FB30
:10D400000E901395AA680DF1DE000A99F7F73BFE1E
:10D41000002800F0048608EB060029ADB24400EBBA
:10D420000708284602F0C6FE20464FF4A0212A46EF
:10D430000EF04EFF3AAD284603F0C4FE20464FF4EE
:10D4400000312A460EF096FFF6F764FE02260546E6
:10D4500090FBF6F0069007B220460EF01EFA90FB05
:10D46000F6F10AB205919742B8BF3A46BDF8A61048
:10D470000BB293FBF6F31BB29A4201DDF6F7E8FB21
:10D480000F9A0129A8EB02020F920AEB0B0205D1B9
:10D490009DF8AD1041F010018DF8AD100E990238D5
:10D4A00080B2511A0E914FF6FD7188424FF0000084
:10D4B00038BF0120AA1E92B28A424FF0000138BF45
:10D4C000012108400490109800FB09F040F30F2060
:10D4D0000D90DDE91110484340F30F201090B4F88F
:10D4E00082000790F6F785FA8046F8430990781C89
:10D4F0000B90DDF84C900898B8F1000F00F08D8586
:10D5000098F80C50E80740F05A81F6F7F9F806460B
:10D510000F9831B2ADF85400ADF83001D8F80400DE
:10D520000C910D9B30F91100C5F3001104EB410182
:10D53000F6F71DFA584390FBF1F00E99181A0844BB
:10D540004946ADF8320117A80DF042F84FF4A0207B
:10D5500000274FF0000A249003201990DFF8C40A36
:10D56000189029A8CDF8A0801D903AA81B90BDF86E
:10D570003201CDE90200DDF820E0B4F88220304627
:10D58000924580F0DE80BEF904100B9EBDF930514B
:10D59000BDF832313144ADF85450ADF85630A9429F
:10D5A000C0F2CF80511E1197D8F804C0C34697FB34
:10D5B000F1F10F9E31440C9EADF8301106EB0A07D5
:10D5C00097FBF2F606FB127298F80C70C7F300177F
:10D5D0000FFA82F9129204EB47073CF91960DDF863
:10D5E0003480B7F96C20B7F97070B61ABA1A06FB16
:10D5F00008F696FBF2F20E9EA8EB0202B718099EFF
:10D60000ADF83271BEF9002032440EB2B24256DC9F
:10D61000BAF1000F53D0109A079EADB2D846B2426D
:10D6200055DD069A07B2A918ADF83811A91A059A5E
:10D6300047F6FF75ADF834119918ADF83A11991AFB
:10D64000ADF836114DA91A91AAF1010125913CF9C5
:10D6500017002790401B15A918BF084620903CF8DA
:10D6600019004CA9401B18BF084621901A2117AA7F
:10D67000F6F7BEFED8F8040030F81710A94209D01A
:10D6800030F81900A84205D0139829A915AA4CAB67
:10D6900002F084FD049850B1D8F8040030F8170067
:10D6A000A84204D013983AA94DAA03F077FD20466A
:10D6B0001B2117AA08F01EFADDF820E000E0D8468A
:10D6C000DDE91007129E0AF1010A074455E700B28E
:10D6D00047F6FF723CF810009042F1D03CF8190078
:10D6E0009042EDD0039B38B21BB28342A8BF0346E1
:10D6F000029A12B28242C8BF10468AB2954202D143
:10D70000CDE90203DCE701399AB2ADF85630ADF845
:10D710005410ADF8301181B28A4208BF0130ADF823
:10D720003201139829A915AA4CAB02F037FDBDF8B8
:10D730003001DDF820E0CDE902770130ADF83001AD
:10D74000BEE71099079BDDF84C90994237DD1FFA30
:10D750008AF18A4233D1D8F8041000B247F6FF7339
:10D7600031F810209A422AD0BDF83021069D531975
:10D77000521B059DADF83421BDF83221ADF838318A
:10D780005319521BADF836210022ADF83A31CDE9DC
:10D7900020224DAFAAF101021A97259231F910000B
:10D7A0001A21279017AD2046F6F791F848463AA976
:10D7B0003A4603F0F3FC20461B21F6F788F814984C
:10D7C0004146F8F78AFA804695E694F8882041F3B6
:10D7D0000F2102F00702022A00F0EC82012A11BF99
:10D7E0000026B4F88220013A504304BF00EB5100F8
:10D7F00090FBF1F6E3E20DF59176AA68F6F78DF865
:10D80000002800F0F582A868AE60089020461395C5
:10D810000DF0FFFF8046F6F7B7F91190F6F703FB1E
:10D820000E90F6F7EFFC1290F6F744FD0790B4F86F
:10D830008660A58AF6F796FD0B90E08A0990F6F7C8
:10D840000FF9109029AF384602F0B4FC20464FF48F
:10D85000A0213A460EF03CFD3AAF384603F0B2FC48
:10D8600020464FF400313A460EF084FDF6F752FCA4
:10D870004FF0020A814690FBFAF00D900FFA80FB00
:10D8800020460EF00AF890FBFAF10FB20C91BB455E
:10D89000B8BF5F46079B11990E9A7343BDF8A66007
:10D8A00041444244294435B295FBFAF52DB2AF42CA
:10D8B00005DD9DF8AD5045F010058DF8AD500B9D80
:10D8C000491B0B91099911441A0A012E119201D199
:10D8D000F6F7BEF9109A023880B2891AA9F102024D
:10D8E00010914FF6FD7192B288424FF0000038BFA0
:10D8F00001208A424FF0000138BF01210840099001
:10D9000012980F99484340F30F200F90F6F771F8E3
:10D910008046119847F6FF7B00B20E900B9EB8F13F
:10D92000000F00F05F8298F80C50E80740F0248167
:10D93000F5F7E6FE03B28246D8F80400ADF834618C
:10D94000ADF85460129330F813000A2804D14EF257
:10D950000100ADF8540027E0D8F80000022101EAE8
:10D9600095011D46621830F913000F9BB2F974102F
:10D97000B2F97820F6F74BFB98F80C1030440E9B68
:10D98000ADF85400D8F80400C1F3001104EB4102D3
:10D9900030F91500B2F96C10B2F97020F6F737FBC8
:10D9A0001199081A10990844ADF8560017A8139950
:10D9B0000CF00EFE29A8CDF8A0804FF000091D90B4
:10D9C00003201990DFF85C0618904FF4A0202490F3
:10D9D0003AA8129B1B90B4F88200814580F0948095
:10D9E00015994D9103EB090191FBF0F202FB101523
:10D9F000D8F804002FB230F91700584500F08080A5
:10DA000098F80C100E9BC1F3001104EB4102B2F91F
:10DA10006C10B2F97020F6F7FAFA119902220F9BF6
:10DA2000081A1099084498F80C10ADF85600D8F868
:10DA3000000002EA91016218B2F9741030F917007F
:10DA4000B2F97820F6F7E3FA129B3044B9F1000FEF
:10DA5000ADF8540054D0BDF834010D9A47F6FF7666
:10DA60008118801A0C9AADF8DE00BDF83601ADF8C9
:10DA7000E2108118801AADF8E0000DF1DE00ADF87B
:10DA8000E4101A90A9F10100259020460FFA8AF4BB
:10DA9000D8F80420824632F914102791891B4DAB27
:10DAA00018BF1946209132F8171015AA891B18BF04
:10DAB0001146219117AA1A2108F01CF8D8F8040081
:10DAC00047F6FF7B30F81410B14211D030F8170040
:10DAD00058450DD0139829A94DAA15AB02F05EFB4D
:10DAE000099828B113983AA90DF1DE0203F056FB0C
:10DAF00050461B2117AA544607F0FCFF0B9E129BB1
:10DB000009F10109AA4666E71FFA89F1884233D173
:10DB1000D8F804100FFA8AF031F810205A452BD0AB
:10DB2000BDF854200D9D0DF1DE071A975319521BB5
:10DB30000C9DADF8DE20BDF85620ADF8E23053194B
:10DB4000521BADF8E0200022ADF8E430CDE92022F0
:10DB5000A9F10102259231F910001A21279017AD81
:10DB60002046F5F7B4FE13983AA93A4603F016FB9F
:10DB700020461B21F5F7ABFE14984146F8F7ADF8A7
:10DB80008046CCE6AA6829AEF5F7C7FE002800F06B
:10DB90002F81A8680021AE600E9020460DF06AFF2C
:10DBA0001290F6F740F91190F6F72CFB1090F6F76B
:10DBB00081FB0D90B4F886000C901498F8F779F872
:10DBC0008146204600210DF034FF0990B4F88260B0
:10DBD000B4F8848020464FF4A0210DF02AFF08906D
:10DBE000B4F884A0F5F704FE8346F6F7BBFB0B9070
:10DBF000F5F736FF07903AAF384603F0E3FA2046D0
:10DC00004FF4A0213A460EF0B5FBFF20BDF8E81016
:10DC10008DF8EB009DF8F70000F0F8008DF8F700A4
:10DC2000608B08442946ADF8280117A813950CF01D
:10DC3000CFFC0420711EA9F101051990DFF8E4035F
:10DC400018904FF4A0202490099808FB00F00012CF
:10DC50004843DDE90F215143089A0902C0EB2140F6
:10DC60000AFB02F290FBF6F0131200B203FB15035D
:10DC7000C0EB2140B3FBF9F31D041BB2B5F5803FA7
:10DC8000B8BF0123109003EB2225A3F101091298DC
:10DC90000B9A00215844801A0F901198079A584403
:10DCA000801A1190DDE90C20504340F30F2AB4F89C
:10DCB0008200814280F09980129125910138109A5A
:10DCC000514391FBF0F00F9908440A99098800EB41
:10DCD000010BF5F78EFE0746002868D03E7BF00763
:10DCE00060D12046394600F07EFA09EB0B01BDF900
:10DCF000A4200BEB0508ADF822B1ADF8261109B24E
:10DD000091424EDBBDF9A8200FFA8BF191424EDC17
:10DD10003989C6F3001304EB4303ADF8EC101299F4
:10DD2000B3F96C60B3F9703001FA80F0B4F8821086
:10DD30009B1B90FBF1F202FB1100796800B231F9F4
:10DD40001020921B119E02FB0AF292FBF3F2E38A6F
:10DD5000AAEB020233441A44ADF8242131F9100031
:10DD600047F6FF7188421CD028973AAED346CA4680
:10DD70000DF59179279020461A211B96CDF86890D1
:10DD80002E4617ADF5F7A3FD13984A463AA9D1469A
:10DD9000DA4603F003FA2A4620461B21354607F0EF
:10DDA000A9FEC34614983946F7F797FF93E71299EF
:10DDB00001317CE7B4F882205043B0FBF1F6B4F9AE
:10DDC0007C00864200F02681B1B22046FCF7A5FD1A
:10DDD000F5F7F1FD20461C210022A4F87C6007F035
:10DDE00089FE17E1139D089801E0139D0E98A86025
:10DDF00004F130001490F7F7C5FF002840F00A81C5
:10DE0000A9684DAE0A9A3046F7F73DF9002800F0B0
:10DE10000181A868AE600DF591761190304602F050
:10DE2000C9F920464FF4E02132464FF4E0290EF0C4
:10DE30004FFA3AA803F0C6F947F6FF704FF4E02115
:10DE4000ADF8E8009DF82A018DF8EB0020460EF0B1
:10DE500094F8804620464FF4E0210EF08EF80746F5
:10DE600017A829462E460CF0B3FBCDF8909029A8B0
:10DE70004FF6FD7100221B900DF1DE001D90052074
:10DE8000199068481890A8F1020080B288424FF0BB
:10DE9000000038BF0120BB1E9BB28B4238BF01225D
:10DEA00000EA0209022098FBF0F197FBF0F01391D1
:10DEB0001290F5F79EFD07460DF596780DF5987AC8
:10DEC000002F00F0A5800DF1DE000DF591710A2202
:10DED0000AF07CFF29A83AA938220AF077FFF888CF
:10DEE000CDE920A8ADF8DE00ADF8A800787BC0072A
:10DEF0000FD1BA8847F6FF70824200F08380B9687C
:10DF0000204615AB00F090F8BDF85600BDF854104F
:10DF100001E078883988E28A02EB000BA08A451874
:10DF2000B9F1000F14D0139AA918ADF85810A91A16
:10DF3000129AADF854100BEB0201ADF85A10ABEB8E
:10DF40000201ADF8561015A903E000BF44530308C1
:10DF500000211A91397B8A0728D0ADF832B1C90760
:10DF600008BF2846ADF83001002A284600D5208B8E
:10DF7000ADF82C01ADF82EB120461A2117AA07F0F2
:10DF8000B9FD30460DF1DE015246434602F006F976
:10DF9000B9F1000F04D029A9304615AA03F0FEF804
:10DFA00020461B2117AA07F0A5FD397B11F00C0FA5
:10DFB00028D04807ADF83051584648BFE08AADF840
:10DFC0003201ADF82C51080748BFB4F81AB0ADF8CB
:10DFD0002EB117AA20461A2107F08CFD30460DF10C
:10DFE000DE015246434602F0D9F8B9F1000F04D0E1
:10DFF00029A9304615AA03F0D1F820461B2117AAFB
:10E0000007F078FD14983946F7F767FE074657E79B
:10E010001198B0604FB0BDE8F08FC9F80800139DAB
:10E02000E6E600BF445303082DE9F04F89B050B332
:10E030000E4649B30546B0F882001C46924690420F
:10E0400023D928460CF0B5FEB5F8841048434FEAB2
:10E05000102828460CF099FE814695F88800B5F8FE
:10E0600086B000F00700032812D0022821D0012832
:10E0700076D1B5F882100FFA88F000FB0AF001396A
:10E0800090FBF1F06BE0FEE7FEE700202060A7E0E8
:10E09000317B022230680FFA88F302EA910130F9ED
:10E0A0001A006A18B2F97410B2F97820F5F7AFFFC8
:10E0B00055E005F12407CDE907B93846F7F7F9FD32
:10E0C000069028464FF4A0210DF0B3FC0290B5F85D
:10E0D00084B0284600214FF000090DF0AAFCB5F8E5
:10E0E00084100FFA88F84843B5F882100212481ECF
:10E0F0000591049200FB1280039002980BFB00FB39
:10E100003846F7F7EDFD014641B1B14206D0384639
:10E11000F7F7E3FD014609F10109F5E70498B5F8C1
:10E120008210039A069F4FEA2B23404400FB0AF01B
:10E1300090FBF1F0059992FBF1F109B209FB01F2B4
:10E14000DDE907B9B2FBF7F210447A1E03FB1211A6
:10E150000222B1FBF7F109B291FBF2F108442080F1
:10E1600028460DF056FB0746284600210DF082FC9C
:10E17000218838440844208028460CF02BFF218851
:10E18000081A31462080284600F02DF8B5F8821094
:10E19000504409FB0BF3B0FBF1F202FB1100716874
:10E1A00031F91000317B43F30F26C1F3001105EB69
:10E1B0004101F5F7DCFB704390FBF1F01902C0EB75
:10E1C00021400021608028460DF0FFFC6188384422
:10E1D0000844608028460CF0BFFF6188081A608000
:10E1E00009B0BDE8F08F31B190F88800000754BF46
:10E1F000488900207047FEE7B0B50BA00D4D0C46D6
:10E20000486291F8280040F0010081F82800084693
:10E210000221A84720460821A84720464FF48061E4
:10E220002A46BDE8B0401047436865636B20626FC3
:10E2300078000000679C010891F82800C00708D109
:10E2400010B5486A0C460AF089FD00206062BDE8FE
:10E25000104070472DE9F04FB9B0DFF864B20D46B9
:10E2600058460CF02BFD012840F02781284607F086
:10E2700027FC0746284607F039FC0446132F42D0F6
:10E28000152F50D02C2F40F01881284607F02CFC79
:10E29000804620460DF0D2FD0646058920460DF049
:10E2A00008FE074620460DF0E7FD0346616A0020A0
:10E2B00041F6FF72CDE90072029017A8324613F0C2
:10E2C00001FB20460DF0C2FB0646F5F742FA711934
:10E2D0000E1820460DF03DFC3718F5F781FC064678
:10E2E00020460DF07EFBBDF85C103944A8F8001004
:10E2F00071190844BDF95E1000B28842C8BF0146DA
:10E30000A8F80210D9E0284607F0EEFB05462046A3
:10E310004FF400310BF046FFB5F900108142C8BF41
:10E3200008462880C9E0284607F0E0FB0446284656
:10E3300007F0CCFB089020460DF080FD0A90B0F964
:10E340000800DFF88091002132220B902046C84758
:10E350000746204600210DF05AFC07902046002178
:10E360000DF0AAFB059020460DF070FB0990F5F723
:10E37000F0F9069020460DF0ECFB0490F5F730FC28
:10E38000064620460DF02DFB804620464FF4003116
:10E390006922C847054620464FF400316A22C84723
:10E3A0000DF1AC0A8146504602F00CFF20464FF4B6
:10E3B000003152460DF0DEFF0598A18AE28A0B9BE0
:10E3C00038440844411BADF8A4100799394407911B
:10E3D0001144A1EB0902ADF8A620F218904408EB15
:10E3E00009021144049A0139ADF8AA10069919449A
:10E3F00011440844A0F1010909EB0500ADF8A8009B
:10E4000017AD089E284631460CF0E2F84FF4003074
:10E410001A212A462490002029AFCDF86CA0CDE91E
:10E4200018B020461A9707F065FB304651463A4629
:10E4300002F0B4FE20461B212A4607F05BFB204673
:10E440000DF037FD054620460DF016FD034641F65A
:10E45000FF700027616ACDE90050029716A80A9A5A
:10E4600013F030FA0EAD284601F02AFE20460021B6
:10E470002A460DF0E1FE0998BDF85810636A484439
:10E48000ADF8300008440B99ADF834000FFA88F06D
:10E49000401A022190FBF1F007990844E18A0097A5
:10E4A0000844BDF85A10ADF8320008442946ADF8CA
:10E4B00036000CAA304601F093FB39B0BDE8F08F6E
:10E4C0006053030859BC010810B501F4C044B4F509
:10E4D000005F0ED121F4C044B4F5FA6F09DCB4F545
:10E4E0007A7FC8BFC4F57A7404FB03F1642491FBFE
:10E4F000F4F102F4C044B4F5005F0ED122F4C0443C
:10E50000B4F5FA6F09DCB4F57A7FC8BFC4F57A7444
:10E5100004FB03F2642392FBF3F212B29042B8BF01
:10E52000024608B29042C8BF0246104610BD10B560
:10E5300001F4C044B4F5005F0ED121F4C044B4F539
:10E54000FA6F09DCB4F57A7FC8BFC4F57A7404FBAE
:10E5500003F1642491FBF4F102F4C044B4F5005FCC
:10E560000ED122F4C044B4F5FA6F09DCB4F57A7F19
:10E57000C8BFC4F57A7404FB03F2642392FBF3F280
:10E5800012B29042B8BF024608B29042C8BF0246DB
:10E59000104610BDB0B500F01F01072240F207136E
:10E5A0000C2440F20C4511FB0321C0F34512C0F3CB
:10E5B000C42058434FF4605312FB054203EBC020C4
:10E5C00042EA5112000CC2F3072200EB400000EBBC
:10E5D000511000EB8200C0F3C700B0BD0A4681B203
:10E5E000002000F0DFB883071CBF20F8021B013AAF
:10E5F0008BB21B0413FA81F3102A0AD9C0E9003345
:10E60000C0E90233C0E90433C0E906332030103AD0
:10E61000F2E700239A4208BF704720F81310013335
:10E62000F8E700006423C1EB0121C2EB0222B1FB39
:10E63000F3F1B2FBF3F2C9B281B3F0B5C0EB002045
:10E640004FF4B47343F67844FF26D7B2B0FBF3F32C
:10E65000B0FBF4F4D52004FB003081F0FF03E4B2FA
:10E660007B4300EB40001B0A4000C5B205FB01F0F4
:10E6700086EA10207843000A042C14D885F0FF05A0
:10E68000694386EA11217943090ADFE804F0180595
:10E69000030F140018460B4611460FE0D0B2014696
:10E6A000024600F01DB81946034608E01C46134612
:10E6B0000146224603E00846194613460246D0B2F8
:10E6C000C9B2DAB2BDE8F04000F00AB801F0FC01CE
:10E6D00000F0F800C90041EAD20141EA0020704789
:10E6E00001F0FC0100F0F800C90041EAD20141EA62
:10E6F0000020704710B58BB284B204321B0424048E
:10E70000D20813FA81F1324B14FA80F01940184004
:10E71000401A504301EB5010184040EA104010BD21
:10E7200010B58BB284B204321B042404D20813FA4D
:10E7300081F1274B14FA80F019401840401A5043D9
:10E7400001EB5010184040EA104010BD10B58BB2DC
:10E7500084B204321B042404D20813FA81F11C4B46
:10E7600014FA80F019401840401A504301EB501041
:10E77000184040EA104010BD10B58BB284B204328C
:10E780001B042404D20813FA81F1114B14FA80F00F
:10E7900019401840401A504301EB5010184040EA0D
:10E7A000104010BD10B58BB284B204321B04240497
:10E7B000D20813FA81F1064B14FA80F01940184080
:10E7C000401A504301EB5010184040EA104010BD71
:10E7D0001FF8E007B0B500F01F01072240F2071351
:10E7E0000C2440F20C4511FB0321C0F34512C0F389
:10E7F000C42012FB0542584302F47F4242EA511101
:10E800004FF4605202EBC0203FFA80F0084400F160
:10E810007F40B0BD10B512480C4648620020C1E9E7
:10E820000C0091F82C0091F83C1001F0F80100F078
:10E83000FE0084F83C100B49097808434FF48031FE
:10E8400084F82C0020460BF00EFA20464FF440715D
:10E850000BF0BEFD2046BDE8104014F02BB900BF00
:10E86000000064645A0400202DE9F04FA7B0DFF8DF
:10E8700018070D460CF022FA012840F08183284643
:10E8800007F01EF90646284607F030F90446A6F1BF
:10E890000D00082831D8DFE810F009007303730376
:10E8A00073033D004900510073037400F4F7F9FD50
:10E8B00000681138032800F26383DFE810F00400D9
:10E8C00052020400520294F83C30A08C94F82610B6
:10E8D00094F8272003F00303022B00F00483012B9C
:10E8E00000F00883002B40F00B8301304FF4B47329
:10E8F000B0FBF3F505FB130002E3012E00F0C88125
:10E90000022E00F0EF81292E00F00C822A2E00F05A
:10E91000228235E3F4F7C5FD0168054604F11400D1
:10E9200047F6FF72F6F78CFC287129E3F4F7B9FD7E
:10E93000017802291CBF0121017021E320460DF05E
:10E940009FF8064620460DF0E8F807468642204626
:10E95000C8BF37460DF03FF9064620460DF025F8B2
:10E960008642C8BF30468742C8BF3846023004B22C
:10E97000F4F797FDB0F90010A142C8BF0C4604801F
:10E98000FEE2284607F0B2F807462846049507F04D
:10E990009DF80A9038460DF07FFB064638460CF08D
:10E9A00058FA3D46B7F816B0824635F8149F16ACB3
:10E9B000204601F0FFFB3846002122460DF088FC7E
:10E9C000022042F2341196FBF0F44FF41D7010FB5C
:10E9D00004F090FBF1F00230ADF85A0038460CF02C
:10E9E000ABFE19AE8046294647F6FF72002330463B
:10E9F00002F0B4F93046002101F0E8FB0390388BB7
:10EA00000B9747F6FF720123A0EB0800ADF8540006
:10EA100028884044ADF85000788BA0EB0800ADF892
:10EA20005600F88A4044ADF852000EAE14A93046A4
:10EA300002F094F93046002101F0C8FB0290BDF9C4
:10EA40005A0022B208EB000100FA84F0511ADFF8F4
:10EA50003C25099102219AFBF1F10DF1300A59444C
:10EA6000089109EB04014FF000090024079106907A
:10EA70000AF104000590DDE9088BA0B2B0F5807FB3
:10EA800000F2CF8000218DF830108DF863108DF8E2
:10EA90006210518881421CBFFF20107054800B9877
:10EAA00090F83C0000F00300012809D002280FD1A3
:10EAB0001178022914D1DFF8D8040178408824E0C5
:10EAC000117801292BD1DFF8C804427840883BE057
:10EAD0001178814242D1DFF8B81408784A784FE0C3
:10EAE00010700B9A3321DFF8A83492F826004843BF
:10EAF0001421B0FBF1F1908C4FF4B47200EB4000A4
:10EB000019704002B0FBF2F058800DF162020DF175
:10EB1000630380B2C9B2CDE90032E2B23CE00B99A6
:10EB200010703322DFF8683491F827005043142224
:10EB3000B0FBF2F2888C4FF4B47100EB40005A70D5
:10EB40004002B0FBF1F058800DF162010DF163035A
:10EB500080B2D2B2CDE90031E1B21DE00B99107064
:10EB600033251426DFF8283491F8260091F8271071
:10EB700068436943B0FBF6F0B1FBF6F218705A70C7
:10EB80000DF162010DF16303D2B2CDE90031C1B2E2
:10EB900004EB4400400080B25346FAF791F89DF828
:10EBA00063009DF8621049F30F2700F0FC00C000DD
:10EBB00040EAD1009DF8301001F0F80140EA012050
:10EBC000ADF85800384612F057FE069D079E684380
:10EBD00006EBD030ADF83000384612F045FE684301
:10EBE00008EBD030ADF83200384612F045FE0BFB92
:10EBF00000F006EBD030ADF83400384612F034FEA9
:10EC00000BFB00F0524608EBD030ADF836000A9806
:10EC100016A9059B01F0C2FADC4A09F5876903349D
:10EC20002BE719A801F07AFC0EA801F077FC0398F5
:10EC300002F0A2FA029802F09FFA049D284606F01C
:10EC400055FF0446284606F041FF19AE05463046FA
:10EC500002F0B8FA20464FF4403132460DF08AFBFC
:10EC600047F6FF70ADF8640094F82C00C00704D09C
:10EC7000204600F08FF9ADF868000EAE2146304610
:10EC8000FAF7C8FD19A92846324602F087FA77E15B
:10EC900012F09EFB606308F0FDFB04F1380108F000
:10ECA00009FC08F0F7FB0546206B12F08BFB296886
:10ECB000898B884280F0138194F83C00B4F824805A
:10ECC00094F8267000F00300022800F0F58094F814
:10ECD0002760012800F0F280002840F0F0804FF01B
:10ECE0000008ECE008F0D6FB002800F0498105465A
:10ECF00008F00EFC042801D002284AD1A68AF5F7B4
:10ED000096F84FF00208E78A90FBF8F00644204698
:10ED1000ADF864600CF09DF890FBF8F03844ADF865
:10ED200066003CE0F4F7BDFB0546F5F780F829885E
:10ED3000AA8880B2511A013189B288420BD120468B
:10ED40000CF087F86988EA8880B2511A013189B2DB
:10ED5000884200F01581204627B0BDE8F04F13F03F
:10ED6000A9BE94F83C30A28C94F8260094F82710A1
:10ED700003F00303022B00F0C980012B00F0CD80CB
:10ED8000002B40F0D180531E002A08BF4FF4B4730B
:10ED9000CBE019A9284608F08DFBBDF86460B4F9F2
:10EDA000380031B2091A48BF49422868007E8142C2
:10EDB00008D8B4F93A20BDF966108A1A48BF524201
:10EDC000824209D912F004FB6063BDF86460BDF8AB
:10EDD00066002687608700E088B2A18A711AADF8C4
:10EDE0006410E18A401AADF86600F5F720F886B2A3
:10EDF00020460CF0A1FCBDF86620BDF86410A2EB23
:10EE00005602A1EB5601ADF8662012FB02F2ADF8F6
:10EE1000641011FB01276FF00102C0EB560190FB5B
:10EE2000F2F00AB2084400B24128D8BF4120412A7A
:10EE3000D8BF084610FB00F6606B12F0C3FAB74269
:10EE40001ED22968898B884240F29A8094F83C004F
:10EE5000410700F1958000F00301012200F0FC0061
:10EE6000012988BF6FF0010211440843F4F752FCF6
:10EE700020460DF0A7FB08F00DFB08F0D8FB7FE063
:10EE8000BDF96400BDF96610FCF750FC4FF4B47195
:10EE900094F83C50A38CB0FBF1F205F0030502FBA3
:10EEA000110294F82600022D51D094F82710012D5C
:10EEB00053D0002D58D158E0642600E0642728463E
:10EEC00008F0B5FB380440EA066000EB0801204674
:10EED00000F067F818B1F4F75BFE012850D112F08A
:10EEE00077FA20634CE001326423B2FBF3F505FBB3
:10EEF000132205E001316423B1FBF3F505FB131187
:10EF0000C9B2120680B242EA014113E04D1E134617
:10EF1000002908BF6425294607E0451E134600283E
:10EF200008BF6425284600E01346C0B2090641EA3E
:10EF3000004099B20144204600F033F800B3204667
:10EF40001C21002227B0BDE8F04F06F0D3BD642598
:10EF50006A4392B2B2FBF1F106E0642050434FF4F1
:10EF6000B47280B2B0FBF2F01A46000440EA0160CD
:10EF700091B20144204600F014F808B1F4F708FEFD
:10EF800027B0BDE8F08F00BF7C5303080C000020C1
:10EF90001C03002090F8261090F82720808CFFF7A3
:10EFA00041BB70B5044601F47F02080C8BB24FF4EC
:10EFB000B475B2F5C80F88BF64200A0EB3FBF5F62E
:10EFC000B3F5B47F88BF06FB15318BB2642A88BFC6
:10EFD0006422A58C9D420AD194F82650C3B29D426A
:10EFE00005D194F82730934204BF002070BD84F807
:10EFF0002600204684F82720A18413F05BFD2046DC
:10F000000DF0E0FA012070BD084600214FF6FF72B6
:10F01000C0E90912C0E90B2190F8341001F0FC019D
:10F0200080F8341002210BF0D3B90000B0B50C46C3
:10F03000014608480BF02AF905460BF08FF92846DF
:10F040000DF014FB20B104A12846224600F028F957
:10F050002846B0BD985303082573000010B591F8F9
:10F0600034000C46C00702D1606A09F077FE002028
:10F07000606210BD2DE9F0438FB068480C460BF07C
:10F080001DFE012840F0C680204606F019FD064608
:10F09000204606F02BFD0546132E6DD0152E0CD004
:10F0A000292E04D02C2E76D02A2E40F0B38028466C
:10F0B0000FB0BDE8F04300F0B3B8204606F016FDEF
:10F0C0000546204606F002FD04460DA928460BF031
:10F0D00034FE95F83400C0F3410728460CF031FFA8
:10F0E00042F2D171884203D1688C400558BF043781
:10F0F00005AE304600F0E4FF286B002132468DF863
:10F100003170CDF82A0028460DF096F89DF83000B1
:10F1100010B901208DF83000D5E90A204FF6FF71B3
:10F120008A42CDE9062018BF884215D028464FF400
:10F13000802155220CF090FD024628464FF4802194
:10F14000F6F789FEADF8220028464FF480212022F0
:10F150000CF082FDADF82400A26803A80DA9F5F714
:10F1600092FF002856D06B6A0020009005A90DAAD6
:10F17000204600F035FD4DE028460CF058FEB0F971
:10F180000800042190FBF1F001B220460FB0BDE869
:10F19000F04306F0CBBC28460CF049FE80462846DA
:10F1A0000CF063FE814628460CF07CFE064695F87E
:10F1B000347028460BF0FDFD2846C7F341070CF0DC
:10F1C000C0FE42F2D171884205D1688C400502D45C
:10F1D00041F6FF7002E028460BF0EBFD696ACDE9CD
:10F1E0000060029705A842464B4612F06BFB204692
:10F1F00006F07AFCB0F90010BDF91430B0F9022025
:10F20000BDF916409942C8BF0B460380A242C8BF51
:10F21000144644800FB0BDE8F08300BF9853030844
:10F220002DE9F04387B00446406AB0B305A92046F3
:10F230000BF083FDBDF81400BDF81810081A00F19A
:10F24000010920460CF0F3FD804620460CF02AFE12
:10F25000074620460CF009FE064694F83400C0F339
:10F26000410520460CF06DFE42F2D171884203D177
:10F27000608C400558BF0435616A0FFA89F0029529
:10F2800042463346CDE9007004A812F01BFB20462D
:10F290000DF04BFF20460DF095F907B0BDE8F08367
:10F2A00082B0BCB5CDE90623E1B10D4604460DF0B0
:10F2B00089F9606A38B194F83410C90703D109F0AC
:10F2C0004DFD0020606206A928460191F7F730F94C
:10F2D0006062F4F715F82046FFF7A2FFBDE8BC40D6
:10F2E00002B07047FEE789B1B0B50C46054600F0A4
:10F2F000DBF86043F0280BDB284600F0D5F85021FE
:10F3000010FB0410A02190FBF1F002E0002002E0CD
:10F310000120BDE8B04000B27047F8B50E461C2190
:10F320001C461546074609F018FEC7E90065C7E9FF
:10F330000264F8BD10B55021044609F00EFE0B4AD8
:10F3400000204FF0FF31A0605820C4E90021084997
:10F35000A0644FF4FC6020872069C4E910110549BE
:10F36000084044F208110843206110BD4001F0003C
:10F37000312E01083700FEFFF8B505466948F6F75B
:10F38000BCFC00283FD00446E86B48B9A86C09F0E3
:10F3900055FCD0B306462A6C284631469047EE63AA
:10F3A00020464FF4B47109F0D8FD012008212560F2
:10F3B000C4F8540104F5AC70F6F797FC704E32486F
:10F3C000212122463768346012F062F86060D8B1BB
:10F3D000286981070BD5B5F90010B5F90220514312
:10F3E000EA68D2688A423CBF20F002002861FF2010
:10F3F00084F829004FF6FF70608511F0C5FF28B131
:10F4000011F070FF11E0FEE7FEE7FEE705200EF0C9
:10F4100041FD054600200EF03DFD1C4982B220460C
:10F4200000230091A9B211F065FF194DA0600020E2
:10F43000A84720610020A847E0610020A84720627B
:10F44000E0690DF0F9FF206A0DF0F6FFE069022196
:10F450000AF0BEFF206A02210AF0BAFFE06900212B
:10F460000EF091FA206A00210EF08DFA20690DF05D
:10F47000A9F82046002F18BF38463060606812F0A7
:10F48000DEF82046F8BD00BF955300082454030859
:10F49000D5A40108C06800210161416170470000E6
:10F4A00037480068704700BF10B93548006820B180
:10F4B00000680069C0F3C91070478220704700BF20
:10F4C0000068C0687047000010B92D48006860B13E
:10F4D00000680222016942EA111101F003010329C7
:10F4E00014BF0088408800B270470020FBE700BFCF
:10F4F00080B510B9FFF7D4FF08B1006A80BD0020C5
:10F5000080BD80B510B9FFF7CBFF08B1C06980BDE1
:10F51000002080BD18B101460248F6F7DABB014869
:10F52000F6F7C2BBA802002080B510B9FFF7B8FFFC
:10F5300008B1006980BD002080BD80B510B9FFF71B
:10F54000AFFF08B1406980BD002080BD80B508B91B
:10F55000FFF7A6FF806880BD10B90948006860B158
:10F5600000680222016942EA111101F00301032936
:10F5700014BF4088008800B270470020FBE700BF3E
:10F580006004002080B510B9FFF78AFF30B1D0F8D1
:10F59000541100200029C8BF012080BD002080BD7B
:10F5A000E0B500210022002300910FF081F98CBD0D
:10F5B0007CB50C7B032C09D34C883CB1DDE90654A7
:10F5C000A54203D04669CDE90054B0477CBD10B5D3
:10F5D0001021044609F0C1FCFF2020734FF4803055
:10F5E000206010BD2DE9FE4F81460C980C4603F5B6
:10F5F000B471DDF83C80154681420FD12819A8F876
:10F60000060005EB0900A8F80400601BA8F802003A
:10F61000A9EB0500A8F80000BDE8FE8FDDE90D1B91
:10F620006A1A02920222BBF1000F91FBF2F118BF9D
:10F6300001F1010BB0F5B47698BF0646B2B25A217B
:10F64000B2FBF1F0C0B2042808BF0320B3F5B47ACE
:10F6500098BF9A461FFA8AF3B3FBF1F1C9B20429A5
:10F6600008BF0321814201D1934276D999BB012879
:10F6700031D106F15A004746DFF8D88200B2C047C0
:10F68000A9EB0B0110FB05F001EBD030388030B254
:10F69000C04707460FFA8AF0C0478742A8BF5646C0
:10F6A00030B2C04702990F9E10FB01F0A4EB0B0192
:10F6B00001EBD03070800AF15A0000B2C04729191E
:10F6C00010FB05F05944F1800BEB090101EBD03040
:10F6D000B080BDE8FE8F012908BF022867D002294B
:10F6E00008BF032800F09980032908BF00287FF491
:10F6F00085AF019406F15A07964C38B2A0470AF13B
:10F700005A0800900FFA88F0A04700998142B8BFCC
:10F71000B8460FFA88F0A04702990F9F10FB01F03E
:10F72000A9EB0B0101EBD03038800FFA8AF0A0472B
:10F7300005EB09013A4610FB05F059449046B980A3
:10F74000019FA7EB0B0101EBD030508030B2A047F6
:10F750000BEB070110FB05F0F8E003293FF65CAF67
:10F76000DFE801F00290BEDF7A4F0FFA8AF0B84767
:10F77000029AA4EB0B0110FB02F001EBD030A8F8C9
:10F7800002000AF15A0000B2B847F3F786FF0BEB0C
:10F79000040110FB05F0F4F72DFB06F15A0000B24E
:10F7A000B847029AA9EB0B0110FB02F095E00BEBB6
:10F7B0000500684FA9EB0000A8F8000030B2B84778
:10F7C000A4EB0B0110FB05F03A460AF15A0701942D
:10F7D00001EBD0301446A8F8020038B290475A36F0
:10F7E000804630B2A0478045C8BF3E4630B2A047F1
:10F7F00002990F9E10FB01F00BEB090101EBD030D9
:10F80000B0800FFA8AF0A047019910FB05F0594427
:10F8100001EBD030F080BDE8FE8F0AF15A004D496F
:10F82000029F00B288470BEB050110FB05F0611A3F
:10F83000A8F80210A9EB0B0101EBD0304549A8F85C
:10F84000000006F15A0000B2884710FB05F00BEBF0
:10F850000901404D01EBD030A8F8040030B2A847B0
:10F8600010FB07F90FFA8AF0A84710FB07F0814553
:10F87000C8BFB2460FFA8AF0A84710FB07F00BEB9F
:10F88000040163E033490FFA8AF0029F88470BEBCB
:10F89000040110FB05F0F4F7ADFA0AF15A00DFF8A5
:10F8A000B4A000B2D0470BEB090110FB07F001EB4D
:10F8B000D030A8F8040030B2D047A4EB0B0110FB05
:10F8C00007F001EBD030A8F8020006F15A0000B2B0
:10F8D000D047A9EB0B0110FB05F001EBD03099E606
:10F8E0000AF15A001B4F00B2B847A9EB0B0110FBFD
:10F8F00005F0F4F721F9DDF808A00BEB040110FB8B
:10F900000AF0F4F777FA30B2B847F3F784FD0BEB5F
:10F91000090110FB0AF001EBD030A8F80400BDE8A3
:10F92000FE8F0AF15A000B4F00B2B847029AA9EBBA
:10F930000B0110FB02F0F4F7FFF8F3F76CFDF3F79F
:10F94000ACFE029A0BEB040110FB02F0F4F752FA42
:10F95000BDE8FE8F791802082DE9F04F8DB0904672
:10F960000446002B3CD0C87A0E460328C0F0208104
:10F97000E5691F465DB12046314642463B46A847F1
:10F98000012800F01581F07A0328C0F01181318937
:10F9900032693846F6F7CCF8002800F00481824638
:10F9A000007D00F01F000238122800F2DB800627DD
:10F9B000DFE800F00A0BD80A0B0A0A0A0A0A0A0A48
:10F9C000DAD8D8D8D8D8E2000527DAF820207AB1DA
:10F9D0002046414614F0A2F8504607F0C9F8E7E087
:10F9E000754A204641460DB0BDE8F04F14F096B878
:10F9F000DAF81800002856D03388B8F800E0B8F8D4
:10FA000002C0B8F80400B8F806207188ADF82CE000
:10FA1000ADF82EC0ADF83000ADF8322013B9B1F515
:10FA2000807F26D0A0EB0E00351D1BB20130CDE942
:10FA3000001501B2A2EB0C00013002B20BA8F5F7E1
:10FA4000FFFFB8F80000BDF82C10BDF82E200144CF
:10FA5000ADF82C10B8F802100A44ADF82E20BDF80D
:10FA600030201044ADF83000BDF832000844ADF845
:10FA70003200A16809AD0BAA2846F5F704FB00285F
:10FA8000AAD0D4F818C0D4F80890A560BCF1000F33
:10FA900006D0DAF818302046314642460097E04753
:10FAA000C4F8089098E7A1680BA84246F5F7EBFA6E
:10FAB000002891D0BDF82C00BDF830100297081A2C
:10FAC000013000B2049000EB400009F0E5F8059029
:10FAD0000B980C99D4F808900A91099009A8012173
:10FAE000FBF71AFEB8F80200BDF92EB0BDF82C10D5
:10FAF000ABEB00000690B8F8000007AF081A00B2A0
:10FB00000390BDF9320083453CDC3846494609AADA
:10FB1000F5F7B9FA18B3059800900698DDE90313D4
:10FB200002B2504607F0DAF8012831D13D46A7600D
:10FB3000A76937B102983146009009AA059B204673
:10FB4000B847BDF826002F460130ADF82600BDF8B5
:10FB50002A000130ADF82A000698013006900BF11A
:10FB6000010BCEE7042730E7308838B97088B0F54C
:10FB7000807F03D10E2728E7142726E70020CAF844
:10FB8000180021E70598C4F8089009F0D5F823E794
:10FB9000504606F0EDFF059809F0CEF8504606F005
:10FBA000E7FFC4F80890044A2046414613F0B6FF28
:10FBB0000DB0BDE8F08F00BF465A030810B51821FC
:10FBC000044609F0CAF9FF20E072002020814FF4BA
:10FBD00080706080207D40F00100207510BD70476E
:10FBE0002DE9F04FB7B01590887E0328C0F06082F1
:10FBF0000C680E46002C00F05B821598006A002805
:10FC000000F0568293462FA8314620221F46F0F777
:10FC10001EFC002F00F04C823878002800F048824B
:10FC20001598594682682DA8F5F72DFA002800F09E
:10FC30003F82317F707FDDF800A1012998BF01214B
:10FC400007911394810706D4BBF80000BBF8041099
:10FC5000091A013111E0B6F91210B6F91430326800
:10FC600041F6FF740290CDE900141AA8394611F04C
:10FC700029FEBDF86810BBF80000139AB6F91240CF
:10FC8000338BADF8B0004FF00008B2F90850BBF963
:10FC900002202C4498180B94F48ABAF1000FADF8A6
:10FCA000B200069418D0BBB9139CB2F1FF3F4FF0DD
:10FCB000000921DC0B9C4FF48063A3EB4403DAF8CA
:10FCC0000840A21A48BF5242139C9A4208DD4FF0E6
:10FCD000FF30CAF800000FE0139C4FF000090BE062
:10FCE000DAF80090B9F1000F4FBF4FF00009BAF8F1
:10FCF00004201044ADF8B200707FB6F914200BB2A6
:10FD000021460A93CDE9008007EB0900F6F7CCFA0B
:10FD1000BDF8B21048444A46814605FA81F015996B
:10FD20008968B1F9021088422CDA707FB6F9142084
:10FD3000214607EB09040A9BCDE900802046F6F72F
:10FD4000B3FABDF8B2100B9ABAF1000F1144ADF836
:10FD5000B21009B210D011F5806F0DDBDAF8002077
:10FD6000B2F1FF3F08DCCAF80090BBF90220CAF8E4
:10FD700008208A1ACAF804202278139C4844002AD2
:10FD8000C9D195E107989246032806D002280AD1E6
:10FD9000F3F78DFCF3F74BFB03E0F3F788FCF3F785
:10FDA000D2FEADF8B000D6E901010A46884238BF5C
:10FDB00002460F9288BF0146B07F0E9180071AD08D
:10FDC0000DF1A60000F0F6F9B089B17FADF8A600FC
:10FDD000B07E8DF8AE00A07B012898BF012040B214
:10FDE000ADF8A800C1F3C1009DF8AF1001F0FC010F
:10FDF00008448DF8AF001AA801F0E4F9308A0E9992
:10FE00004FF00008ADF86C004FF6FF70091A18BFEC
:10FE100001210F9A101A18BF012000EA010510975E
:10FE2000CDF814B00B9801380D90BDF8B000014624
:10FE3000049000210C91119117F80A10002900F08C
:10FE40003781069A07EB0A01A9EB0A0B0027CDF8C8
:10FE50002490CDF848A01491002110442891ADF8C9
:10FE6000B0004846594580F0AE8035B192485144C3
:10FE7000026810989047814601E04FF000091498FD
:10FE800019A918AA28ABF6F7F5F9707F1999C007D8
:10FE90001CD0232907D1002F59D0012F5BD0022F6E
:10FEA0005AD1002751E0012F10D1202958D128988C
:10FEB0000C99401A072855D1149816AB0844002114
:10FEC000062951D0425C5A540131F9E7B6F80C804A
:10FED000022F119808BF8046189A204605F05CFF53
:10FEE0008246F5B10F9881451BD30E98814518D2F3
:10FEF000BDF8B2100D9ABDF8B000ADF85A1011441B
:10FF0000ADF858005044ADF85E10B18A084401388D
:10FF1000ADF85C0015981AA916AA01F03FF9B6F8D9
:10FF20000E801598199BADF8C880046A2FA92CAAD9
:10FF3000A047BAF1000F06D0B08ABDF8B010504407
:10FF40000844ADF8B000DDE912A428998AE72898A2
:10FF500001270C90F9E70027B6F80C802321BBE7B6
:10FF60000127F2E7B0892BE09DF85800DFF84CA19B
:10FF7000D04711909DF85900D04708909DF85A003D
:10FF8000D04781469DF85B00D04740EA091000F059
:10FF9000FC00C7009DF85C00D04781469DF85D00DD
:10FFA000D0471199089A40EA0910DDF848A0C0B27C
:10FFB00042EA011147EAD00001F0F80140EA0120CD
:10FFC00011900227C1E7B07F81071ED504983168E0
:10FFD0000222F4F70CF8B1F90810ADF86400BDF98D
:10FFE000A80091FBF2F190FBF2F0BDF8B2201144B1
:10FFF00008440DF1A601ADF85A00ADF86600159859
:020000040801F1
:1000000016AA19AB00F0CAF8B07F109FDDF814B043
:10001000C00719D004983168F3F7E9FF4A890989C4
:10002000ADF8640094F90D001044BDF8B2201144FD
:10003000081A0DF1A601ADF85A00ADF86600159842
:1000400016AA19AB00F0AAF8707F0021B6F91420A7
:100050000A9BCDE900100998214607EB000A50469B
:10006000F6F722F907998146BBF800000329ADF89D
:10007000B00006D002290AD1F3F7C1FEF3F7D7F991
:1000800003E0F3F7BCFEF3F75EFDADF8B000BDF89A
:10009000B2100B9ADDF824A01144159AD144ADF8A2
:1000A000B21009B29268B2F9062091427FF7C4AE4D
:1000B00037B0BDE8F08F00BF6C00002001A600083B
:1000C000B0B52021044608F048FFFF20074900256D
:1000D000A0764FF6FF70C4E90010C4E902050520C0
:1000E0000DF0D8FEE5762082B0BD00BF2454030891
:1000F000036C03B118477047436C03B1184770474E
:10010000F8B50646C06B28B3F06C14460F4608F0ED
:1001100095FDD8B1F16C054608F01FFFF6F746F8DB
:1001200096E80E000068C5E9063222462962007C86
:10013000C0F3801085F8240038687968C5E90001AB
:1001400030462946F36B984708B1F8BDFEE72846CC
:1001500008F004FE0020F8BDB0B50C46054604F0DA
:10016000C4FF04F1180207CAC5E90021A860F6F728
:100170001DF8006894F82410026901F0030122F0D0
:10018000400242EA81110161AA6C12B1284621465F
:1001900090472046BDE8B04008F0E0BD10B54C885F
:1001A00014B10C7A032C00D210BDD0F824C0BDE8E5
:1001B0001040604710B50A21044608F0CEFEFF202B
:1001C00020724FF48030206010BD000010B5F54B58
:1001D0000022102A04D053F8324024B10132F8E74B
:1001E0004FF6FF7005E043F8320003EBC2004160B8
:1001F000D0B200B210BD00BF2DE9F84F0A9F814672
:1002000014468B461E46B046B7F90A00B7F90810E7
:10021000B7F90C20231AA1EB0B0C91B2B32A21DC05
:10022000B7F90E20B32A24DCB9B312B30DB295424C
:100230001FDDA0422FDCB86A03F1010ED7F854A0ED
:10024000012D00FB0EF00AFB03F34FEAA02EC0F2D3
:10025000AC805A2900F2A280002840F19F804FF024
:10026000000EA2E0B42909D10326A042C8BF01268E
:100270001FE091B1A04217DD03261AE0B7F90E2066
:10028000B52A0FDB1FFA82FE0DB20FFA8EF29542ED
:1002900008DDA04246DA012741E00126A042C8BF9E
:1002A000032606E0A042E7DD07F11000F3F7CEF8E1
:1002B0000646F88940B1B4280DD1B7F90A100120DB
:1002C000A142C8BF03201AE0B7F90A100320A142D7
:1002D000C8BF012013E001B2B32904DCB7F90A005A
:1002E000A04206DD0AE0B42803D0B7F90A00A04214
:1002F00004DD07F13C00F3F7A9F800E003206EB13C
:1003000060B1032E08BF032808D080F0010086F0FA
:1003100001010227084308BF012700E000273846F3
:10032000BDE8F88FBA6A7D6D581C50436B43B1F538
:10033000877F06D9CA082C2A03D8002801D50020B7
:1003400009E08212B0F5806F1046A8BF0020B1F519
:10035000877F28BF1046991207F1100ABEF5877FE4
:1003600007D94FEADE022C2A03D8002801D5002342
:1003700007E003460028C8BF0023BEF5877F28BFDB
:100380000346C81A03EB0C0101EB6000B042B8BF92
:100390000646012E38DB07F13C0026E05B2904D33A
:1003A000B0F5806FA8BF4FF0000E991207F13C0A1C
:1003B000012A0DDB00235A2A02D8BEF1000F08D40F
:1003C000BEF1000F48BF73465A2A98BF734600E03B
:1003D0007346C81A03EB0C0101EB6000B042B8BFD2
:1003E0000646012E10DB07F11000009033B248469C
:1003F0005946224600F0D8F8074630B948463146FB
:1004000008F0ABFD002700E0012726EAE67022464F
:10041000CDF800A000EB0B01A8EB000509EB0006EE
:1004200009B22BB2304600F0BFF8044618B9304686
:10043000294608F092FDA74218BF02276FE7000087
:100440002DE9FC41064608980D4640F2671190469A
:10045000B0F5B37FC8BF084620EAE077B3F5B37FB5
:10046000D8BF194621EAE1718F4203D2781A00F50C
:10047000B47004E088B2BAB2101A48BF4042A6F87D
:10048000680001200024F781B181A6F80A80358137
:100490000BB2424630710E48306088B22946B3280C
:1004A0004FF0000088BF0120009006F1100000F01E
:1004B0005BFAB8B23BB229464246B42806F13C008A
:1004C00038BF0124009400F04FFABDE8FC8100BF62
:1004D000F90101082DE9FC47324D984691468A46BC
:1004E00007460024286870B10668009038465146D7
:1004F0004A464346B04768B102380835B0FA80F042
:1005000040090443EEE7E0074FF0010018BF022066
:10051000BDE8FC870020BDE8FC8700BF10B504469D
:10052000007905280BD0022808D1606930B1016933
:10053000B1F1FF3F05DD41690139416110BDA0689E
:1005400003E0406808F00AFC6069BDE8104008F06C
:1005500005BC0000F8B5F0B1124F04460026B6F114
:10056000100518BF0125102E1AD057F8360080B19B
:100570000179022914D1028A00F10801807CC007A8
:1005800012B2204602D1F4F7A9FD01E0F4F70AFE09
:1005900030B10136E3E703480568002D18BF012597
:1005A0002846F8BD900300202DE9F84F0A9F8246A7
:1005B0009B46788A081A97F828100FFA80F9B88AAB
:1005C000CB07101A3A6A00B2002A51D0002B6BD127
:1005D000BA69012502FB00F4A612002A3346C8BFFF
:1005E00005EBA4234B4567DB09EB0B039E4200F3AD
:1005F0008980030202FB03F54FF4807303EB0020B4
:10060000C9EBA548C5F38723AD1450438414A54214
:100610000AD0B2F1FF3F00F30281002B40F0FF80CF
:10062000A8F10108FF232546B8F1000F12D4D845E0
:1006300010DA8901C0F387221AF8080049B21A4477
:10064000C90981EA5201C9B211F0D5FB0AF80800C4
:1006500097F8281088075AD45946D845B8BF08F1EA
:100660000101002900F02081012980F2C780D3E038
:10067000397C01F003021BBB880700F15081012A7D
:1006800003D1B9F1000F00F34A8109EB0B01002AF5
:1006900000F00581002900F10781C9F1000020EA7E
:1006A000E07159453ADBFFE0FA6902FB09F39B125E
:1006B000012A18DB834218DDC1F34000BDE8F88F42
:1006C000022AC0F02C8103D1B0F1FF3FC0F2278194
:1006D00000210028C8BF0121D01EB0FA80F04009D7
:1006E0000840BDE8F88F8342E6DB09EB0B03534378
:1006F0009B12012A04DB834204DBBA69000214E086
:1007000083420DDD012020EA5100BDE8F88FA5EB02
:100710000901594580F2C88000297DD4504679E00E
:100720004FF4807202EB0022B8694243C2F3872083
:100730009214C8B1B2EB090880F0FF02786A4FF05A
:10074000FF0302FB00F0A3EB20240AD4D84508DA0B
:100750000312C1F340011AF808005A430139F2F7B5
:10076000B1FF08F1010603E0A2EB0908FF244646A9
:10077000796A8C4217DD002E11D45E450FDA97F8A6
:100780002820A4EB51011AF80600920152B281EA26
:10079000D211C9B211F02FFB0AF80600796A641A67
:1007A00001365E45E5DB97F828105E4516DA002E27
:1007B00014D4D7E9062389011AF8060049B2624326
:1007C000920A6243520A82EAE37282EAD111C9B202
:1007D00011F011FB0AF8060097F82810880712D4C8
:1007E000002016F1020FC8BF01204000B6F1FF3F04
:1007F000FFF68BAF5E45BFF688AF711C0AEB0100B8
:10080000ABEB010106E0D8454EDCB8F1000F03D494
:100810005046414608F0A1FB0220BDE8F88F0020B9
:100820000024D845B8BF0124B8F1FF3FC8BF01205C
:100830002040B2F1FF3F3ADD83F0FF02FB695343F2
:100840009C1248B1C1F3400162431AF80800013913
:10085000F2F738FF97F82810B8F1FF3F17DB08F1DF
:1008600001065E4513DABB69C4F1FF0289011AF87B
:10087000060049B25343C9099B0A5A4381EA5221EF
:10088000C9B211F0B8FA0AF8060097F828108807DC
:1008900048D408F102015945A8BF5946E1E60029AC
:1008A0003DD4B9F1000F4ADD0020BDE8F88FFC69A6
:1008B0005C436442A41248B1890104FB03F21AF8B4
:1008C000080049B2C909F2F7FDFEBA69B8F1010F93
:1008D00018DBD84516DC234820445043C4F1FF02FE
:1008E000A8F10104810A1AF80400514397F828205E
:1008F000C2F34002013A82EA5121C9B211F07BFAF7
:100900000AF8040097F8280080071FD4D84506DAB3
:10091000B8F1FF3FFFF680AF08F101016EE701205B
:10092000BDE8F88F0020D845D8BF01204FEA40002D
:100930003FF7EBAEB8F1000F7FF56AAFE5E6C9F11E
:1009400000005845BFF668AF504463E76FEA0900FE
:100950002918022059453FF7D8AE0129BFF6DEAE6F
:10096000D3E600BF01FFFF072DE9FC41B3F1B40658
:10097000804614460D46D8BF1E4606F15A0000B206
:1009800010F07AFF074630B210F076FF04EB5010FB
:100990000899224600B2CDE9000105EB571029461F
:1009A00003B2404600F002F8BDE8FC812DE9F84FA3
:1009B0000E462C211D461746044608F0CEFA0A9A28
:1009C0000B9887EA020180F003031943B1FA81F121
:1009D0004B09F91AD21A09B212B2914202DD8846C5
:1009E000B14603E09046A9460A4635463C4B0021F5
:1009F00000F0030C94F82800A4F80E80A4F80C90E2
:100A000062812581A28265824FF0000A2746B8EBF9
:100A1000020E21712360237C20F0010003F0FC030F
:100A200063442374734648BFCEF10003B9EB050B52
:100A30005E4648BFCBF100069E4288BF4FF0010AD8
:100A40000090204647F81C1F40F8181F9E420ED900
:100A5000A94507D04FF4801191FBFBF101FB0EF18A
:100A600089123960009D9045724610D117E090457B
:100A700007D04FF4801191FBFEF101FB0BF18912BD
:100A80000160A945009D5A46F346384607D04FF409
:100A9000801393FBF2F202FB0BF29212026005EB61
:100AA0000A00BCF1020F21620AD0BCF1010F09D08B
:100AB000BCF1000F01D0012904DB00F0FD0003E0D0
:100AC0000129FADB40F0020084F8280000208A1097
:100AD000002948BFA0EBA1026262BDE8F88F00BF09
:100AE000A90501082DE9F04F85B088460E990493B9
:100AF00003908F7CB1F91000B1F90860B1F90A4098
:100B0000B1F90CA0B1F90E305FEAC77C05D1A24261
:100B100001DB934207DA00200BE1A242A8BF934217
:100B200001DA012005E137181FFA86F9474506DC8E
:100B3000049DAAEB000E05EB0807774563DD271837
:100B4000974202DC1F1A97425DDA8718DB43121BBB
:100B50001FFA8AF6D44312B23B448242B8BF03194B
:100B60004A691BB2D768D2E901E437F8132007EBD2
:100B7000430734F81330A9EB08047F882118BF1A03
:100B80003DB2DF433944BCF1000F02950FFA81FA00
:100B900063D14044F118DDF80CB04FF00008CDF8F7
:100BA00004A0081A411C03980FB2009100FA81F4C6
:100BB000A8187044A0F10109A84580F2888099F82E
:100BC000006017EB080009D40499884206DA14F88B
:100BD0000810304611F00FF904F80800BAF1000FC0
:100BE0000AD40498824507DA1BF80A10304611F03F
:100BF00002F9029D0BF80A00AAF1010AA9F1010904
:100C000008F10108D8E7A6EB0801BCF1000F40F09D
:100C10009380049881423FF77EAF002902D4039865
:100C200008F09BF9BAEB08003FF575AF441C049837
:100C3000A04205DD039804992044091B08F08DF9B2
:100C4000049802211FFA88F2A0424FF0020008BF68
:100C50000120914518BF08466BE000EB09014044B4
:100C60004FF00009611A3144194401310191F11822
:100C70005646081A0399B346013001FA80F80FFA74
:100C800080FAA8187044471EA9453CDA39781AEB57
:100C900009006FEA010409D40499884206DA18F8B9
:100CA0000910E0B211F0A7F808F80900002E09D4E5
:100CB0000498864206DA039DE0B2A95D11F09BF824
:100CC000A855029D013E013F09F10109DCE70098AA
:100CD000049E08FA80F0B042A8BF304601B2002856
:100CE00048BF0021039C6018711A08F036F901987A
:100CF000401B0130B042A8BF304601B2002848BFB7
:100D00000021204612E00198049A00B21146904258
:100D1000B8BF01460BF101009042A8BF104620EA7F
:100D2000E070091A21EAE171039A104408F015F9FC
:100D3000022005B0BDE8F08F21EAE17004998142FC
:100D4000F6DB00EB0801049BAAEB010101310A1854
:100D50009A42C8BF191A0029E6D5E9E72DE9F04FF4
:100D60008FB0054602202871DFF8D803AF7C2860D9
:100D700007F0FE07C8883B44E8818C88AC814E8828
:100D80006E81801B09880130AB7400B22981611A21
:100D9000013109B28142B8BF0846B2EB600FC8BF4B
:100DA000421022EAE276012A2E820ADBE64800217E
:100DB000702909D04218B3B2148B9C422DD01C313B
:100DC000F6E700206861B9E100214FF000097029C1
:100DD0000FD04218536953B9B9F1000F06D0136907
:100DE000D9F81040A342B8BF914600E091461C31AB
:100DF000EDE7B9F1000F21D0D9F8140031094FF413
:100E00007A720130B1F57A7F38BF3209B1B2102958
:100E100038BF0122C9E904201CE06A613409D2E923
:100E200004010131102B38BF01242044B0F57A7F32
:100E3000A8BF4FF47A70C2E904017FE11C2007F0DB
:100E4000FDFE90B31C21814608F087F84FF0FF307B
:100E5000C9F81000A9F81860C5F81490D9F8000076
:100E600008B107F07BFF06EB4600062101EB4000CE
:100E700007F0E4FEC9F80000B0B100EB460100EB5A
:100E8000860202310432C9F80C10B1B2C9E901027C
:100E900001290BD1B4214FF480320170D9E902014C
:100EA0000A600021018049E1FEE7FEE770004FEA99
:100EB000860A841CA00007F0EFFE0FFA8AF10027D3
:100EC00000EB4408CAF101030DF11C0E0DF12C0BCF
:100ED00055464FF0000C891007970B9100210691A1
:100EE00029B23CB28C4200F3B780391D0591002134
:100EF00004291AD01CB2002C05DD7C1B013D03EB3C
:100F00004403053302E003EB470303337C1C27B2A1
:100F10002CB2A74200F3A08005F003024EF8212076
:100F2000A2104BF821200131E2E70B9C0E99CDF87D
:100F300010A00FFA8CFA8C4211D1079920F81A40B0
:100F4000DDE90824069F02910A9928F81A70039196
:100F500002991144039A21448C1801216BE00C99E9
:100F60008C4225D1DDE90712069F20F81A40114472
:100F70000D9A28F81A70944243D1099A1144D9F86D
:100F8000042002F80A10D9F8041011F80A201201FE
:100F900001F80A200CF101010FFA81FA611E20F814
:100FA0001A109DF8281028F81A7001F10C0441E07D
:100FB000069F20F81A4028F81A70D9F804100091FA
:100FC000DDE907210391099902910A99019100999C
:100FD00001F80A20D9F8041011F80A20120101F8CA
:100FE0000A200CF101010FFA81FA611E20F81A1093
:100FF000DDE9022128F81A701144019A11440C1DF0
:1010000018E0D9F8042002F80A10D9F8041011F8F1
:101010000A20120101F80A200CF101010FFA81FAED
:10102000611E20F81A10DDE9091228F81A7011441F
:1010300001F108040221D9F8042001378C440697F5
:1010400002F80A40D9F8042012F80A40240102F8F4
:101050000A40DDE904A743E70FFA8CF340F2D321FD
:101060005D1E06FB01F430F91520A10A8A4203D166
:1010700038F9152091421ED06FF39F24B4F5007FFC
:1010800003D804FB04F2D40B05E0C4F580620F24FE
:101090005243A4EBD23428F8131020F813100CF1AB
:1010A000010CD9F80410CC54D9F80410CA5C120110
:1010B000CA540FFA8CF300EB0A01041F0FFA8CFAE2
:1010C0009A1E12D431F813200CF1010C20F81A20CA
:1010D00034F8132028F81A20D9F80420D718013B37
:1010E00017F8027C02F80A70E8E7D9F80CC0002271
:1010F00000EB860E0026ACF8002052451CDA37B211
:101100002CF8172030F81210D9F8084024F81710DE
:1011100052450FDA0EEB4203B5B29B88AB4209D1C0
:1011200030F912308DB29D42A8BF194624F817102D
:101130000132EDE70136E0E707F0FEFD0FB0BDE854
:10114000F08F00BFE50A010820030020F8B5124F18
:10115000044600260025102E04BF2846F8BD07EBE4
:10116000C6004068A04204D157F8365030B200F0B3
:1011700003F80136EFE700BF014601304FF00000F1
:1011800008D0054A52F8313042F8310002EBC10173
:1011900048601846704700BF9003002010B5538880
:1011A000D488E31A01331BB2012B0ADB138894881D
:1011B000E31A01331BB2012B03DB0369BDE81040C6
:1011C000184710BD10B53821044607F0C6FE0020B0
:1011D0000221A085E08360814FF0FF30A173FF21E1
:1011E00060600948217384F82A10A176E17084F8C0
:1011F000361084F82210606194F8230000F0C100DA
:101200001E3084F8230010BD245403082DE9F04F4C
:10121000D7B08146087B0328C0F0EC84B1F90240C6
:101220008846A5B2002D00F0E584DDE960BAD3451B
:1012300000F0E08449A81E461746FFF7C3FF98F860
:101240000D00B44200F003008DF82601C8BF3546FA
:10125000D8F80800109530B14D9098F80C008DF832
:101260003E01002005E0B8F80000ADF8280198F82C
:101270000C0039888DF82701701EB8F8025042180A
:101280008B1B7988ADF82021ADF81C312B44521B03
:10129000ADF81821D21A8C1B0844ADF814314FF662
:1012A000A6730132ADF82201401B2919ADF81E4189
:1012B00003F1590512B2ADF81A01ADF81611012A61
:1012C00011AA82E8C00212DB401A013000B20128E4
:1012D00013DB3FAC45A947F6FF72012301262046E8
:1012E000FFF73CFD2046F2F7D3FF074607E06FF01B
:1012F0005900002600F1590701E000262F4639ACBD
:1013000047A947F6FF72002347F6FF792046FFF70B
:1013100025FD2046F2F7BCFF04460BF5B47050459E
:1013200003D00AF5B47058451BD1ADF8249149A9F2
:1013300047AA1398FFF732FF2046FFF71DFFB8B208
:10134000A9B2884202D038B2FFF716FF39A8FFF7DA
:10135000E5F8002E00F04E843FA8FFF7DFF800F01C
:1013600049BC40F267114FF4B473CDE907470996C1
:101370000B95BAF5B47F40F2671028BF5146B1FB18
:10138000F3F202FB1312511A129A01EB0A05BBF594
:10139000B47F2CB2B2F90010B2F902200D9400947F
:1013A00028BF5846B0FBF3F404FB13031EAC181A15
:1013B00000EB0B0720460FFA87FB5B46FFF740F870
:1013C000B8B2AEB20F950597851B0E90204638BF78
:1013D00005F5B475F2F75CFFDDF84C908246119884
:1013E000D9F808700B280A972ED33C2D2CDD5A20F3
:1013F000CDE903AB0696B6FBF0F102910E99B1FB75
:10140000F0F010F003020C9224D0592E58D90E9807
:1014100086424FF6A67680F097800298824240F08E
:1014200093801299119A08884988ADF86000ADF848
:101430006210114410443A46ADF86610ADF86400ED
:1014400018A8F2F7C5FCA8E049A947AAF2F75CFB87
:101450000B9D50E3592E3DD80E9886423AD9129EE4
:10146000DFF8C0A758467588D0471099119F09B278
:101470003AB2541A604305EBD0303588ADF86200BB
:1014800005985A3000B2D047F2F72EFED04710FB35
:1014900007F00A9F05EBD0303588ADF866000F984D
:1014A0005A3000B2D04760433A4605EBD030ADF831
:1014B000600018A8F2F78CFCF2F7C6F96FD11BE1B7
:1014C000109811994FF6A67600B20FFA81FAAAEB9E
:1014D000000B46E0129D119E28886C880FFA86FA50
:1014E000ADF86000A019ADF86600109801B258463A
:1014F000AAEB010B10F0C0F9F2F772FE0598F2F7B3
:10150000A8F810FB06F03A4604EBD030ADF86400C2
:1015100018AC20462146F3F7B6FD28B1C9F80840BB
:1015200049A947AAF2F7F0FA06980C9A4FF6A67660
:10153000592815D90F98109DC9F808705A3880B2EB
:101540005A28C0F0BB80DAE0022A00F0CF80032ADC
:1015500040F060830698400886287FF662AFCBE0B3
:101560001199129D28886C880844ADF86240F2F702
:1015700033FF0AFB00F004EBD0302C88ADF8660096
:101580000F98F2F766F80BFB00F03A46F2F7DBFE35
:1015900018A8F2F71DFCDDF810B00C9A38B118A8A5
:1015A000C9F8080049A947AAF2F7AEFA0C9A0F98B1
:1015B0000024C9F80870B43880B2B04238BF0124A2
:1015C000012A3ED106990E9A914244D9B04242D3A3
:1015D000129EDFF8509658467588C847119FB6F896
:1015E00000A010FB07F005EBD030ADF866000598C1
:1015F0005A3000B2C847109D3AB229B2541A60431B
:101600000AEBD030B6F802A0ADF864000D98C847D8
:10161000604334880AEBD030ADF862000F985A303E
:1016200000B2C84710FB07F0DDF84C90F2F78BFED4
:1016300018A80A9F0146F2F7CCF8F2F705F97AD11B
:1016400053E1109DB0425AD3119928B20FFA81FA92
:10165000AAEB000B32E0129E119F30887588C01BE8
:10166000ADF86250F2F720F910FB07F00FFA87FA95
:1016700005EBD0303588ADF86600109800B2AAEBC3
:10168000000B0598F1F7E5FF0BFB00F005EBD03000
:10169000ADF8640018AD0A9F28462946F2F799F87C
:1016A00028B1C9F8085049A947AAF2F72DFA109DA8
:1016B0000C9A002C4FF6A67640F09F80129D288849
:1016C0006C880138ADF8640011982044ADF86600CC
:1016D0000D9810F0D1F8F2F783FDDDE90F05F1F771
:1016E000B8FF0AFB00F0F2F72EFE1EE00F985A3802
:1016F00080B25A28FFF495AE109DC9F8087006987C
:101700000E9988426FD2029882426CD11299119B35
:1017100048880988ADF862001844CA1AADF8660016
:10172000481EADF86020ADF8640018A83A46F2F7FC
:101730004FFB0C9A38B118A8C9F8080049A947AA64
:10174000F2F7E2F90C9A0F98022AC9F80870A0F58E
:10175000877442D1129E06980E9A4FF6A671B6F87B
:1017600000A0904253D9A0B2884250D30598DFF828
:10177000B4945A3000B2C847119FDDF810B0758894
:1017800010FB07F00AEBD030ADF860005846C847B0
:1017900010993AB209B2541A604305EBD0307588FB
:1017A000ADF866000D98C84710FB07F00A9FF2F7E6
:1017B00000FCC84760433A4605EBD030ADF8640002
:1017C00018A8F2F705FBDDF84C900B9DDDF80CA096
:1017D000F2F73AF840F0AB80FDE0A0B2DDE903ABF0
:1017E000B04256D285E0032A79D0002AABD10298C4
:1017F00020F0010002283FF489AF0F98DDE903AB28
:10180000C9F80870B43880B25A2842D371E0AAF1FE
:101810000100119DADF864007088401BADF86200B6
:101820000598F1F716FF10FB05F0DDF810B029B2AE
:10183000B6F802900AEBD030ADF86000109800B214
:101840000D1A584610F018F868430DF1600A3A4630
:1018500009EBD0305146ADF866005046F3F713FC63
:1018600058B1DDF84C90C9F808A049A947AAF2F789
:101870004BF9A0B24FF6A67104E0A0B24FF6A671E4
:10188000DDF84C908842109DDDF80CA00C9AC0F059
:10189000E580129E119F348839B2E01BADF86000DC
:1018A00070880138ADF8660028B20D1A0F98F1F76C
:1018B000D0FE684304EBD03074884FF6A676F2F77A
:1018C0008BFD10FB07F00A9F04EBD030ADF86200EF
:1018D00018A83A46F2F77CFA0C9A0B9D26E00F986E
:1018E000B43880B259287FF611AFDDE903ABC9F8EF
:1018F000087006980E990B9D884262D20298824227
:101900005FD1129A119B1088C11A0138ADF860108E
:101910005188ADF864004A1EC81AADF86620ADF8CB
:10192000620018A83A46F2F753FA0C9A38B118A890
:10193000C9F8080049A947AAF2F7E6F80C9A0F98E7
:10194000032AC9F80870A0F5B47435D112980E991D
:10195000B0F800A00698884241D9A0B2B0423ED368
:101960000598DFF8C0B25A3000B2D8471099119FDD
:10197000129E09B23AB27588541A60430AEBD0300D
:10198000ADF860000498D84710FB07F0F2F711FBA0
:10199000D847F2F7A9FBD8476043DDF810B005EB54
:1019A000D030ADF8660018A80A9F0146F1F711FF84
:1019B0000B9DDDF80CA094E0A0B2B042069854D282
:1019C00074E0012A3FD0002AB9D10F98A0F58770A2
:1019D00080B25A2895D30698C9F8087066E0119F1E
:1019E000129E0AEB070039B2ADF864007088013826
:1019F000ADF86600109800B20D1A0598F1F729FEAF
:101A0000684375880AEBD030F1F74EFF10FB07F002
:101A10000A9F0DF1600A05EBD0305146ADF8620027
:101A20005046F1F7D6FE28B1C9F808A049A947AA3F
:101A3000F2F76AF8A0B24FF6A6710B9DDDF80CA084
:101A4000884212D255E0029800283FF45AAF02981B
:101A500003283FF456AF0F98A0F58774A0B20B9DF2
:101A6000C9F808705A28069820D2129D119E6888DD
:101A70002C88801BADF86040ADF862000F98F1F73C
:101A8000E8FD10FB06F031B26D8804EBD030ADF804
:101A90006400109800B20C1A0D980FF0EDFE604330
:101AA00005EBD0300B9DADF8660016E00E9988422C
:101AB00080F0A38002998A4240F09F8012990888A2
:101AC00049884A1EADF86000ADF86620119A1044AE
:101AD000ADF86400881AADF8620018A83A46F2F72B
:101AE00077F930B118A8C9F8080049A947AAF2F750
:101AF0000BF8C9F808701EA8FEF710FD39A8FEF70C
:101B00000DFD0998109C10B13FA8FEF707FD504647
:101B1000FFF732FB0798FFF72FFB089AA9B290B2A4
:101B2000884202D010B2FFF727FB98F80D0040075B
:101B300060D511983D46E7B216AC3A46234606B248
:101B400058463146F7F789FF129ABDF858100DF143
:101B5000500BF1F725FC2946ADF85E005846F3F727
:101B600092FAC0B10DF1600A16A947F6FF72002380
:101B70005046FFF7F3F85046F2F78AFB0446C9F8DF
:101B800008B049A947AAF1F7BFFF2046FFF7F4FACA
:101B90005046FEF7C3FC16AC0D9831463A46234634
:101BA000F7F75BFF129ABDF85810F1F7F9FBADF8A3
:101BB0005E0014AE0A9F30463946F3F764FAB8B1B6
:101BC00018AD16A947F6FF7200232846FFF7C6F89E
:101BD0002846F2F75DFB0446C9F8086049A947AA00
:101BE000F1F792FF2046FFF7C7FA2846FEF796FC6A
:101BF000C9F8087057B0BDE8F08F012A06D0022A54
:101C00007FF477AFB428FFF459AF72E759287FF615
:101C100055AF6EE70F980024B43880B2B04238BF99
:101C20000124CFE47918020870B514460D46064623
:101C3000F5F71AFE304629462246BDE87040F5F712
:101C4000E3BFBCB50546087E03280ED30C46AA6840
:101C500009686846F3F717FA38B1696B09B1284685
:101C600088476A6D284621469047BCBD2DE9F04F54
:101C70009DB00F468046097CF86810B1002900F03D
:101C80005C864C1E18BF0446D8E9010239680588F5
:101C900086881BA8F3F7F7F9002800F04E86701B22
:101CA00000F1010BF4F782FA8146D8F80000D9F868
:101CB00000C01A90DCF81C1029BBD8F80410BDF93C
:101CC0006E309CF81060B1F902209A1A0FFA8BF36B
:101CD00076060AD4B1F90010BDF96C601A98711A31
:101CE00002FB031100EB41000CE05A43B1F9001074
:101CF000BDF96C301A9802EB4202591A024401EB0A
:101D0000410150181A90796899B13A68BDF96E008E
:101D1000BDF96C50B2F90030B2F902609288D21A63
:101D2000801BED1A561C32B200FB025001EB400042
:101D300001E000200026199034B39CF81000000741
:101D40000FD47869F9F7B3FC0021814209DA625CAB
:101D5000802A4FF0000288BF4FF0FF3262540131F9
:101D6000F3E77869BDF96E50BDF96C30B0F9022027
:101D7000B0F900108088401AAA1A5B1A451C28B2D4
:101D800002FB0030044401E000250024D8F80400E0
:101D900042880088404201B2504202B21BA8F9F7C3
:101DA000AAFCD9F80000C069002853D07868002840
:101DB00000F0E780387E1890F4F7F8F91790BDF836
:101DC0006E00BDF87210F1F7A2FE0FFA80F8002C39
:101DD00000F01F8128B2CDF858B0A4464FF0000B98
:101DE000149030B2400013901598834580F2A58579
:101DF0000024444525DA1CF8040000B3189A199908
:101E00004FF6FF77BDF86E50BDF86C3029EA070732
:101E1000504331F81410020A179807EB010905EB3B
:101E20000B016546006809B2C669CDE900191919A8
:101E300002920BB216990AB21A99B047AC46013415
:101E4000D7E7199813990BF1010B084419901498CE
:101E50008444C9E7787E7968002800F00D81002964
:101E6000CDF858B000F02782032800F26685BDF84F
:101E70006E10BDF872200138B246A846234640B223
:101E8000511ABDF87020013109B21391BDF86C10E0
:101E9000511A3A7E01310FFA81F9DFF8A41A002CA9
:101EA000159251F82060199805881A98018800F059
:101EB000A783187800FB02F3FC28284698BF1A0A6B
:101EC000CDE917211496B0470FFA88F1DDF854C018
:101ED000AE462646002212910FFA8AF1490011916E
:101EE000169909B24900109113998A4280F225850A
:101EF0001A9B4FF0000B1692CB4536DA16F80B10F2
:101F000081B3E24601FB0CF2FC2998BF4FEA122A8A
:101F1000199933F81B4031F81B70BE450BD1189945
:101F2000A14208D11799C9B2514504D1189CDDF8D6
:101F30005CA077460FE04FF6FF706FF30F05149B20
:101F4000524628EA0000254400EB0708294640468F
:101F50009847DDF854C01A9BBE461894CDF85CA093
:101F600023F81B000BF1010BC6E71999119A1144D4
:101F7000169A1991109901320B4412991A930E4432
:101F8000B2E738891990387E1890F4F70FF9002CD1
:101F9000179000F0FF81BDF86E00BDF872104FF091
:101FA000000ACDF858B0F1F7B2FD0FFA80F928B267
:101FB00014901598824580F2C0844FF0000BCB45F9
:101FC00022DA14F80B00E0B11899BDF86E304FF624
:101FD000FF76BDF86C2028EA0607199E4843534453
:101FE000010A179807EB06081BB20068C569029141
:101FF00002EB0B01CDE900380BB216990AB21A991F
:10200000A8470BF1010BDAE714980AF1010A04441E
:10201000CFE730B2DDF868A0D9464FF0000B4FF69D
:10202000FF77400016901598834580F2868400263D
:1020300046451ADA1998BDF86E30BC43BDF86C20DD
:1020400030F81610179800680C4403EB0B0109B226
:10205000C569CDE900141899029191190FFA89F216
:102060000BB25146A8470136E2E7199816990BF1D1
:10207000010B08441990D6E7002900F0B081F1F770
:10208000ECFA0990F1F7A7FE00F09B822346B9F124
:10209000FD0F40F2F7821998DDF86090002100F101
:1020A000040A1A98071D28B205901898043817904A
:1020B0000FFA8BF04000049030B21E4640000390AF
:1020C0000998814280F23984DDE919B400259846E7
:1020D0000691CDE9077A12964D452FDA581910F07E
:1020E00003002BD0725D0AB3FF2A06D119981A9902
:1020F00030F8150021F8150018E01998169B4FF6D6
:10210000FF711A9E30F8150023EA0101159B08445F
:1021100036F815106FF30F030B441946CDE915304F
:10212000FCF7E8FA26F81500129E434602340BF13C
:10213000020B0AF1020A02370135CDE72E44179847
:10214000854280F282803068002863D0411C0BD128
:102150003AF8040C27F8040C3AF8020C27F8020CA1
:10216000BAF80000388052E0C2B2C2B1FF2A02D1F0
:102170003AF8040C11E010994FF6FF7037F8043C60
:1021800021EA00003AF8041C08441199F1F7B5FF60
:10219000CDE91001FCF7AEFA434627F8040C72783B
:1021A000C2B1FF2A02D13AF8020C11E00E994FF6A3
:1021B000FF7037F8023C21EA00003AF8021C08449C
:1021C0000F99F1F79AFFCDE90E01FCF793FA434618
:1021D00027F8020CB278B2B1FF2A02D1BAF8000097
:1021E00010E00C994FF6FF703B8821EA0000BAF826
:1021F000001008440D99F1F780FFCDE90C01FCF7C0
:1022000079FA43463880F27822B1FF2A0BD1BAF826
:102210000200788008340BF1080B0AF1080A08372D
:10222000043504368BE70A994FF6FF707B8821EA64
:102230000000BAF8021008440B99F1F75EFFCDE9EF
:102240000A01FCF757FA4346E3E7DDF820A0002730
:10225000E81948451DDAF25DB2B1FF2A02D1BBF898
:10226000000010E013994FF6FF70238821EA000068
:10227000BBF8001008441499F1F73FFFCDE91301B2
:10228000FCF738FA4346208002340BF1020B013789
:10229000DEE704991A98039A079F129E08440F4498
:1022A000069992441A901998013110441990059892
:1022B0000344064404E7032800F23F83BDF86E1090
:1022C000BDF8722001383E8997F81890234640B235
:1022D000511ABDF870201996013109B21591BDF857
:1022E0006C10511A01310FFA81FBDFF85416002CE3
:1022F00051F820701A98B0F8008000F01982187810
:102300004A4600FB09F1FC2898BF0A0A3046189794
:102310004146B84729B2274600231491169909B2BD
:10232000490016910021159A934280F206831A9C67
:102330004FF0000A1793DA4524DA17F80A20F2B1B1
:1023400034F81A308A4208BF984516D002FB09F0CB
:10235000FC2A4A466FF30F0698BF020A4FF6FF7039
:1023600019991E44189B25EA000045183146284655
:10237000984734F81A8017F80A1024F81A000AF15E
:10238000010AD8E7169A179B1444149A01331A9439
:102390001744C8E7BDF96E404FF6FF780FFA8BFB84
:1023A000BDF97200844200F3C882BDF96C50BDF9DA
:1023B0007000854211DC1798199A27EA08012BB2A0
:1023C00000688F1821B25A46C669CDE900171899DE
:1023D00002911A99B0470135E9E70134E0E7F1F7D6
:1023E0003CF90B90F1F7F7FC3889199000F08A81DD
:1023F000A4460FFA8BF0B9F1FD0FC0F0C98119990D
:102400004000002441EA01410C911899A0EB4100E1
:102410000E1F099028B20D96401A08900B9884421E
:1024200080F28B821A9F09980A9400240025E046C6
:1024300007EB000A3E461898854221DA0CEB0500AE
:1024400010F003001CD01CF80520FF2A10D01799AB
:102450004FF6FF706FF30F0921EA00001999084445
:102460003188179089444946FCF744F9C44600E096
:10247000199826F8020B0AF1020A02340135DAE74C
:102480000D9EB54274DC5CF8050000286BD0411C41
:102490000CD1381980071CD0199907EB450027F893
:1024A0001510C1800C99C0F802105CE0C2B2FF2A7E
:1024B00016D015994FF6FF70149BF0F785FF37F88B
:1024C00015100B441946CDE91430FCF713F9C44636
:1024D00007E00C9907EB450047F81510416042E012
:1024E000199827F8150007EB45060CEB05077A78D5
:1024F000FF2A0DD013994FF6FF70129BF0F764FF7F
:1025000071880B441946CDE91230FCF7F3F800E06E
:1025100019987080BA78FF2A0DD011994FF6FF7084
:10252000109BF0F751FFB1880B441946CDE91030EC
:10253000FCF7E0F800E01998B080FA78FF2A0DD097
:102540000F994FF6FF700E9BF0F73EFFF1880B449A
:102550001946CDE90E30FCF7CDF800E01998F0806F
:102560001A9F0D9EC4460AF1080A0834043588E70C
:102570000A9C189885421CDA1CF80520FF2A11D005
:1025800016994FF6FF706FF30F0B21EA00001999AF
:10259000084437F8151016908B445946FCF7AAF8F2
:1025A000C44600E0199827F815000AF1020A01351F
:1025B000DFE708980134CDF868A0604400EB050C13
:1025C0002CE7B9F1FC0F40F23681189800274FEA4A
:1025D00040080FFA8BF04FEA400930B246000998E4
:1025E000874280F2AA811A9D199C424628462146BC
:1025F00006F0ECFB4D44344401371A951994EEE78C
:1026000028460F46B346B0470FFA8AF1159A2B4673
:10261000002449001791169909B24900169113999F
:102620008C4280F28A81189400244C451FDA1A9952
:10263000CA4631F81490199931F81480434508BFFF
:102640004F450ED04FF6FF706FF30F0625EA0000DE
:102650004E4400EB080531462846D847159A4F46A8
:1026600043461A99D14621F814000134DDE719993F
:10267000179C2144169C19911A992144189C1A916F
:102680000134CCE728B24FF6FF7A17900FFA8BF09F
:102690004FF0000B4000169030B2400015900998A2
:1026A000834580F24A810024189884421DDA185D1F
:1026B000C8B1199925EA0A026FF30F07984631F855
:1026C000141055184A4600FB09F1FC2898BF0A0A65
:1026D0001A9E36F81400074428463946FCF70AF8D3
:1026E000434626F814000134DEE71A9816990BF1D8
:1026F000010B084415991A901998084419901798D5
:102700000344CCE7B9F1FD0FC0F0C6800FFA8BF09F
:10271000002544000B98854280F20F811A9EDDE966
:1027200018213046FBF75FFF264401351A96F1E782
:10273000304641464A46BA46B8471699002209B281
:102740004900179115998A4280F2F7801A9900245E
:1027500018925C4516DA31F81470B8450DD04FF672
:10276000FF7019996FF30F064A4625EA00003E44B0
:10277000451831462846D047B8461A9921F8140022
:102780000134E6E7179A1144189A1A910132D9E7F1
:102790004000189A29B20025002315901A98891A2A
:1027A00000221691018808460B9CA54280F2C58044
:1027B0001A9F4FF0000A1795189CA24531DA1CF8B1
:1027C0000A605EB33D464F4606FB09F4FF2E18BF74
:1027D000270A964208BF1F4635F81A40964205D18F
:1027E0008BB2A34202D10C46164610E04FF6FF70A2
:1027F00019996FF30F0BFAB2654628EA0000A3445B
:1028000000EB010859464046FBF774FFAC461A9DA1
:102810003B46214632462F4625F81A000AF1010AA6
:10282000CAE7159C179D2744169C01351A976444E6
:1028300004EB0A0CB8E70FFA8BF04FF0000A4FF6E2
:10284000FF7B4000179030B246000998824574DA49
:1028500000241898844215DA1998DDF8688027EA70
:102860000B016FF30F054A4630F814000F1838F8C3
:102870001400054438462946FBF73CFF28F81400AD
:102880000134E6E71A9817990AF1010A08441A90E8
:10289000199830441990D8E7199D00214A4600271D
:1028A0002846FBF727FF09F1040205F01F014FF44A
:1028B0007E3E4FF4FC694FF0000802F0F8045A46DF
:1028C00001FB04FAC5F3451101FB04FBE90A01FB16
:1028D00004F311B24FEA410CE143CDB248F2810159
:1028E0000B9A904529DA0024189A94421FDA1A9A12
:1028F00032F81460B74216D0F00A06F01F0710FB3A
:10290000053017FB05A748434F430EEA1030C7F3C5
:10291000C4573844C6F3451717FB05B74F4309EAB8
:1029200097473844374622F814000134DCE71A9AF6
:1029300008F1010862441A92D2E71DB0BDE8F08F99
:10294000F06102082DE9F0470A989846099C089D15
:102950004FEA420AB0F90030B0F902006700604364
:1029600005EB400000EB4305B8F90230B8F9000070
:1029700003FB02F69CB201EB460101EB4006B8F8FE
:102980000410081A013000B24FEA4009B8F90600F5
:1029900021B28142C8BFBDE8F087304629464A4689
:1029A00006F014FA56443D440134EFE72DE9F04FA8
:1029B000A3B0054680680C460A9316460168406835
:1029C0002191229021A8FDF7C5FD1190208808B122
:1029D000012704E06088B0F5807718BF0127DDF893
:1029E000B08018A81C2106F0B8FA1FA8217B189007
:1029F000E07A8DF8780001F00F008DF879001198D9
:102A0000384300F0D281A8687188F28810940D973D
:102A10000E96A2EB010BC4883188B288B0F8028010
:102A2000511AADF88240ADF87E8015918188ADF8DD
:102A300080100088ADF87C00081A01300FFA80FA87
:102A4000F3F7B4FBFCF740FD0DF17C090646484660
:102A5000F8F72DFEB0428FBFB6FBFAF4A4EB0800E6
:102A6000013004B204FB0AF60BF10108159801309D
:102A70000790700006F010F907463046099606F0F8
:102A80000BF91B90CDE91207BDF87E000C94CDF830
:102A90007490BDF98260DDF84090022219972118E8
:102AA0002C9C0139042CADF8821008D1B9F8003003
:102AB0002BB9B9F80230B3F5807F08BF0122079F18
:102AC0000A9B8DF8702017FB08F203EB4202069276
:102AD0003AB214927A0012B2159216AF0FFA88F237
:102AE00048F281080F950B96089202B2B24200F3A9
:102AF0005381ADF85A00BDF87C00ADF85E100E9918
:102B0000ADF85800BDF88000ADF85C004888098831
:102B10004942404202B209B23846F8F7ECFD0D983E
:102B200000287AD00898149B0A9A3946039400909A
:102B30001398CDE90139049012980590284602F0C7
:102B4000BAFADDF840904FF0020B4FF4784E99F846
:102B50000A30032B2FD3B9F80820139C099DC2F328
:102B6000451102F01F00D20A00FB03FC59435A43EF
:102B700083F0FF03FDB12688013DF70A06F01F0030
:102B8000C6F3451617FB032710FB03C016FB0316FD
:102B900007FB08F700FB08F006FB08F60EEA1737FC
:102BA000C0F3C45038444FF4FC6707EA96463044FB
:102BB00024F8020BDEE711980F9D16AFC8B1BDF8DF
:102BC0007E60129CBDF9820032B2824211DCBDF9F6
:102BD0007C1020465346FDF77DFC022804D028B91E
:102BE0002046514606F0B9F98DF870B054440136CC
:102BF000E8E7284618A9FFF724F8BDF882100C9AD8
:102C00000B9E2C9C481C114409B2ADF87E00B142C9
:102C1000A8BF3146ADF8821067E7042C07D02C9886
:102C2000052844D014287BD006287FF48AAF16A844
:102C3000F8F73DFD81461298494606F0B7F9BDF90F
:102C40005A10BDF95800149A0A9B139FDDF8B0B0D2
:102C500011FB02028DB203EB4204BDF85C20101A96
:102C6000013000B24600BDF95E1028B2884209DC8E
:102C700038462146324606F0A9F815983744013502
:102C80000444F0E7BBF1060F7FF45BAFDDE91210FF
:102C9000B9F1000F3FF455AF0288A9F10109B2F56F
:102CA000FC6F04BF00220A7002300131F0E7F0F738
:102CB00092FB4FF0000B11FB020202EB42021A449E
:102CC000BDF85E30591A079B01310FFA81FCBDF83F
:102CD0005C10081A013001B2181A00EB40004FEAEC
:102CE000410E0FFA80F9DDE912070FFA8BF3634505
:102CF000BFF627AF02EB090300258D420ADA05EB88
:102D0000450403331619B6784655145B27F8154069
:102D10000135F2E7774408440BF1010B1A46E4E76A
:102D2000F0F759FB139C002511FB020203EB42064E
:102D3000BDF85E20511A01310FFA81FBBDF85C101D
:102D4000081A01300FFA80F94FEA490728B25845AE
:102D500009DA204631463A4606F038F815983C44E0
:102D600001350644F2E7BDF95800BDF95A10149A2E
:102D7000129C002511FB020006990E1828B2584536
:102D8000BFF6DFAE204631464A4606F01FF81498DB
:102D90004C4401350644F1E7129805F0CDFF139835
:102DA00005F0CAFF23B0BDE8F08FB8F1140F0ED0C4
:102DB000B8F10E0F24D0B8F1040F7FF424AEA07A3E
:102DC00000287FF420AE0A98189619902BE0A07A7C
:102DD00000287FF418AE0220F188B2881D9618965C
:102DE0008DF870007088081A31880130511A01314D
:102DF00011FB00F00A9901EB400019911B9012E0C1
:102E0000AA6816A83146F2F73EF90028CAD00A98F7
:102E10001D9618961B900020199002208DF87000C6
:102E20002089ADF8680018A92846FEF70AFFB9E71F
:102E3000F8B50C460846582106F08FF8144A114997
:102E40001C48DFF83CC0184D164B184E184F6265F1
:102E5000104A21610C49C4E90A76C4E90CC5A26490
:102E60000D4A6161094962640C4AC4E908101248BC
:102E700022640B4AA0612C20E064C4E90E32F8BD44
:102E8000291C01088B3E01080D1201088930010838
:102E90006D1C0108813001080B2F0108BD2E0108AF
:102EA000992F010845290108B5500108E14A010898
:102EB000D93B01089D340108AD290108F8B50D463C
:102EC0000446D707F3F772F9064647B9A86A20F017
:102ED0000040A8623068016921F040010DE0A96A54
:102EE000686921F0004106F038F8A86A40F0004017
:102EF000A8623068016941F04001016105F10800F4
:102F0000C4E9010068692060F8BD2DE9FF410E4663
:102F10000446D0E90001904606F11807B56A8CCF47
:102F200003900520C4E90073B5F1FF3FA260C8BF5C
:102F300004200A888DF80400CB8848888988891A7B
:102F40000422181A02EB810141F6FC720130114093
:102F5000C30841EA40308DF80730ADF80500F3F7BB
:102F600025F9006896F82410026901F0030122F0A7
:102F7000400242EA811106F10802016101AE2046D9
:102F800041463346FCF7E8FC204602F0AEF83046F6
:102F900003F0D4FABDE8FF8170B50546D00769D1CA
:102FA0000C4690072AD4D4E90001264646F8080FBB
:102FB0002046E160F8F77BFB304901EA4000A16A56
:102FC00001F000410144A16205F038FEA16A606190
:102FD00021F0004105F0C1FFA16A606921F00041C4
:102FE0000028A16246D0C5E90006AE60F3F7DEF81E
:102FF0000068016921F0400101613CE0A06A4FF4E2
:10300000C04161F31E00A0622046F8F750FBA26A9F
:10301000014622F00040B0EB410F06D948001749A5
:10302000084002F000410144A16205F007FE606122
:1030300058B9A06A4FF4406161F31E00A0624FF4DA
:10304000406005F0FBFD6061A0B1D4E90001A26A17
:10305000C4E90201030C081A22F000420130E381A6
:1030600000B292FBF0F041086182032190FBF1F085
:10307000208200E00024204670BD00BFFEFFFF7FDD
:10308000486905F06BBE00002DE9F04FA7B08046FF
:10309000086817460E461D461A461FA9002302F06F
:1030A0008FFD002870D0BDF88400002800F0A680B5
:1030B000BDF88210002900F0A1803A88BDF8863062
:1030C0001A4401FA82F3D8F80810B1F90040A3427B
:1030D000C0F294800FFA82F9B1F90420914500F30F
:1030E0008D8033687A881C895B892244BDF88840CA
:1030F00003442344D21A17B2B1F902203844904253
:103100007CDBB1F90600874278DC1F98294602F083
:1031100053FD002872D082461F98007B80076DD136
:103120009DF88A0000F00F0BBBF1030F08BF4FF0B2
:10313000040BABF10101072960D8C8B28B2222FA37
:1031400000F0C0075AD0BBA2B07E0F9752F82150B2
:10315000C0A252F82120FC28049252D8DFF834C3D0
:10316000C4A252F821209CF80030834240F05281E2
:10317000DCF804305B4540F04D818CF80000C64817
:10318000CCF804B007903DE0202D37D342F20C007C
:10319000854233D04FF6FF0085422FD07888BDF8A6
:1031A00088103A88BDF88650BDF882300844BDF8D2
:1031B0008410154402B20144581909B203B20091B7
:1031C00029B225AD2846F8F7A0FA11AF3846FDF729
:1031D000F9FF0220D8F8103039462A468DF87A00D7
:1031E0008DF86E008DF847008DF85E000120ADF877
:1031F0006400B089ADF862004046984727B0BDE84A
:10320000F08F0795D8F80800CDF81480BDF88440F9
:10321000BDF88250B0F90010B0F904800E941091FE
:10322000B0F90210B0F906000A910B9011A81C2108
:1032300005F093FEB089B17F6C43ADF84C00B07ED1
:103240008DF85C00C1F3C2008DF85D00F2F7AEFFAF
:10325000FCF73AF98442B8BF20460C9005F01CFDFB
:103260000D9014902E4605EB0900A8EB0901069578
:1032700000244045C8BF4E1C109909EB06004FF0D2
:103280000008A0F1010C0390B1EB0907ADF898C05C
:103290004FF00001D8BF0F4609EB07000F9AADF8B9
:1032A0009400864602900A988242B8BF841A0E9B08
:1032B0000B9815199918821AADF89A50ADF89650D6
:1032C0008142C8BF531C0E93ADF890C0ADF88E502C
:1032D000ADF88CE0E918ADF8921023A8FDF73AF9A3
:1032E0000A9025A82B462246B446169011901098B5
:1032F0004845C8BF8146039D06990B970F96A5EBDD
:10330000090009907818801B00FB0BF0089004FB63
:1033100001700299049C0D9F691A00FB0BF0CBF120
:1033200008050AEBD00909B206910E998A425EDAC5
:1033300000F0070A0B98079EC646109224FA0AF17D
:1033400060451BDA99F80030A5EB0A020B4033FA0E
:1033500002F214BFB25C002207F808205545DA4497
:1033600008F10108224694BF09F1010921FA0BF284
:1033700098BF4FF0000A01301146E1E70A98A0B16A
:1033800007EB0E06BDF99410BDF99A20069B304656
:10339000FDF7A0F8DDF83CC08DF8540028B9069977
:1033A000304605F0DAFDDDF83CC009980C99404440
:1033B000884203D2BDF89A00431C0FE002208DF82A
:1033C0005400059811A9FEF73CFCBDF89A00DDF801
:1033D0003CC04FF00008431CADF896300898109A96
:1033E000ADF89A305044013209EBD0099DE7BDF8A1
:1033F000961098B2814209D002208DF85400581ED0
:10340000ADF89A0011A90598FEF71BFC0D9805F080
:1034100093FCF3E6204B002A3FF4AFAE15F8014BC6
:1034200004FB00F1FF2C044618BF0C0A03F8014B03
:10343000013AF0E7206202082262020820620208D4
:103440002662020820620208206202082062020846
:103450003662020880000000C0000000800000000A
:10346000F0000000800000008000000080000000EC
:10347000FF00000002000000040000000200000045
:103480001000000002000000020000000200000026
:1034900000010000B8010020660400202DE9F04F73
:1034A000C7B016464A88002A00F07F838346087A10
:1034B0008A460328C0F07983984658881B88348848
:1034C00071889C4208BF814200F06F831BB212B228
:1034D000022524B200B209B292FBF5F51F469C42C8
:1034E000C8BF27469C422F44ADF870706FF00107AB
:1034F000B8BF2346814292FBF7F21344ADF86C301B
:103500000346C8BF0B462B44ADF87230B8BF08461F
:103510001044DBF80820ADF86E001BAC20462146B5
:10352000F1F7B1FD002800F04083DBF80870CBF81C
:103530000840B8F9029071881FFA89F208B29142E6
:1035400030D1BAF90210B8F9003001391C4600EB4D
:103550006102ADF8EE20B6F900209A42B8BF1446D9
:10356000ADF8E840C8BF13465A1EADF8EC2001F094
:10357000010202EB6101401AADF8EA003AAD1BAA64
:1035800028462946F1F77FFD002800F0D682BAF8D8
:103590000600002800F0BD80BAF80400002818BF1B
:1035A0000120B7E0B8F8001035880997CDF830B0A1
:1035B0008D4230D149464845C8BF0146BAF902207C
:1035C000A1F10101ADF8EE10B8BF8146501EADF873
:1035D000EA9005EB60010DF1E809ADF8EC1000F0A0
:1035E000010101EB60004946281AADF8E8001BAA6A
:1035F0004846F1F748FDDDF830B0002800F09C8225
:10360000BAF80600002800F02C81BAF8040000285F
:1036100018BF012026E10A46CDE9078648454F46F6
:10362000B8BF2A460A92B8BF0D4614B20FFA85FBFE
:10363000BBEB0401884648BFC1F1000806950B9119
:103640004845B8BF0746C8BF8146B9EB07000546E5
:1036500048BF4542059028462946A84588BF4046B0
:1036600038BF41463F224901B1FBF0F00FF2405113
:10367000085CBAF902105C4510FB01265846C8BF29
:10368000204600EBE610ADF818015846B8BF2046BA
:10369000A0EBE610ADF8140109EBE610ADF81A0145
:1036A000A7EBE610ADF8160145A81BAA0146F1F7F5
:1036B000EAFC002800F03B8201203A46CDE903B441
:1036C00000EAE61000EB26233612A84540F2A88057
:1036D000DDF82CB0049D90460020BBF1010FC0F234
:1036E0003481A9EB060109B2CDE90010A8EB060070
:1036F00029461E4602B20DA8039C2346FDF756F943
:1037000009EB0601012009B2CDE9001008EB060023
:1037100031E100200B902846FCF71CFF04460DA861
:103720001C2105F01AFCBAF800000D95ADF83C001C
:103730009AF808008DF84C003CB90B98A04304D1CE
:103740000DA95846FEF77DFAF7E1BDF8EA10BDF97C
:10375000EE90BDF9E800CDF830B04FF0000B0997BE
:10376000CDE90786ADF8EE10BDF8EC10091A01316D
:103770000DB20B9900294FF000010A9109D0BAF956
:103780000410BAF90620114490FBF1F202FB11007B
:103790000A90284605F080FA04463AA8BDF9EA8066
:1037A00012901094C84537DC2046294605F0FEFBF0
:1037B000BDF9E8100FFA88F220462B46FCF78AFE86
:1037C0008DF84400002818BF01200B9908400128FB
:1037D0001BD10A99002003B2AB4213DABAF90420D4
:1037E0000FB2974209DDBAF906603244BA42C6BF49
:1037F00004F803B00A46002201E0401A1044511CAC
:103800000130E8E702208DF844000C980DA9FEF77E
:1038100018FAEFF72EFFC5E7204605F08DFA86E18E
:103820000A9D00200FFA89F4069F0FFA82FB90464A
:10383000CDE900405A46E81801B2F81803B20DA8C5
:10384000FDF7B4F801205A46CDE90040A81B01B2AB
:10385000B81B03B23AA8FDF7A9F8DDF82CB0049D17
:103860008FE000200B904846FCF774FE04460DA83C
:103870001C2105F072FBBAF80000CDF83490ADF8C9
:103880003C009AF808008DF84C003CB90B98A04316
:1038900004D10DA95846FEF7D4F94DE1BDF8EA0070
:1038A000BDF9EE70BDF8EC1008964646ADF8EE0096
:1038B000BDF8E800081A013004B2204605F0ECF922
:1038C000054610900B98BDF9EA80CDF848904FF06E
:1038D000000998B3BAF90400BAF90610084498FB35
:1038E000F0F101FB108929E02846214605F05EFB36
:1038F000BDF9E8100FFA88F228462346FCF7EAFDE6
:103900000B998DF8440099B180B1BAF904000FFA0F
:1039100089F18142C4BF00228DF84420BAF9062003
:10392000104488424FF00000D8BF814609F10109D8
:1039300058460DA9FEF785F9EFF79BFEB845D3DD94
:10394000284605F0F9F9B046F5E009EB030109B2A4
:10395000CDE9001008EB0300294602B20DA8039C34
:103960002346FDF723F8A9EB0601012009B2CDE9B2
:103970000010A8EB060002B23AA829462346FDF73C
:1039800015F80DA8F0F7CEF80B903AA8F0F7CAF8A2
:1039900004909AF809004FF6FF74C0064FF6FF70C6
:1039A00027D408EB0B010320059C0FFA88F209B21B
:1039B000CDE900100A982FAE2946001B03B230460D
:1039C000FCF7F4FF09EB0B0102200FFA89F209B2B0
:1039D000CDE90010069824AF0399001B03B23846C6
:1039E000FCF7E4FF3046F0F79DF804463846F0F760
:1039F00099F80690BDF81401BDF818110A94081A38
:103A0000013005B2F2F7D2FBFBF75EFD45AF06468B
:103A10003846F7F74CFEB04203D245A8F7F747FE09
:103A20000646304605F038F90446BDF81601BDF9E2
:103A30001A813146ADF81A01204605F0B7FA1DA8E3
:103A40001C2105F08AFABAF800001D972297BDF9EB
:103A500016714FF0000B2094ADF87C009AF8080026
:103A60008DF88C00474530DC04EB0B09BDF91411CF
:103A70003AB22B464846FCF72DFD8DF8840018B964
:103A80004846294605F069FAAB440BEB0500B04205
:103A900005D2BDF81A010130ADF81A0113E0022079
:103AA0008DF884000C981DA9FEF7CBF8BDF81A011B
:103AB00031460130ADF81A01ADF81601204605F087
:103AC00075FA4FF0000B0137CCE7BDF81A21BDF8AD
:103AD00016110C98914208D002218DF88410511EC5
:103AE000ADF81A111DA9FEF7ACF8204605F024F92F
:103AF0000DA8FCF713FD3AA8FCF710FD0A9D4FF640
:103B0000FF74069EA8B2A04202D02FA8FCF706FDC3
:103B1000B0B2A04202D024A8FCF700FD2D4C0B98B7
:103B2000A0470498A04728B2A04730B2A047DDF8CC
:103B300030B0DDF81C80089E099F9AF8090010F04B
:103B40000C0F30D00DA8FDF73DFB47F6FF70ADF828
:103B50003400BAF80000ADF838009AF808008DF883
:103B60003700BAF90200441060F00100451C9AF8D1
:103B7000090041070AD530887288EFF733FC0DA998
:103B80003AAA5846FDF70AFB9AF8090000070AD539
:103B9000B8F80000B8F80220EFF724FC0DA93AAA03
:103BA0005846FDF7FBFACBF8087047B0BDE8F08F38
:103BB000808080818182828384858687898A8C8DBA
:103BC0008F91939597999B9EA0A2A5A7AAADAFB2FE
:103BD000B5000000791101082DE9F04F8FB0032BDB
:103BE000C0F050811746002A00F04C8180469800B2
:103BF0001E46894605F050F8002800F0438105462E
:103C00003868A6F1010C00241FFA8CF2286000200D
:103C1000944216D2631C37F8246037F823108E4282
:103C200007D107EB830107EB8406498876888E422B
:103C300005D057F8241084B2013045F824101C46F2
:103C4000E6E737F82C103A888A4205D107EB8C0159
:103C50007A8849888A4205D057F82C1082B2013000
:103C600045F8221084B2022C05D828460FB0BDE8D2
:103C7000F04F05F061B841F6FF7300204EF20101EC
:103C80004EF2010241F6FF77844219D035F92060E7
:103C900012B23FB209B21BB2B242D8BF3246B742EB
:103CA000B8BF3E4605EB8007B7F90270B942D8BFEE
:103CB0003946BB42B8BF1F463B4601303746E3E7B3
:103CC000ADF83420ADF83610ADF83230ADF83070C4
:103CD000D8F808200AAE0CA93046F1F7D4F9C0B1E3
:103CE000D8F80800C8F80860002100270290601E7C
:103CF00009906888099A8A420FD04A1C05EB810115
:103D000000B2B1F906108142BCBF17460846114601
:103D1000F0E7284605F010F8B4E0CDE903980FFA73
:103D200087FA4FF0000809985045C8BF0AF101080A
:103D30002C20604304F0B0FF35F8282035F82A1015
:103D40005346BAF1010F4FF00009A2EB010C05EB4D
:103D50008A025288B8BF04FA87F3CDE9070005EB61
:103D6000830333F8027CBF1A17FB0CFC05EB8807B2
:103D70007F88BF1A33F8042C511A17FB01FE5746EF
:103D8000CDE905ECF4450DDA09984FF000088245BD
:103D90003846B8BF0AF10108002FD8BF2044A0F16F
:103DA000010B0DE009984FF0000B87425046B8BF59
:103DB00007F1010BBAF1000FD8BF2044A0F10108B0
:103DC00005EB8A00B0F9022005EB8800B0F902008B
:103DD000904201DAD04619E016D035F82A1035F8AD
:103DE00028308B4210D0012609B21BB2CDE9000663
:103DF000089E3046FCF7DAFD07993046FCF7E6F9F5
:103E0000DDE905EC2C36089609F10109A14527D01A
:103E100005EB8700B0F9022005EB8B00B0F902003A
:103E200090421ADB16D035F8271035F82B308B422C
:103E300010D0002709B21BB2CDE90007089E30461A
:103E4000FCF7B4FD07993046FCF7C0F9DDE905EC55
:103E50002C36089609F101095F46A145C24691D367
:103E60000CAA049C03992046FDF798F9079E30465A
:103E7000FDF76CF9304604F05FFF284604F05CFF64
:103E80000298A0600FB0BDE8F08F2DE9F04FA9B007
:103E90008B46C98D16468046002900F075859BF833
:103EA0003630032BC0F07085BBF83020BBF93400EE
:103EB000012908D1002806DC2AB9BBF83220002AE3
:103EC00000F062850022B4880893131809B237887D
:103ED000BBF83250B6F802C0B6F806E00A96CDF844
:103EE0003C8003EB0409022391FBF3F14B1CC94313
:103EF00009EB0304ADF8A0403C1A04EB020A0AEBFC
:103F00000102ADF89C202A18ACEB000002EB0E0475
:103F10004719E2187818ADF8A220D8F80820ADF8B3
:103F20009E0025A827A9F1F7AEF8002800F0298502
:103F30000A994FF0FF324FF0FF3508684968249125
:103F4000239023A84FF0FF31F7F7CBFBA9EB0A0032
:103F5000E61B5F460130711C00B209B28842B8BF4F
:103F60000146BBF900B0B7F92E005C46BBEB610F10
:103F7000A8BF4C10BDF88E102044BDF89080109062
:103F800040431191BDF8921040000E91BDF88C1085
:103F9000099104F081FECDE90C07FF8D0220224635
:103FA000002339B291FBF0F00B91411CADF8761073
:103FB000311820440231ADF87A10691E39430844A3
:103FC0006FEA09014FF000095144ADF87800084448
:103FD000ADF8740012A81DA9FCF7C0FE04FA87F41E
:103FE000204604F059FE0546099811990E9A66007C
:103FF000A4F1010AA8EB0000511AB84601300131C2
:1040000000B209B28842B8BF01460B9811910997D6
:10401000012F18BF4FEA60081FFA8BF0DDF830B0AF
:104020000E904FF6FF700590A1452DDA28462146E7
:1040300004F0BCFF129F12A80FFA89F223B20021EC
:1040400000902846B847B8B129780FFA88F089015E
:1040500091FBF0F10020ABF80010824510D02A1837
:104060002B5C52789A421CBF910191FBF8F10BEB4B
:10407000400251800130F0E75846314604F06DFFB0
:10408000B34409F10109CFE7284604F055FE12A810
:10409000FCF744FA0E9804FB04F506B2119800B23E
:1040A000B6EB600FA8BF46101FFA88F001280CD1AC
:1040B000DDF83C90DDE90C270020854235D032F850
:1040C0001010890911540130F7E70FFA84FA0C9C9B
:1040D0000FFA88F1504622460FF07CFC0998DDF873
:1040E0003C900D9F00F00100404401B2022914DB16
:1040F000002085420DD034F8102042B1FF2A14BFB1
:1041000092014FF47F52B2FBF1F224F810200130FB
:10411000EFE7504622460FF05DFC0020854204D0B8
:1041200014F8101021540130F8E727A8FCF712FA10
:1041300030B9F878FF2803D1B878002800F0DE8184
:104140001DAC32B223A901232046FCF707FE002054
:10415000002111902046FCF739F80590BDF89C002D
:10416000BDF8A010081A013000B204F095FD824697
:1041700012A81C2104F0F1FE1BA997F83620BDF807
:10418000A240B88D0225CDF854A0179112918DF858
:104190006020BDF89E20ADF85000B878109FA41A9A
:1041A000A7F1010B8DF86100BDF8A000ADF86E20FD
:1041B000013402EB0B0324B21BB2ADF8700094FB88
:1041C000F5F4224412B293420B92A8BF1346ADF805
:1041D0007230BDF89C30C21B0132C01A12B20130DD
:1041E00000B290FBF5F0184400B282420790D8BFAD
:1041F0000246ADF86C20D9F8082019A8F0F743FF63
:10420000002830B20E9046D019A823A9EFF779FF05
:10421000002840D1BDF96460BDF86800BDF99E502A
:10422000BDF9A040BDF96670801B013000B2099055
:10423000119818B119A823A9EFF7DAFF09980128F6
:1042400029DB781B109D0C9BE2430DF14808CDF84B
:1042500054A0A91900FB0530BDF86650EFF7B9FE70
:10426000EFF77DFB17DCEFF711FA02D0109F1596E0
:104270000BE0EFF7B4FBBDF96410099BF0F768F8A9
:10428000012808BF02208DF858004846EFF7E1FAF0
:104290003E440135E4E7BDF8A210109A0B9BBDF82F
:1042A000A000ADF87210891A0133ADF87000013129
:1042B000099309B28B42C8BF1946ADF86E10801A37
:1042C0000799013000B28842D8BF0846D9F80820C3
:1042D000ADF86C0019A81BA9F0F7D5FE002848D04E
:1042E00019A823A9EFF70DFF002842D1BDF96440BA
:1042F000BDF86800BDF96A50BDF97270BDF9A060E3
:10430000001B013000B20690119818B119A823A91A
:10431000EFF76EFF069801282BDB781B109D0C9B96
:10432000F2430DF14808CDF854A0291900FB0530DF
:10433000BDF86A50EFF74DFEBDF966002CB284421D
:1043400017DBEFF7A3F902D0109F15960BE0EFF7FC
:1043500046FBBDF96410069BEFF7FAFF012808BF82
:1043600002208DF858004846EFF773FA3E44013DAD
:10437000E2E7BDF89C10109ABDF89E001144ADF81C
:104380006E005844ADF86C10BDF8A01000B2891A48
:10439000ADF870100B998842A8BF0846D9F80820DC
:1043A000ADF8720019A81BA9F0F76DFE002858D0CF
:1043B00019A823A9EFF7A5FE002852D1BDF8640083
:1043C000BDF86810BDF96E50BDF96660081A01307D
:1043D00004B2119818B119A823A9EFF709FF012C0D
:1043E0003FDB0C99109A701B0DF1480800FB021678
:1043F000BDF86400ADF86C00BDF86800ADF8700061
:1044000011980028504618BF0020BDF8665015903E
:10441000BDF96A002FB2874223DC1198ADF87250C3
:10442000ADF86E50317850B10898FD2804D80D9839
:1044300090F836004843010A8DF860100AE05046B3
:10444000224604F05EFDEFF734FA012808BF02208F
:104450008DF858004846EFF7FCF9109801350644EE
:10446000D6E70D99109ABDF8A20091F83610ADF874
:104470007200801A01308DF86010BDF89C1000B2F7
:104480001144ADF86C10BDF8A010891AADF8701089
:1044900009998142C8BF0846D9F80820ADF86E00D6
:1044A00019A81BA9F0F7EFFD002866D019A823A9C9
:1044B000EFF727FE002860D1BDF86410BDF8680052
:1044C000421A01320FFA82F9B9F1010F55DBBDF939
:1044D0006A20BDF972300C9C109D9B1A03FB0547A6
:1044E000119B73B119A823A9EFF782FEBDF86A40AA
:1044F000BDF86800BDF86410002204E001201190AE
:104500002CE694B25246089D0DF14808ADF87000B3
:10451000ADF86C101592BDF9660026B286422CDB10
:104520001198ADF87240ADF86E4070B119A823A98A
:10453000EFF75EFE3878FD2D04D80D9991F836100E
:104540004843000A8DF8600010E0397850464A462A
:1045500004F0D7FCBDF96410504632464B46FBF7D9
:10456000B9FF012808BF02208DF858000F98EFF717
:1045700070F91098013C0744CDE70D99DDF84090A3
:10458000BDF8A0000B9A91F83610ADF87000A0EBC2
:1045900009008DF86010BDF8A210A1EB090109B265
:1045A0009142D8BF1146EFF717F9B8BF1146ADF8E1
:1045B0006E100130079900B28842D8BF0846DDF876
:1045C0003C80ADF86C00D8F8082019A81BA9F0F7BA
:1045D0005AFD00283ED019A823A9EFF792FDC8BBC9
:1045E0000C98BDF9A030BDF964100BFB090009EB74
:1045F0000102DB431A4410440890BDF86800401AD9
:10460000013006B211980028504604D019A823A9F9
:10461000EFF7EEFD0898012E15901BDBBDF8640046
:10462000BDF86650EEF7ECFEEFF799F912DCEFF704
:104630002DF80BD108995046324604F0C7FBEFF72E
:1046400062F9012808BF02208DF85800EFF7C9FE73
:104650000135E9E702200C9A002199FBF0F00BB23A
:1046600099450FDD02EB090300245D46844206DA1A
:10467000165D575D17555655013D0134F6E701317A
:104680001A46ECE7BDF8A210BDF89C000B9AA1EB0E
:104690000901EFF7DAF9D8BF1146EFF79DF8B8BF77
:1046A0001146ADF86E100799013981420891B8BFE3
:1046B0000846D8F80820ADF8700019A81BA9F0F733
:1046C000E2FCD8B319A823A9EFF71BFDB0BB0C98E7
:1046D000BDF96C10BDF964200BFB0900511A0844A8
:1046E0000790BDF86800801A013006B211980028C2
:1046F000504604D019A823A9EFF77AFD0798012E98
:1047000015901BDBBDF86400BDF86650EEF778FE2F
:10471000EFF725F912DCEEF7B9FF0BD107995046F8
:10472000324604F053FBEFF7EEF8012808BF0220F1
:104730008DF85800EFF755FE0135E9E7BDF89E10FA
:10474000BDF89C000B9AADF86E105944EFF77DF957
:10475000B8BF0A460899ADF872208142B8BF084632
:10476000D8F80820ADF8700019A81BA9F0F78BFC49
:10477000002842D019A823A9EFF7C3FCE8BBBDF974
:104780006450BDF86800BDF96C40BDF96E60BDF9BC
:104790006670401B013000B20B90119818B119A837
:1047A00023A9EFF725FD0B98CDF854A0012824DBB1
:1047B0000C99B81B00FB0910291BBDF86650461860
:1047C000BDF86400EEF71CFEEFF7C9F815DCEEF754
:1047D0005DFF01D015960BE0EFF71AF9BDF96410F3
:1047E0000B9BEFF7B5FD012808BF02208DF858009C
:1047F000EFF7F7FD4E440135E6E7BDF89C00BDF844
:10480000A210089AADF86C005844ADF8721000B2CE
:104810008242B8BF1046ADF87000A1EB09000999BB
:10482000013000B28142C8BF0846D8F80820ADF870
:104830006E0019A81BA9F0F726FCDDF834B000289B
:1048400045D019A823A9EFF75CFC00283FD1BDF99A
:104850006440BDF86800BDF96A60BDF96C50BDF9EF
:104860007270001B013000B20B90119818B119A89A
:1048700023A9EFF7BDFC0B98CDF854A0012826DB47
:104880000C99B81B00FB0910611BBDF86A50461853
:10489000BDF86400EEF7B4FDBDF966002CB28442A9
:1048A00015DBEEF7F3FE01D015960BE0EFF7B0F84D
:1048B000BDF964100B9BEFF74BFD012808BF0220E8
:1048C0008DF85800EFF78DFD4E44013DE4E7BDF84B
:1048D0009C00D8F80820CDF854A04844ADF86C00EE
:1048E000BDF8A000A0EB0900ADF87000BDF89E0077
:1048F0004844ADF86E00BDF8A200A0EB0900ADF889
:10490000720019A81BA9F0F7BEFB58B319A823A978
:10491000EFF7F7FB30BBBDF86400BDF868100A1A6A
:10492000013214B2012C1DDBBDF86650ADF87010D9
:10493000ADF86C0012AEBDF96A002FB2874211DCEF
:1049400050462146ADF87250ADF86E5004F02EFB83
:10495000EEF7AFFF8DF8580040463146FDF771F98C
:104960000135E8E7119830B91DA8FBF7D7FD059888
:1049700000B2FCF701FC0C9804F0DEF9504604F09C
:10498000DBF9DDF83C800A9E404659463246F2F794
:104990006BFF404659463246F3F736F99BF8220042
:1049A000032853D3BBF8201000294FD09BF82320B5
:1049B00012F03E0F4AD012F0010347D1B6F800E0E2
:1049C000B788B6F802C0B6F80690A7EB0E03A9EBBD
:1049D0000C04013301341BB224B2A342B8BF1C46FD
:1049E000BBF90030B3EB640FA8BF6310CC1864426E
:1049F000D5060D4658BF25467D1BADF84C50150712
:104A00000D4658BF25467544ADF8485095070D46EC
:104A100058BF25465207A9EB0505ADF84E5048BFD3
:104A20000C4604EB0C02591A09B2ADF84A20BBF847
:104A30001E209BF8024021EAE171CDE90012CDE988
:104A4000020412AA40463146F3F7F1F99BF82A0016
:104A5000032842D3BBF8261000293ED0BBF82820FB
:104A60007388B6F806C03788B6889BF802E0BBF8B2
:104A70002490541E1B1B04EB0C053F1B3444ADF863
:104A80004C400C44ADF84E50ADF84A30ADF848708B
:104A9000ADF878407C1AADF874406C1895196244F2
:104AA000ED1BD21AADF87A405C1AADF87640BBF92E
:104AB00000402DB212B29542B8BF2A46B4EB620F45
:104AC000A8BF5410CDE9020ECDE9004960181DA918
:104AD00012AA03B24046F3F7AAF929B0BDE8F08F55
:104AE0002DE9F04FAFB088463A99DFF8C0659A4695
:104AF0001892B1F900404D6860422E952B9048887D
:104B00004FF48031B1FBF0F02A906FF0090094FB74
:104B1000F0F70FFA87FB5846B0471F90781C00B299
:104B2000B0471E9007F15A0000B2B047814607F126
:104B30005B0000B2B0476FF0FF011F9B0027CDF86C
:104B40002880CDF858A001EA25212D9129040912C9
:104B50002C910BEB8B014942C4EB41011E9CC1F12E
:104B60000A02534302FB09F201FB002001FB04335C
:104B70000A24189990FBF4F093FBF4F340115B11B5
:104B80002990DDE938202893504301EB4000B8F824
:104B900006101090B8F80200081AB8F80410013096
:104BA00000B20B90B8F80000081A01300FFA80FC30
:104BB0004FEA4C00CDF850C00990ACF101000290D2
:104BC000501E0190AAF101000F903D981F903C9853
:104BD0001A900B98874280F266820A9CB4F9020010
:104BE000B4F9001022AA009224AE23AB3D1830463F
:104BF0002A4611F097F8B4F9041020A82A4600902C
:104C0000304621AB11F08EF8DDF850C0DDE92210FE
:104C1000BCF1020F0DDB209A029B521A120292FB8A
:104C2000F3F21E92219A121A120292FBF3F21D92D3
:104C300002E00022CDE91D22803080313B9A4FF006
:104C4000000E11971C903A981B91007DC00734D13B
:104C5000042A3ED0052A7AD0062A3AD0142A40F0F7
:104C60001882002000210022624580F212821C9BE3
:104C700003EB21240023002C17D42412544514DA0A
:104C80001B9B03EB20250023002D0ED4389E2D12F4
:104C9000B5420ADA399B05FB0343189C1A9D34F888
:104CA000134025F81240109CE35C1F9CA3541E9BEC
:104CB000013218441D9B1944D6E7042A74D0142AE3
:104CC00076D0062A7AD0052A40F0E3810120032518
:104CD00070E0F1F76BFA00681499048F1F9804F0E4
:104CE00065F9DDF850C00027002000210022624550
:104CF00080F2CF811C9B03EB2123002B15D41B12C8
:104D0000534512DA1B9D05EB2025002D0DD4389E4E
:104D10002D12B54209DA399E05FB0633189D35F888
:104D200013301A9D25F8123001E01F9B9F543B9BC6
:104D3000062B06D11A9B33F81230A34204BF1F9BE7
:104D40009F541E9B013218441D9B1944CFE700203D
:104D500000210022624580F29C811C9B03EB2124F0
:104D60000023002C18D42412544515DA1B9B03EBA6
:104D700020250023002D0FD4389E2D12B5420BDACA
:104D8000399B1A9E05FB0343189D03EB4303EC5A22
:104D90002B4426F812409B781F9CA3541E9B013283
:104DA00018441D9B1944D5E7002002250C9010E003
:104DB000012002250E9000200C900BE0F1F7F6F98F
:104DC0000068DDF850C04FF0000E0225008F0C90F7
:104DD00001200E90399800244FF000094FF0000B8D
:104DE000139568430D90E34580F253811C9800EBC6
:104DF0002926002E5DD4331253455ADA1B9800EB56
:104E00002427002F55D438983A12824251DADDF81F
:104E1000E4C0189917945FFA87F86FF0FF044FF019
:104E2000010E4FF0010AB8F1800F02FB0C3002FBBB
:104E30000CFC00FB051004EB48014FF0FE05199037
:104E400038BFA5EB48011291F1B204EB410480296F
:104E500038BFA5EB4104B8F1800F159438BF4FF06F
:104E6000FF3E802938BF4FF0FF3A1AEB030524D4E8
:104E7000169CA54221DA1EEB02041ED4389DAC42DA
:104E80001BDA0D98199F139D0E9900FB0E720AFBF9
:104E9000057000295ED03B9914296ED0062900F0D8
:104EA0009480052940F0A680199C831C911CA51CA8
:104EB0006CE01F9800F80BE045E019981A9C0588F3
:104EC00024F81B503B9C142C08D0062C4FF0000EED
:104ED0000FD0052C14BFFF2585780FE0109CDDF85E
:104EE00058A04FF0000E04EB0C05DDF850C0ED5C4F
:104EF00008E00C9C2D1B18BF4FF0FF35DDF858A0C3
:104F0000DDF850C0FF2E98BF802904D30F9CA34228
:104F100003D1802901D315990BE0FF2F98BFB8F179
:104F2000800F05D301998A4223D1B8F1800F20D395
:104F30001299E8B2C1F1FF0148431F99000A01F834
:104F40000B00139D179C1E980BF1010B04441D9838
:104F5000814448E7118806883D881F98DDF858A0ED
:104F6000DDF850C0179CFF224FF0000E00F80B2018
:104F700053E01F9800F80BE0E3E73999109D04FB1C
:104F8000015165441D44194405EB0A032D78097845
:104F90004FF0000EA94207D0129C6143C4F5807601
:104FA00006FB0511C1F307211B78DDF850C0DDE9D0
:104FB00016A4AB4207D0159E7343C6F5807606FB58
:104FC0000533C3F30723139D1DE019990C9B098832
:104FD000994205D01188994202D00188994209D19D
:104FE0001F984FF0000EDDF858A0DDF850C000F813
:104FF0000BE0A7E7DDF858A0DDF850C0179CFF21B3
:10500000FF234FF0000E19441F9B490803F80B10B3
:1050100099D006881998118805888D4208BFB54235
:1050200032D0089A4FF6FF70079B214F22EA00000A
:105030006FF30F03084412992B44CDE90730CAB22D
:105040001946B847059980460698159A6FF30F00E0
:105050006FF30F01D2B230442944CDE90510B847AF
:10506000049A0399C0EA0202C8EA010104921046B8
:105070007F220391B8471A99DDF850C0139D4FF075
:10508000000E21F81B005EE71A9820F81B50139DB4
:1050900059E709981A99119F01441F9801371A91ED
:1050A00060441F9095E52FB0BDE8F08F7918020895
:1050B00021E7000870472DE9F04186B0A0B1C46A2D
:1050C0007CB10DF1380EDDE90C76DDF844C09EE8C8
:1050D0002041CDE9007602AECDF814C086E820412B
:1050E000A04706B0BDE8F081FEE7416B01B108477B
:1050F000704710B50121044605F0A5F94FF6FF7081
:1051000001216087606A04F0AEFD20462021002264
:10511000BDE8104000F0EEBCB0B5144A0C460020CB
:1051200011A1C4E90B10C4E909004FF48061C4E97E
:105130000D0294F83C0000F0C000383084F83C00C8
:10514000204604F090FD0AA1204600F057FC2046BE
:1051500005F0C0FE01460D4805F098F8054605F03B
:10516000FDF86C626562B0BDEF81B8000000FFFF22
:105170004F7074696F6E20310A4F7074696F6E20C2
:10518000320A4F7074696F6E20330000D0530308E9
:1051900010B50146F34805F079F8044605F0DEF84D
:1051A000204610BD10B5486A0C4618B105F09EF9AE
:1051B0000020606294F83C00C00604D4206B03F029
:1051C000CDFD0020206310BD2DE9F04F9BB0DFF82E
:1051D00094030D4605F072FD012840F0BF8128467A
:1051E00000F06EFC0646284600F080FC0446A6F15E
:1051F00008000D2815D8DFE810F0AB01B101B101AE
:10520000B101B1012C004E000E000E00B101B10140
:10521000B101B101610020461BB0BDE8F04FFFF7BE
:1052200068BF292E0FD02A2E0DD02C2E40F096814B
:10523000284600F059FC05462046002106F002FEF3
:10524000008968808AE120461BB0BDE8F04F07F076
:105250006CBF284600F048FC0178A1F111000A2833
:1052600000F27081DFE810F00B00580158010B00CC
:105270007A017A017A017A017A017A0127002046BF
:1052800000F0A9F9002800F05781E08E002800F016
:105290006581013849E1204605F0D5FD01F0BEF8F1
:1052A000054602F0F7F802F033F9042840F0568181
:1052B000002D40F04181208FE086ACE7284600F0C9
:1052C00015FC0446284600F001FC8046204606F006
:1052D000A7FA074620460021122206F0BDFC8246AE
:1052E00020460021132206F0B7FC8346204606F034
:1052F00094FC13AE05463046FAF7E2FE20464FF422
:105300000031324606F098FFD4F82890B9F1000F2A
:1053100008D1802003F0C0FC814620468022494607
:1053200000F024F907EB0A0607EB0B0A2F4494F868
:105330003C5020460021162206F08EFC4FF0FF3133
:1053400051FA80F005F00F010139B0FA80F0B1FA9E
:1053500081F14009490908430790E06A002800F0FC
:105360008980059702F08AF80746022814D1BDF912
:105370005E009DF86950E16A139ABDF9603041F60C
:10538000FF7CCDE9000C029509A80CF09BFABDF852
:105390002650BDF824B012E0E06A09A901F006FC2D
:1053A0009DF82710BDF825204FF0FF3B4FF0FF354B
:1053B000012842EA014104BF4D0BC2F38A0B079852
:1053C000CDF8188010B1A08A304403E0218B0BEB9C
:1053D0000A00081AADF844005844B4F816800138A1
:1053E000022FADF848000FD1059FE36A08EB0700D4
:1053F000EEF7B4F90020009013A911AADDF8188087
:105400004046FAF7EDFB35E0204605F022FDCDF8E9
:1054100010A0B2462EB20227801B90FBF7F040444A
:10542000EEF79CF909AD2846FAF7C8FB20464FF481
:1054300000312A4606F0B8FE96FBF7F05646DDF836
:1054400010A04FF400316E22ADF82A000FFA8BF055
:1054500090FBF7F0ADF82800204606F0FDFBADF814
:105460002400E36A11AADDF8188029464046FAF7BD
:1054700073FA059F09AD2846FAF722FE204600215F
:105480002A4606F0D9FEBDF936009DF84110099A6A
:10549000BDF9383041F6FF750291CDE9000508A845
:1054A00049460CF00FFAE08ABDF822103844ADF8F6
:1054B00046000844ADF84A00E06A50B10798A0B130
:1054C000BDF82000228B0AEB0001511AADF8441000
:1054D00011E0A58A204606F0DFFDBDF9201002226A
:1054E000401A90FBF2F0284403E0A08ABDF8201097
:1054F0003044ADF8440008444B46ADF84800002065
:10550000009009A911AA4046FAF76AFBA06A28BBD5
:10551000484603F011FC21E0204600F05CF858B149
:10552000E08EA18E0130884218D2E08620461BB062
:10553000BDE8F04F0CF0E7BE20461BB0BDE8F04FD1
:1055400000F02AB90A2909D101F0B0FFA04205D024
:1055500020461BB0BDE8F04FF1F71DBE1BB0BDE803
:10556000F08F00BFB4530308C08E70472DE9F0419F
:10557000076B884657B3054638461646EAF748FF94
:1055800000220021884208D02B8F9A4206D07B5CF3
:105590000A2B08BF01320131F4E70146B6FA86F45E
:1055A000731E002266098C1884420ED200249A428F
:1055B00038BF01242F6B0F44BF5C0A2F05D0344342
:1055C00003D008F802700132EDE79044002088F81B
:1055D0000000BDE8F08180B5406A012106F095FD2C
:1055E00080F0010080BD00002DE9FC4708460C4614
:1055F00000F066FA182824D1204600F077FA2046F9
:1056000000F074FA476A204600F060FA05468168A7
:10561000786A6E4600F114023046EFF734FD002838
:1056200000F0B180D5F80880AE603E4636F83A2FDB
:10563000B07880065AD44FF02009384629462023F6
:105640005EE006465348214605F038FB012840F04D
:105650009E80204600F04AFA456A0446012E52D048
:10566000092E6CD0082E40F0928001F013FF01F05B
:1056700044FF002840F08B80646A01F00BFF054670
:1056800001F046FF04280CD1E08E2087204605F06B
:10569000DAFB064600F0C2FE18B13046002100F0E9
:1056A0002BFF284601F034FF012804D0284601F0E2
:1056B0002FFF03280AD16946284601F0FBFEBDF9F9
:1056C00002102046F4F758F82087E0862046FFF7BE
:1056D00010FDA06A08B9EDF728FFE08E6A461C218C
:1056E0000090204600F006FABDE8FC87BA463AF87A
:1056F000360F82422BD14FF021093846294621230B
:10570000F2F741FE37E001F0C5FE00283FD0064623
:1057100001F0FEFE012804D0304601F0F9FE032816
:1057200035D16946304601F0C5FEBDF90210284664
:10573000F4F722F86887EDF7F8FEBDE8FC874FF62E
:10574000FF7068872046BDE8FC4706F03BBF38463F
:1057500029462023F2F717FE7A8F38462946202360
:10576000F2F763FEFA8E3846294601234FF001090D
:10577000F2F709FE56463288384629464B46F2F77C
:1057800054FEC5F808800348214605F097FABDE8A5
:10579000FC8700BFD05303082DE9FC4101210446DA
:1057A00004F0A4FA656A204605F094FB01462846F9
:1057B00008F058F8606A4FF0FF3107F04CF8606A63
:1057C000012104F005FE20461F21002200F092F97D
:1057D0002046F4F7A2F8216B804603F044F8606A93
:1057E00042F2D17108F0AAFA404608F015FB606A4F
:1057F00006F052FC0646204606F04EFC86420FDCC0
:1058000094F83C0000F00F00082801D0042807D1CC
:10581000666A204606F040FC0146304608F08EFAE3
:10582000404605F016FB0646606A05F0F9FF07469C
:10583000606A06F0F2F90546606A0021112206F05E
:105840000BFA06EB47012944084406B294F83C00E1
:1058500000F00F05042D18D0082D2ED1B4F91A0030
:105860008519F9F71DFEF9F777FE854222DDB4F9B7
:105870001650F9F715FEF9F76FFEB4F91A10401A31
:10588000A8421CDAE08A013823E0B4F91650B54288
:1058900012DAF9F705FEF9F75FFEB4F91A10401AAB
:1058A000A84215DDF9F7FCFDF9F756FE618B0825D6
:1058B000401A0FE0082500E0042530460AE0F9F719
:1058C000EFFDF9F749FE618B0825C943084401E063
:1058D000E08A042500B2B042B8BF0646606A31468D
:1058E00007F094FF20460CF00EFD691E07290ED824
:1058F000C8B28B2222FA00F0C00708D00022606AEA
:10590000002300921EA2525C214604F051FA606A04
:1059100008F082FA94F83C0000F00F0001380128EA
:1059200019D8606A06F0D2FB0646606A06F0E2FB10
:105930000746F9F7B5FDF9F70FFE87420BDBF84391
:10594000656A0644F9F7ACFDF9F706FE304401B28A
:10595000284608F017FA226B4046002104F07FFC2D
:105960000328014618BF0121022808BF014640460E
:105970000022002302B0BDE8F04104F00BBA00BFE2
:1059800010130D0A0D0D0D0D70B579B10D460021E6
:1059900004468186284610F8013B4A1C0A2B02D097
:1059A000002BF8D103E0A2861146F4E7FEE70020C1
:1059B000A286C4F836002846EAF72AFD0146206B85
:1059C0004E1C38B194F83C10C90603D403F0C6F954
:1059D00000202063304603F031F9206360B129468E
:1059E000EAF7F2FCEEF701F9EDF79FFD606A20B1EE
:1059F000BDE8704006F0E6BDFEE770BD81B1B0B510
:105A00000D46002104468186284610F8013B4A1CB9
:105A10000A2B02D0002BF8D103E0A2861146F4E74E
:105A2000FEE794F83C100020A286C4F83600C806B1
:105A300005D4206B18B103F091F994F83C1041F0B3
:105A40001000256384F83C00EDF76FFD606ABDE847
:105A5000B04008B106F0B6BD704710B50446C08E20
:105A6000884208BF10BDA08E884298BF411E606A60
:105A70002187E18610B120460CF045FC2046BDE8A8
:105A8000104006F09FBD10B50C4608464FF48061EB
:105A900004F09EFC2046042104F09AFC20464FF4BA
:105AA000003104F0E0F82046012104F0DCF8204643
:105AB000BDE8104001F076BF486A0021416270479E
:105AC000007A00F07F00704740687047017A14390F
:105AD000052994BF006900207047017A01390F2918
:105AE00094BF0069002070470069704700687047E4
:105AF000C0687047B0B170B588B00B4C00262568FF
:105B000001ABCDE901008DF81C60CDE904628DF890
:105B10000C10184623600695F3F74EF8069921609D
:105B200008B070BD0120704768050020027A132A72
:105B300006D10069B0F900208A42C8BF1146018031
:105B4000704780B500F004F8BDE8804000F0D2BB9B
:105B5000B0B50B48002102F0A7FE0A4C0A4D208088
:105B60000020A84760800420A847A0800420A84700
:105B7000E0800420A84720810420A8476081B0BDB0
:105B8000B98F0008C0010020C9F6010810B50469EA
:105B9000092908BF2021F3F78BFD0146002051B1F0
:105BA000628AB0EB923F06D1D4E9000252F831107C
:105BB0006FF31F51084410BD08B142681047FEE75B
:105BC0002DE9F047B8B10C46B1B100259A4691468F
:105BD00080460646256086B13768304621464A46EB
:105BE0005346B84728B1A07BC00611D5002D08BF89
:105BF00035467669EFE7FEE7FEE76DB12E68284689
:105C000021464A465346B04701202560BDE8F0874B
:105C100001202660BDE8F087B9F1200F07D34FF6C9
:105C2000FF00814503D042F20C0081450FD10020D6
:105C30006060B8F808102181A17B0020C4F80A0038
:105C4000206001F0E0011131A173BDE8F087B8F9DF
:105C50000800022190FBF1F1E1800231A18081B2C4
:105C6000E9E700002DE9FE430C46D0F810901146FC
:105C7000092A1E469046074608BF2021F3F718FD63
:105C8000054600287DD0D9F80C00F8B138463146D9
:105C9000F3F70EFDD0B13969CF68498A890417D46A
:105CA000BA680021B1EB927F22D105EB00203E685B
:105CB0000223ADF80A003748314600900DF10A0082
:105CC000F0F755FC60B3801B401026E0002129E06E
:105CD00079684A5D002122B3BB68185C08B3797B00
:105CE000013A12FB01003968084410F8011C18E061
:105CF00002F04041B1F1804F12D105EB00403E6807
:105D000022F040420423019021483146009001A82E
:105D1000F0F72DFC20B1801B80107968095C00E051
:105D2000002149B2D9F8040000EBC50350F8352032
:105D30005E791879120D268193F9066093F9073080
:105D4000E080A381B9F8103066815943B8F10903A6
:105D5000B3FA83F34FEA531302FA03F202EB111181
:105D600001F108014FEA1111A180A17BB9F81220BD
:105D700001F0E001C2F343221144A17304BF4000CB
:105D8000E080002D18BF01252846BDE8FE8300BF36
:105D900011AB000821AB000848B1F8B513460A461C
:105DA0006946FFF70DFFBDF8040004B080BDFEE7B3
:105DB000B0B504464068B0B1C268B2B1216890473E
:105DC00005466068408848B1A06838B1C16819B11B
:105DD000084602F0C3FFA06802F0C0FF0020C4E93B
:105DE0000000A06002E00B2500E009252846B0BDB8
:105DF000B0B5084D04462846EFF756FF014638B1C6
:105E000008680278A24204D02846EFF762FFF5E75F
:105E10000020B0BDC002002010B50446EAF7F8FA31
:105E20000146074851B1625C5C2A07D02F2A05D091
:105E30002E2A01D00139F5E76018013010BD00BFEE
:105E4000DB5D0308F8B591B30446087815460F46A4
:105E5000FFF7CEFF68B34168064611B13046884768
:105E600048B3B3684BB317F8010F2A463A2808BF66
:105E70000137304639469847411C02293CBF0C2067
:105E8000F8BDC4E90006708870B1102002F0D6FE9B
:105E9000A06058B1102103F060F8A0686FF0010114
:105EA0004FF0FF32C0E900210020F8BDFEE70B20D3
:105EB000F8BD0320F8BD0120F8BD0920F8BD2DE98B
:105EC000F04F85B01C461646894605460BB10020AA
:105ED00020606868A0B30769A7B3B0F802B00021DA
:105EE0000291BBF1000F2FD0AB681968D3E9028291
:105EF000884531D35B6843452ED9A8EB0100A3EB5D
:105F0000080A81B2ABEB0101514538BF8A4612FA4B
:105F100080F156452AD990464846524602F056FF2F
:105F200000200490D5E90010076904AAB34548D2BF
:105F3000009209EB0A02A6EB0A03B847074656E0AF
:105F40000B2764E0092762E0296802AA3346009221
:105F50004A46B847074657E0B3450DD2296802AA1A
:105F6000334600924A46B847074646E0484632461E
:105F700002F02CFF029642E042B9584602F05EFE63
:105F80000246A868C260DAB16868076900219246D3
:105F90000391296803AB00935B46B8470746A8689E
:105FA000C0F80080039901EB0802B142426038BF9B
:105FB0000E46484651463246029602F007FF1CE064
:105FC000FEE7009242465B46B8470746A86841682C
:105FD0000160049A11444160A6EB0A0109EB0A0032
:105FE000914238BF0A46414692B202F0EFFE049851
:105FF0005044B04238BF064602962FB9029EA868A8
:1060000000278168314481600CB1029820603846D5
:1060100005B0BDE8F08FBCB504464068C0B1D0F80B
:1060200018C0BCF1000F04BF0920BCBD13460A46CE
:10603000418879B1022B0FD0012B1DD063BBA16821
:106040000B688A60934221D8496891421ED323E0AD
:106050000B20BCBD21681BE021680223E04700281B
:10606000F7D1D4E90010C36901AA98470028F0D1FC
:10607000A168019A8A60BCBDA1688D680B682A443A
:106080009A428A6002D349688A4205D9216800236E
:1060900002B0BDE8B04060470020BCBD2DE9F04132
:1060A00083784B43B2EB232F1BDD037A5C1E00EB9E
:1060B0008405AD784D43B2EB252F15DA851D0120FF
:1060C00098420DD215F8044B01304C43B2EB242F0B
:1060D000F6DC15F8083C201259430912884207D112
:1060E000FEE70088BDE8F08130F82400BDE8F081CB
:1060F000401A511A09B2C1EB012191FBF0F0C6B26E
:1061000035F80A0C86F0FF07F8F764FB0446C0F385
:10611000072007FB00F835F8060CF8F75BFBC0F327
:10612000072148F281024FF4FC63C5B2C0F3074077
:1061300016FB0181514303EA1151E3B27B4316FB85
:1061400005335343C3F384631944C4F307437B43C8
:1061500016FB003050434FF4FC3202EAD0300844C2
:10616000BDE8F0814168B1F1FF3FD8BF02F0F6BD54
:10617000704700002DE9FE4F0446407A10F00700FA
:1061800026D00E465A499346097841B9002000F0BE
:1061900099F8574901200870607A00F0070002283A
:1061A00058466A4608BF3046604080EA6600019063
:1061B00000200090404801A9F4F774FC58B1009801
:1061C00041688A0F013162F39F714160BDE8FE8F23
:1061D0000020BDE8FE8F607AD94600F00700022853
:1061E000424808BFB14602684148D0E90101821A1D
:1061F0005E45C8BFB346032303EB4B0323F0030301
:1062000003F11007D3198B422ED2416821F00041CF
:10621000721001234160A0F80E90A0F80CB0002984
:1062200063F31E010FFA89F383EA040382EA03028F
:10623000C0E90021014603D42D4B5968CA195A60A0
:1062400010310025009081600FFA89F18D42C0DA8B
:1062500086682AB22046FFF721FF26F8150001358F
:106260000098B0F80E90EFE78F4208D9384602F058
:10627000E5FC18B1416841F00041C9E7FEE7DFF8ED
:106280003C80DFF83CA002AD3A448A42BDD94FF0D1
:10629000FF302946002202904046F4F703FC5046A6
:1062A00029460022F4F7FEFB104802681048D0E9A6
:1062B0000101821AE8E700BF438D0008518D0008F4
:1062C00031AB0008B0B5094D0446286802F046FD20
:1062D000204602F0B3FC2860054D686020B12146DD
:1062E00002F03BFEAC60B0BDFEE700BF94020020B0
:1062F000AC010020B0B51348002102F0D5FA124CD1
:10630000124D20800420A84760800420A847A08068
:106310000420A847E0800420A84720810420A84743
:1063200060810420A847A0810420A847E0810420C0
:10633000A84720820420A84760820420A847A082A2
:10634000B0BD00BFB59E0008CC010020C9F6010811
:1063500070B568B3044608460D4600F084F8EDF7C2
:106360000DFD014630B10868A84221D02046EFF764
:10637000B0FCF6E7284604F066FD40B1A9688968DC
:1063800029B1C9680968A94208BF00F055F8A86892
:1063900018B9284603F070FEA86884602046EFF71D
:1063A000DEFC30B106460560EDF7E8FCB04201D0F6
:1063B00070BDFEE72046BDE8704000F03DB800002B
:1063C00010B50749074A0446F2F75EFF62692AB131
:1063D00020B920460121BDE81040104710BD00BF84
:1063E000A95C0008D35C000810B50749074A0446B9
:1063F000F2F74AFF62692AB120B920460021BDE8C0
:106400001040104710BD00BFE15C0008DB5C0008D5
:1064100001480068704700BF5C04002018B1007F8D
:10642000C0F3400070470020704718B1C06808B141
:106430000068704700207047B0B5057F044645F0FE
:1064400008002077680703D42046FFF7B9FF02E071
:106450002046FFF7C9FF217F05F0080001F0F70192
:1064600008442077B0BD70B5044604F0ECFCC8B316
:106470000546C068F0B10068A04217D1287FC10767
:106480001CBF00F0FE0028772846EFF70DFCE968F6
:10649000884205D12846EFF723FCE968884222D0DC
:1064A0002846FFF7C9FFE86820B10068A04204BF92
:1064B0000020E8602846EFF7F7FB064690B1306809
:1064C000A04204D028463146EFF703FCF5E7284602
:1064D0003146EFF760FC304602F040FCA06808B19E
:1064E0000021816070BD06682846F3F76CF902460A
:1064F0003046EDF776F8D6E710B5F0B1027F01240B
:1065000002F0020384EA53034B4016D102F0FD026D
:1065100061F34102C168027779B10C686CB1F3F79D
:1065200052F9024620460E21FFF7E4FA012804D171
:106530002046BDE8104006F045B810BD7047000089
:106540000438C1B20A298FBF002040B201A1085C03
:10655000704700BF1018100102040801020408006F
:10656000B0B591F8380000250C464D6200F080006F
:10657000033081F83800084605F08EFDA085EDF760
:10658000DFFD4FF48071E08594F838002586C4F86B
:106590003250A562E18694F8391040F0800084F80A
:1065A000380001F0FC00022184F83900204603F095
:1065B0000FFF20464FF48031BDE8B04003F053BBDD
:1065C00010B50146034803F061FE044603F0C6FE21
:1065D000204610BD40540308B0B54D6A9DB1087CFB
:1065E0000C46012802D12846FFF7E2FBE86808B113
:1065F00002F0B4FB286908B102F0B0FB284602F0B3
:10660000ADFB00206062B0BD7FB5084614460D4664
:1066100000F034FF02282ED001283FD0002844D1BA
:10662000287800F01F0004283FD314283DD82046C6
:1066300030F8011F827841EA02412A4632F8013FD0
:10664000967843EA06439B0863F38C010B0C0180A8
:106650006FF35F31837013889278827003F4604225
:10666000114401802078297800F0E00001F01F013A
:106670000844207010E0207800F0E0000B3020701B
:1066800034F8010FA17840EA014040F6010161F3BE
:106690009F002080000CA070012007E02846FFF733
:1066A000BBFB7D49E9F77CFF10B1002004B070BD51
:1066B00001A829460222FFF7C5FB78B901AD6B4658
:1066C000214604222846FFF7FAFB06462846FFF734
:1066D0006FFB002EE9D100980428E6D1207800F065
:1066E0001F000428E1D31428D6D9DEE72DE9FE43A4
:1066F000087C0C4630B3012829D16068FFF78CFB79
:106700006549E9F74DFF002840F0AB806D466168B0
:1067100002222846FFF796FB002840F0A280606A1C
:1067200040B9142002F08AFA606250B1142102F0DC
:1067300014FC606A00210C2909D06A5C42540131C2
:10674000F9E7FEE760688068002800F08A80207D15
:1067500000F01F010A1F102A00F280800120DFE8EC
:1067600002F04E4E4E09090909818181517D7D7DDE
:106770007D7D51000846FFF7E3FE656A064645B990
:10678000142002F05BFA6062C0B3142102F0E5FB52
:10679000656A0220B04002F051FAE86060B301205F
:1067A00000FA06F9484602F049FA286128B3E86879
:1067B000002853D0207C012856D1284604210022ED
:1067C0000027FFF728FCE846B94544D02846414653
:1067D0000422EDF713FC9DF800209DF801109DF8B0
:1067E0000200EC68F7F772FF24F8170028699DF89B
:1067F0000310C1550137E7E7FEE7FEE7FEE7207C1F
:1068000048BB25E0207C18B30120142908BF0320D1
:10681000E17DB4F8152042EA0141C2F38A02490B36
:10682000514300FB01F6304602F008FAC8B1676A2E
:106830000546042100223846FFF7EDFB384629467D
:106840003246EDF7DBFB28B3284602F087FA08E072
:1068500060688068A0610120BDE8FE832146FFF7E3
:10686000BBFE0020BDE8FE8360680027D0F80880EA
:10687000B945F0D008EB870618F82720EC68717846
:10688000B078F7F723FF24F81700F0782969C85586
:106890000137EDE7A561DEE74E5A03082DE9FE4F0B
:1068A000087D002600F01F000E2800F25181884666
:1068B0000121DDE90CBA1D461446814011F4F06F48
:1068C00010D111F4F04F3CD0B8F808000022010AB2
:1068D0005A451DDA02EB420301320AF80300534421
:1068E0005970F5E7FFF72CFE0646EDF791FA0738E9
:1068F000032859D8DFE800F0025D6771072020EA1D
:106900000409EDF72FF901EBE40101F108046EE051
:10691000EDF77EFAFFF714FE0646EDF779FA0B382D
:10692000032800F2AB80DFE800F002ADB7C107201A
:106930000FF2382920EA0407EDF714F901EBE4051A
:10694000BDE00121814011F0700F00F0018198F845
:106950001010012940F0FC80D8F82490FFF7F0FDDA
:106960000746B8F81500042100220026C0F38A006B
:1069700010FB0540784301EBE0014846FFF74BFB75
:10698000002840F0E580F808029602AB514600FB73
:106990000BF548462A46FFF792FA029969400843E8
:1069A000B0FA80F04609D3E000244FF0000900203F
:1069B0001DE0062020EA4409ECF74FFD01EBA4019D
:1069C00001F1100413E0042020EA8409ECF786FEAC
:1069D00001EB640101F1400409E0B8F815004FF043
:1069E0000009C0F38A0010FB054101F58064D8F866
:1069F0002470054602F050F900287ED084464FF0FE
:106A0000FF3000FA06F198F8100078B18846211D91
:106A1000384600226446FFF7FEFA384621462A46E9
:106A2000EDF7ECFA4146A446204603E0D8F804000E
:106A300080682044C94300225A4580F28580057849
:106A40005FFA89F302EB4204A9EB060925FA03F386
:106A5000FD680B4035F813502AF8045054443D6942
:106A6000EB5CA3704FFA89F3002B5FFA89F348BF00
:106A7000C6F1080900EBD3100132DDE7002500273D
:106A800000201AE006200FF2E00920EA4407ECF7A4
:106A9000E4FC01EBA40512E004200FF2BC0920EA9B
:106AA0008407ECF71BFE01EB640508E0B8F815005D
:106AB0000027C0F38A0010FB05454FF00009D8F805
:106AC0002440019002F0E8F8B8B184464FF0FF305E
:106AD00000FA06F298F8100088B1291D00922046AD
:106AE00000226546FFF797FA019A20462946EDF7FE
:106AF00085FA009AAC46284605E0002628E0D8F83A
:106B00000400806828440AF10201D24300235B4557
:106B10001ADA0578FCB225FA04F498F814501440F7
:106B200005F01F050E2D18BF19F8044003EB4305AF
:106B3000BF1B4C557CB2002CFCB248BFC6F1080705
:106B400000EBD4100133E2E7604602F0F5F80126CD
:106B50003046BDE8FE8F00BF0011223344556677F2
:106B60008899AABBCCDDEEFF0055AAFF00FF00000C
:106B700010B50446006858B1C2680AB12146904772
:106B8000207C012804D1606802F0E8F800206060F1
:106B900010BD000010B55048EFF7AFF828B1142130
:106BA000044602F0DAF9204610BDFEE72DE9F04177
:106BB00005460C460846042102F0CFF9E5B1284607
:106BC00000F05CFC08B9A868B0B1DFF80C81404661
:106BD000EFF76AF8074600268FB13B6833B13846B5
:106BE0002946224698470646012807D0404639469E
:106BF000EFF76FF80746EFE7002600E00126F0B256
:106C0000BDE8F0812DE9F84F884628211D4616463B
:106C1000824602F0A2F9B8F1000F1CD0404600F005
:106C20002DFC10B9D8F80810A9B101288AF8100075
:106C3000AAF80860CAF80C500FD14046E9F7E8FB03
:106C4000013001F0FBFFCAF8040018B14146E9F732
:106C5000BBFB04E0FEE700273BE0CAF80480DFF856
:106C600078904846EFF720F806460AF118040AF132
:106C700014054FF0000B00270EB33368CBB17068DA
:106C8000B8B1304641462A4698470746012810D1F8
:106C9000726830465146CAF800609047012817D004
:106CA00007462846042102F058F9C4E900BBC4E9AC
:106CB00002BB48463146EFF70CF80646DCE79AF887
:106CC0001000012805D1DAF8040002F047F800E0CE
:106CD0000127F8B2BDE8F88FE40200207CB5144625
:106CE0000A460146006885682DB1069ECDE900364A
:106CF0002346A8477CBD00207CBD91F8380000F0F9
:106D00000300013801280ED810B5486A0C4602F07D
:106D100025F80020606294F8380040F0030084F801
:106D20003800BDE8104070472DE9F04F99B0084693
:106D30000D46FEF7C5FE0646152809D0182E07D0C9
:106D4000DFF89405294603F0B9FF012840F0B78227
:106D50002846FEF7CBFE0446A6F1110007283FD8CF
:106D6000DFE810F0A0000800D300AD020800AD027B
:106D7000AD0208002846FEF7A3FE83462846FEF72C
:106D8000B5FE0446BBF1120F3ED1EDF799FA064667
:106D90000078022800F0938294F83800810700F10F
:106DA0008C82C0F38400012802D0042840F0858240
:106DB00020460021462204F04FFFC0B2FF2840F0D9
:106DC0007C82208E002840F07882EDF779FA054623
:106DD000E08EB0F5807F40F0548204F1140167E248
:106DE0002C2E00F0CD802A2E40F0698294F83800D5
:106DF00000F00300022840F04A81616A204619B081
:106E0000BDE8F04F00F088BABBF1150F18BFBBF119
:106E1000180F40F05482EDF7FFF90990EDF790F963
:106E2000DFF854668146204600213222B047824670
:106E3000204600211222B04700EB0A07204600211D
:106E40001322B0470590204600211022B04780460B
:106E5000204600211122B047618EA28E0897CDF8FE
:106E600018A03944ADF8601008EB0A010A440791F4
:106E70000490ADF8622094F8392002F00302012A50
:106E800040F08D8016A9204603F0A7FFB4F81690B5
:106E9000A78ABDF85E20BDF85C00BDF85A30BDF889
:106EA00058109FE0EDF70CFA0546A68DEDF7B4F902
:106EB00080B2864221D1E68DEDF742F980B286425A
:106EC0001BD1E08EB0F5807F40F0E780208E002857
:106ED00040F0E380B4F92C100220628E91FBF0F1B7
:106EE00089B28A4240F0D980B4F92E1091FBF0F0BB
:106EF000A18E80B2814240F0D0800AAE2046314659
:106F000003F006FF29683046DFE0EDF7D9F90546C2
:106F1000208E20B9E08EB0F5807F00F0D081EDF7B3
:106F20007BF90646EDF70CF90746E08EB4F93030F0
:106F300004F132013A46CDE900010AA83146EEF7E4
:106F40007FFDBDF92810B5F90000BDF92A20BDF973
:106F50002C30BDF92E4049428842C8BF014608B2D4
:106F600052429042D8BF114608B29A1B8242A8BF33
:106F7000114608B2E21B8242A8BF114629809EE159
:106F8000EDF79EF9054694F8390000F0030001285A
:106F900012BFE06A204600F0A1F928608FE1E08E80
:106FA000B4F9303018A94A46CDE9000116A809996C
:106FB000EEF746FDA78ABDF85800B4F81690BDF864
:106FC0005E20C119BDF85A004A44ADF85810ADF81A
:106FD0005E2000EB0903BDF85C00ADF85A30384480
:106FE000ADF85C00264626F8141F2946B6F804A022
:106FF000B080B948B6F806807380F28003F05EFE78
:10700000012840F05C81BBF1150FA4F81A80A4F8A8
:1070100018A0A4F81690A78240F05181E08D0028B6
:1070200000F04D81A08D002800F04981E08E0028FD
:1070300000F045812846FEF749FD8346B4F814A0C8
:10704000E58AB4F81890B4F81A80204600F046F9A2
:10705000074694F8390000F0030001283AD1B4F94A
:107060002E106FF00102B4F92C00A1EB2741013181
:1070700091FBF2F10D4408EB010339B2401A03957C
:10708000013090FBF2F009EB000182442FE0204632
:1070900019B0BDE8F04F06F01DB8EDF7BDF8064693
:1070A000EDF74EF80246E08E04F13201B4F93030CB
:1070B000CDE900010AAF31463846EEF7C1FCECF7E6
:1070C000D1FEADF82E00384629680022EEF7B8F858
:1070D0002871F4E0BDF85E00BDF85A10039528440D
:1070E000431ABDF85C00BDF858105044411A94F89A
:1070F0003800DDF8208000F00300022880F0AE8028
:107100000291CDE908A3DDE9051001EB000A04991D
:107110000AAD0E182846F8F751FD204600212A46F0
:1071200005F042F8E08E9DF83C10DDF81C90ADF8BB
:107130002A00208E01F0FE01ADF82800D4F83200BC
:107140000B9094F8380041EAD0108DF83C00BDF85F
:107150005800DBF808104044ADF85000BDF85A0064
:107160004844ADF85200BDF85C00A0EB0A00ADF851
:107170005400BDF85E00801BADF8560014AD0691BA
:1071800028462A46EDF77FFF002800F098800998EE
:10719000CBF80850B4F92E50B4F92820B4F92C30AB
:1071A000801B00B209900298A0EB0A000FFA80FA47
:1071B0000398484401B2089840440FFA80FCB4F99F
:1071C0002A0090FBF5F606FB1500084406B28E4235
:1071D000C8BF401BADF84A00CDF820C0291892FB6B
:1071E000F3F5013905FB132262440FFA82F93A0CD8
:1071F00007920AAE12ADDDF81880ADF84E1009996D
:1072000000B288425EDA0898A18DADF848908145B9
:107210004846C4BFA9EB0100ADF84800014401395C
:1072200000B2ADF84C1050450EDA636A584631464C
:107230002A46F8F791FBBDF84800BDF84C103844D9
:107240003944ADF84800EBE7BDF84A00079BBDF8AC
:107250004E1018441944ADF84A00CEE735D10AADB6
:107260002846F8F72DFF204600212A46002704F083
:10727000E3FF636A5846294632460097F8F7B0FCA8
:107280001DE0ECF7C9FF0746ECF75AFF0246E08E17
:1072900004F132010DF128080023CDE90001404638
:1072A0003946EEF7CDFBECF7DDFD4146ADF82E009B
:1072B00028460022EDF712FF08B90120307019B0FE
:1072C000BDE8F08FCBF80880F9E758460021324638
:1072D0000023F8F741FBF2E7405403081FB5C48EC2
:1072E000B0F92C10B0F92E20B0F930303230CDE9A1
:1072F000004002A8EEF7A4FBBDF80A00BDF80E108E
:10730000BDF80C20081ABDF808100130511A0131DF
:10731000C1EA004004B010BD2DE9F04786B00E462A
:10732000044605F04FF9304600F0A8F8032812D1C2
:1073300094F8380000F003010139012904D8606A8B
:1073400001F00CFD94F83800002140F00300616268
:1073500084F838008DE0054605A93046FFF726FC85
:10736000681E02284ED2676AB74216D094F83800D9
:1073700000F0030001380228304628BF0027E9F753
:1073800047F8013001F05AFCD8B33146E9F71CF850
:10739000606217B1384601F0E1FC022D3ED1DFF802
:1073A000D8A02046002157224FF00009D047804640
:1073B000204600215822D047074620460021592266
:1073C000D04741F6FF7100B23BB242468DE803025E
:1073D00004A831460AF076FABDF81200BDF8102074
:1073E000C1088DF8171041F6FC7101EA8201BDF861
:1073F000152002F00302114441EA4030ADF81500B7
:107400000CE0FEE755B994F8380000F003000138AD
:10741000012802D8606A01F0A1FC6662BDF815007F
:107420009DF81720C0F38A01A185C0F3C90140EA85
:107430000240420B800B61869DF81410E28594F89F
:107440003820A08605F0030002F08002104461F3AA
:10745000860084F83800204605F067FE208E18B9B3
:10746000E08EB0F5807F01D0ECF7C5F9204605F03D
:10747000A9F806B0BDE8F08759BC010840B190F901
:1074800000001F28CEBF0120022101EA90107047A2
:10749000032070474E480068704700BF18B101468E
:1074A0007A48EEF716BC7948EEF7FEBB48484068CC
:1074B000704700BF78B10268127842F00202032AD6
:1074C00003BF02890A8040894FF0FF301CBF08804B
:1074D0004FF6FF7001E0002008804880704750B1EF
:1074E0000168097841F00201032904D190F84400B1
:1074F00000F00F0070470020704738B1016809782C
:1075000041F00201032904BF006B7047002070475F
:1075100010B10068007870470020704700220A60B0
:1075200048B10268127842F00202032A03D1028BAA
:107530000A80408B4880704770B50C46E8B14179AD
:1075400041F00201417122490A68824204BF0022CF
:107550004A6001680978013901290DD884B3416B6B
:10756000A14204BF00214163816AA14204BF0021FE
:107570008162C16AA14226D070BD00200026FFF7BB
:107580008DFF13490D1D00B3417941F00201417196
:1075900001680978013901290FD85CB1416BA1421A
:1075A00008BF4663816AA14208BF8662C16AA142E0
:1075B00003D101E086624663C662FFF76FFFE2E730
:1075C00000218162416300F12C050020286070BD1C
:1075D0008401002010B50446407900F0FE0060717F
:1075E00009F0F6FEE06409F0F3FEA06410BD30B1CE
:1075F000032906D00C2902D100F1260103E0002066
:1076000013E000F1240110B5006809886423407E6E
:10761000C0F1640200200C0405D0084412FB01F103
:1076200091FBF3F1F7E7BDE8104000B2704718B1E5
:10763000417941F0080141717047000010B5114CCB
:107640002078F0B901F09EFBEEF7E4FDEEF7ECF9DF
:10765000EDF782FCEEF7EEF9F8F7C1FAEEF7ACFCC5
:1076600009484FF4B471EEF740FB08485C21EEF78F
:107670003CFBEEF79FFDEEF785FAFEF762FA01207C
:10768000207010BD74160020A8020020B402002053
:1076900010B50C460846042102F09AFE0020052190
:1076A0000022002384F83C00A06394F83D0000F021
:1076B000FE0084F83D00204602F06CFB074920469E
:1076C0001C22002302F096FA20460021002206F038
:1076D000A1FA2046BDE8104000F02AB9E176010881
:1076E00070B5FEF703FA0446F5F718F94FF6FF7187
:1076F000884200F08A802046F5F710F901462046BE
:10770000F5F7DEF8002800F0808061490546E8F7CB
:1077100047FFE8B35F49EBF7C7FE00283ED05E495C
:10772000EBF7C2FE00284AD05CA1EBF7BDFED8B350
:107730005B49EBF7B9FEB8B35A49EBF7B5FE002841
:107740004AD0A66B002E60D057A1EBF7ADFE002803
:107750004CD05749EBF7A8FE002847D05549EBF726
:10776000A3FE002852D05449EBF79EFE002852D0C9
:107770005249EBF799FE002852D05149EBF794FE9D
:10778000002852D030462946BDE8704009F0A0B824
:10779000002084F83C006E48016815E0012084F860
:1077A0003C006B4841680FE0204620210022FEF794
:1077B000A1F9012829D1A06B38B3202120E00220B3
:1077C00084F83C00624881682046F5F709F92046B4
:1077D000BDE8704000F076B820461F210022FEF779
:1077E00089F9012811D1A06B48B90EE030460A2171
:1077F00008F0FCFFA06B09F019FC30B1A06B1F2151
:107800000022BDE87040FEF775B970BD3046BDE896
:10781000704009F057B93046BDE8704009F058B9DA
:107820003046BDE8704009F076B9304609F0FCFBFF
:107830000546A06B09F01CFC00782B280BD02D28E6
:1078400016D1A06B012109F025FCA06B09F063F9AA
:10785000A06B2B2108E0A06B012109F01BFCA06BA1
:1078600009F059F9A06B2D2108F0C0FFA9B20AE078
:10787000A06B002109F00EFCA06B2D2108F0B6FFD3
:10788000012010FA85F1A06BBDE8704009F002BC40
:10789000A45D03086A5D0308355D0308EF808D0071
:1078A000D45D0308C45D0308456E74657200000072
:1078B000D85D0308C85D0308CC5D0308D05D0308EC
:1078C000485D0308B0B5044690F83D00C0071BD1E1
:1078D000208E400001F0B2F9054694F83C001C49A6
:1078E00001EB8000416A208E4200284601F06EFACA
:1078F0000020218E884212D235F8101021F48061C8
:1079000025F810100130F4E794F83C00104901EB21
:107910008000416A2046BDE8B040F5F754B82046E3
:107920002946F5F750F82846BDE8B04001F016BAF0
:1079300010B5044690F83C00054951F82010204647
:10794000F5F74EF82046BDE81040FFF7BBBF00BF7B
:107950001000002010B500200C464FF6FF7248645E
:10796000C4E90900C4E90D0094F848004FF0FF3164
:10797000C4E90F22C4E90B11022100F0A00084F831
:107980004800204602F024FD2046002100F0DAFEE7
:1079900002A12046BDE8104000F006BF546578748F
:1079A0000000000010B50146D24802F06FFC04460A
:1079B00002F0D4FC204610BD10B508460C4600F07D
:1079C0000AF894F84800000702D4606A01F0C6F98A
:1079D0000020606210BD10B590F8481004464806BB
:1079E00005D5A06A18B101F0B9F994F84810002043
:1079F000A06201F0BF0084F8480010BD2DE9F043FB
:107A000091B0BC480C4603F059F9012840F06E8152
:107A10002046FEF755F806462046FEF767F805466D
:107A2000132E12D0152E1FD0292E05D02C2E00F08B
:107A300099802A2E40F05A81284600F057FE2846A9
:107A400011B0BDE8F04300F029BC284604F0FDF970
:107A5000B0F90800042190FBF1F001B2204611B00A
:107A6000BDE8F043FEF762B82046FEF73FF8054652
:107A70002046FEF72BF804460FA9284603F05DF9CF
:107A800095F84800C0F30117284604F07CFAECF79B
:107A90001AFC03D1688C400558BF043707AE304646
:107AA000F8F70EFB686C002132468DF83970CDF87E
:107AB0003200284604F0C0FB9DF8380010B90120C0
:107AC0008DF83800D5E90F204FF6FF718A42CDE9D5
:107AD000082018BF884215D028464FF4802155222F
:107AE00004F0BAF8024628464FF48021EEF7B3F9C5
:107AF000ADF82A0028464FF48021202204F0ACF88B
:107B0000ADF82C0095F8480000F0060102291CD1C0
:107B10009DF8381001F0FE01022916D1ECF77FFB29
:107B20008DE8C10005A809F0CDFEBDF83C00BDF808
:107B30004010081ABDF91410013000B28142C4BFD0
:107B400001208DF8380095F8480000F00700032860
:107B500005D0ECF70AFC00B2B0F5806F41DA4FF0C7
:107B6000000840E0284604F070F98046284604F0FA
:107B70008AF98146284604F0A9F9064695F8487026
:107B8000284603F016F92846C7F3011704F0FBF95D
:107B9000ECF799FB05D1688C400502D441F6FF70E3
:107BA00002E0284603F005F9696ACDE90060029712
:107BB00007A842464B4609F085FE2046FDF794FF94
:107BC000B0F90010BDF91C30B0F90220BDF91E401B
:107BD0009942C8BF0B460380A242C8BF14464480E6
:107BE00084E005F13008A26805AE0FA93046EDF734
:107BF0004AFA00287AD095F8480041070DD1284666
:107C000003F0AAFA4042002102B20FA8F3F773FD75
:107C1000688BADF8420095F8480000F00600022895
:107C20000BD1D4F80890A66020466B6ACDF800808E
:107C300007A90FAAF7F7D4FF09E06B6ACDF8008017
:107C400007A90FAA2046F7F7CBFFD4F80890A66043
:107C500095F8480000F00700032845D1ECF7DFFA5B
:107C60008DE8C10004A809F02DFEBDF83C00BDF868
:107C70004010BDF91060081A013000B2864218DDCC
:107C80000798B5F8447020212022FEF785F8B5F852
:107C9000461000EB40006B6AADF83410B919084487
:107CA000ADF83200CDF8008007A90FAA2046F7F7FB
:107CB00097FFECF75AFB01B2BDF91200884213DDC1
:107CC000B5F844106B6AADF83210B5F846100844A8
:107CD000079909890844ADF83400CDF8008007A958
:107CE0000FAA2046F7F77CFFC4F8089011B0BDE852
:107CF000F08300BF785403082DE9F04F8FB00029BE
:107D00006AD00C46B1F8009000211222064603F01A
:107D1000A3FF8346658830460021102203F09CFFB4
:107D200004460DA9304603F008F8BDF83400BDF84C
:107D300038102D1B081A00F1010A706A05903046B0
:107D400004F083F80446304604F0C0F80746304695
:107D500004F099F8CDE9070496F84800B4F90880D2
:107D6000C0F301100690304604F00DF9ECF7ABFAC1
:107D700005D1708C4005069858BF04300690A9EBD9
:107D80000B00726A00210390304602F068FA0490FA
:107D900028B20FFA8AF51FFA87FB00244FF0000A79
:107DA000A0EB0809059800EB0A0610F80A00A0B13C
:107DB000069800212B46CDE90010DDE90721304669
:107DC000EEF772FA00EB0A0720B2484509DA4044A0
:107DD000BA4600EB0B04E5E7FEE7DDF814905746E2
:107DE0000EE03D480C9702680CA9DDF81490484657
:107DF00090470A2804D019F80700002808BF013767
:107E00000498032812D002281BD1EBF7AEFC6FF0C8
:107E10000101BDF8382090FBF1F0BDF83410511A83
:107E20000222ECF7E8FA01EB00080CE0EBF79DFC0E
:107E3000BDF834100844BDF83810081A00F10108E4
:107E400001E04FF0000800218DF82F100C91B7B31E
:107E50000398002504B206984FEAC07B01EB0A00A4
:107E6000B8422CD20AA909AA30460CABEEF702FAA6
:107E7000BBF1000F08D00C98315C0DF12F00EEF72C
:107E800041FB08B10C99E9E70A99DDE90802FDF721
:107E900083FF00B200FA88F0A0420EDC0C9901EBDF
:107EA0000A02BA4209D005EB0A0219F8022022B1EF
:107EB000079A0D4602EB0008D0E729460C95074CBF
:107EC000304622689047226805464846514690470A
:107ED00028440FB0BDE8F08F700000206C00002037
:107EE000002A64D02DE9F04F8BB0456A17460E4644
:107EF000002104464FF000082A4602F0B0F9297824
:107F0000002955D0CDE9030709A9204602F015FF45
:107F1000BDF82400BDF82810081A00F1010B204616
:107F200003F093FF0746204603F0D0FF814620462A
:107F300003F0A9FFCDE9060794F848003F89C0F394
:107F400001100890204604F01EF8ECF7BCF905D1AA
:107F5000608C4005089858BF043008904648314668
:107F6000059602682846904780462878B9440FFA5B
:107F70008BF74FF0000A00264FF0000BB0FA80F0AC
:107F80004009C0071FD10898DDE906213B46CDE92D
:107F900000A005EB0B00EEF787F900EB0B04A04502
:107FA00012D3285D80B14E440020A346E9E7FEE7E6
:107FB0000328A7F8028057D002284ED0012804BF1A
:107FC0000020388054E05C46DDF80CA0B8F1000FCA
:107FD0000CD008EB050010F8010C0D2801D00A2880
:107FE00004D115F8080008B94E44C346089805EBBB
:107FF0000B09DDE90652A8EB0B01009048462B4621
:1080000009F0BFFC07460598834518BF2F44BAF115
:10801000030F14D0049DBAF1020F1BD1EBF737FF09
:108020006FF00101BDF8282090FBF1F0BDF824109D
:10803000511A02223844ECF7DEF947180AE0EBF750
:1080400026FFBDF82410049D0844BDF828103944CB
:10805000081A471C6E802F800AE0204602F0A9FE15
:10806000022190FBF1F002E0204602F0A2FE3880EF
:108070000BB0BDE8F08F00BF6800002090F848000A
:10808000C0F300107047406A7047006C7047C06BC7
:10809000704700002DE9F0416AB3044690F84800AB
:1080A000000748BFBDE8F08120461546884604F029
:1080B00089FA676A3846E8F7ABF906462846E8F7D2
:1080C000A7F93044411C384600F068FE606298B160
:1080D0004FF6FF71884504D10849096888478046F2
:1080E000606A41462A46EEF7E3F920460021BDE8E2
:1080F000F04100F059BBFEE7FEE700BF740000202E
:108100002DE9F04F8DB00029059151D00BA90446FF
:1081100002F013FE676ABDF82C90BDF8305020467F
:1081200003F093FE0646204603F0D0FE804620462C
:1081300003F0A9FE626A0490B6F908B02046002157
:10814000069602F08CF80290A5EB0900461C94F804
:108150004800C0F301100390204603F014FFECF731
:10816000B2F805D1608C4005039858BF04300390E5
:1081700035B21FFA88F84FF0000A0026B85DBC1926
:10818000B146B0B103980021049A2B46CDE9001006
:1081900006992046EEF788F8059900EB09060BFAD8
:1081A0008AF000EB080AB1F902108842E6DB01E030
:1081B000FEE74E460298032811D0022819D1EBF7AA
:1081C000B7F96FF00101BDF8302090FBF1F0BDF878
:1081D0002C10511A0222ECF70EF908440BE0EBF7D1
:1081E000A7F9BDF82C100844BDF83010081A01306A
:1081F00001E0049D00200021CDF824908DF82B1083
:10820000CDE907117EB3A6F1010B029109AE0399E6
:108210000DF11C080DF12B04CD0782460998584535
:108220001DD8384608A942463346EEF723F835B143
:108230000998395C2046EEF765F90028EED1EBF796
:10824000DDFA0599504400B2B1F90010814221DBFA
:108250000499DDF82490CDF808A00844DDE7DDF8A6
:1082600008A0049D01E04FF0000AEBF7C7FA0146B1
:1082700005980FFA8AF35C1BB0F9002000209442A5
:1082800005DC2B44194401319142A8BF01200DB0F7
:10829000BDE8F08FCDF82490E3E700002DE9F04F22
:1082A00099B00446406A002800F0F9814FF0FF3091
:1082B000206317A9204602F040FDBDF85C00BDF820
:1082C0006010081A451C204603F0BFFD8346204677
:1082D00003F0FCFD8046204603F0D5FD074694F8E8
:1082E0004800C0F30116204603F04DFEEBF7EBFF0C
:1082F00003D1608C400558BF0436616A28B20296EB
:108300005A463B46CDE9008016A809F0DBFA204624
:1083100004F00BFF94F8480000F0070001283CD05F
:1083200003284CD0022840F0B781204603F0F6F92C
:108330008046000407D1204602F054FDF7F7B4F858
:10834000032190FBF1F805A8F2F70AFD6FF0020097
:10835000BDF86010BDF9586005940230ADF85400C6
:108360004FF4967014901290BDF85C00081A01301A
:1083700007B2BE426DDDB81BDB4900250F902046D9
:10838000CDE90D550691F2F7D3FC00286FD0016BB3
:1083900090F84200C0F340056AE0EBF744FE0ADDC6
:1083A000BBF90810884206DDCB49606A0968884736
:1083B000032800F2A6804FF0FF30E0626CE1204617
:1083C0000021642203F048FC8046204603F0A6F911
:1083D0008246000407D1204602F004FDF7F764F856
:1083E000032190FBF1FA05A8F2F7BAFC6FF0020046
:1083F000BDF86010BDF9587005940230ADF8540016
:10840000BDF85C00081A013006B2B74228DD5846B4
:1084100020212022FDF7C0FCA0EB8000DFF8809334
:1084200000250021C21B1FFA8AF0CDE90D550F92DD
:10843000CDF81890F2F7D7FC109020464946F2F795
:1084400077FC00B1056BB8F1000F1ED0EBF711FA05
:1084500025E0D349EBF73EFA0020A4F84400A6E05B
:10846000CF49EBF737FA0020A4F844001AE00021C6
:108470001098814206DAEBF7BFFB00F08D80EBF736
:1084800062FE8BE00D990F9A88E01098854206DA1B
:108490009DF85600119500F0FE008DF8560005A8D5
:1084A000F2F7AEFCB74200F3A380EBF7BCFD40F35C
:1084B0009F800026BB4DCDE90D66BBF908100695DF
:1084C0000844002142421FFA8AF00F92F2F78BFC17
:1084D000109020462946F2F72BFC00B1066BB8F14C
:1084E000000F02D0EBF7C5F9D3E01098864280F276
:1084F000D0809DF85600119600F0FE008DF85600D1
:10850000C7E0BDF85C00BDF860102E220D1A584679
:108510002E21FDF741FC3844BDF85E20BDF86230E5
:10852000A0EB800028449A1A01300132ADF8140003
:10853000BBF9080013B200EB080193FBF1F505FB52
:108540001131551A08EB0103054481422046B8BF9A
:10855000D51AADF8165005A9FFF7CEFB656A074698
:108560002846E7F755FF824675483946026828468F
:1085700090475C4D8346049007F1030904AF0BF16B
:108580000306564548D9606A2A6839469047DDF89F
:1085900010B0A9F10109F2E70A4601461FFA88F076
:1085A000F2F721FC1390109005A8F2F729FCBE42C7
:1085B0001EDCBDF85E00BDF86210081ABDF95A1045
:1085C000013000B2814213DD0025CDE90D55BBF924
:1085D00008201144401A73490F9020460691F2F783
:1085E000A7FB60B1016B90F84200C0F3400507E0C3
:1085F0006C49EBF76FF90020A4F846004CE000212D
:108600001098814205DAEBF7F7FA3AD0EBF79BFDC9
:1086100039E00D990F9A36E000254FF005085846CD
:10862000B8F1010811D0616A08442C4909688847EB
:1086300007462B480268606A04A990473D44E8B2A7
:10864000032802D804985045EAD9676A2046FFF704
:10865000C2F907EB0B08EFB2052F23D3781C00F00B
:10866000EDFAA062C0B141463A4600F0AFFBA06A05
:108670000021C15594F8480040F0400084F84800BB
:108680001CE00A4601461FFA88F0F2F7ACFB139093
:10869000109005A8F2F7B4FB204603F093FF19B041
:1086A000BDE8F08F94F8480041463A4600F0BF001C
:1086B00084F8480004F1280000F088FB00202E21F7
:1086C000626A032803D05A4411540130F8E70020AD
:1086D0009055C4F82C90DFE774000020580000206B
:1086E0005C00002070000020EF370208F8B5044657
:1086F00090F8480000F0070001281FD1E16A481CEB
:108700001CD00F4A606A03391268904794F84820D9
:1087100004F12801520648BF09680022656A50FA30
:1087200082F3D7B2CF5DEE5CEF540EB10132F5E7C4
:108730002046FFF750F94FF0FF30E062F8BD00BF70
:1087400068000020B0B50D4615490446F2F7BEFAA0
:108750001449EBF7BFF894F848200020A91E606484
:10876000032902F0DF0002F0070138BF20300129A1
:1087700084F8480007D1E16A013104D02046FFF7B0
:10878000B5FF94F8480005F0070100F0F800084430
:1087900084F848002046BDE8B040FFF77FBD00BF29
:1087A000EF370208F7370208F8B50F46044603F022
:1087B00009FF666A354617B1BE423D460DD194F8B1
:1087C0004800000709D43046E7F722FE411C304636
:1087D00000F0E4FA6062B8B9FEE746B194F84800E8
:1087E000000704D4304600F0B9FA00206062284641
:1087F000E7F70EFE013000F021FA606248B1294629
:10880000E7F7E2FDEBF78DF82046BDE8F840FFF70B
:1088100045BDFEE782B0BCB5CDE90623E1B10D460A
:10882000044603F0CFFE606A38B194F84810090797
:1088300003D400F093FA0020606206A92846019153
:10884000EDF776FE6062EBF76CF82046FFF726FD49
:10885000BDE8BC4002B07047FEE7016403F0B2BE61
:10886000C16303F0AFBEB0B5044690F848000D46B2
:10887000000705D4606A18B100F070FA0020606249
:1088800035B194F84800656240F0080084F848006B
:108890002046BDE8B040FFF701BD80B5F6F700FE09
:1088A000BDE88040F6F72DBEF8B50C4E05460C4FDE
:1088B0000C463068411C38683160C90000F06EFA1F
:1088C000386050B131686FF0070202EBC102855089
:1088D0003868104444600846F8BDFEE77016002072
:1088E0008402002010B508460C4608F055FDFF2113
:1088F000A08484F8261010BD2DE9F04FA3B00846DF
:108900000D46FDF7DDF80646173810F1030F06D8BF
:108910005348294602F0D2F9012840F09E802846AB
:10892000FDF7E4F8152E40F0988015AE0446304669
:10893000F8F748FC20460021324603F01BFDBDF845
:108940005800484EB047A78CDFF81CA10246002112
:108950003846D0470290BDF85A00B047EAF7A7FD65
:108960008346BDF85E00B047EAF7A1FD8146BDF839
:108970008000B047EAF79BFD0190BDF87200B04758
:10898000A78C024600213846D0478046BDF87800C3
:10899000B047EAF78CFD0746029894F8266000215C
:1089A00080B23246D047ADF858001FFA8BF0002154
:1089B0003246D047ADF85A001FFA89F000213246FE
:1089C000D047ADF85E001FFA88F000213246D0474C
:1089D000ADF8720001980021324680B2D047ADF860
:1089E0008000B8B2002194F826603246D047BDF925
:1089F0008210BDF98820ADF87800A6F15000AF23B1
:108A00004143504390FBF3F091FBF3F1ADF8880044
:108A10002846ADF88210FDF759F806460DF10C080E
:108A20004046314601F0D4FD002004F114071A211C
:108A30004246109015AD0590094806970795049099
:108A40002046FDF757F8304629463A46F8F7A6FB88
:108A500020461B214246FDF74DF823B0BDE8F08FBC
:108A60009454030895E5000879E7000808460021BA
:108A70004162018590F82A1001F0FE0180F82A1069
:108A8000022101F0A5BC00002DE9F04F89B05D483E
:108A90000D4602F013F9012840F0B1802846FDF799
:108AA0000FF806462846FDF721F804462C2E11D073
:108AB000152E32D0132E40F0A280204602F003FF84
:108AC00004462846FDF710F8B0F90010A142B8BFDF
:108AD000048094E0208D002800F09180606A0028D6
:108AE00000F08D802846FCF7FFFF8046208D002196
:108AF00000270026884279D0626AB5B232F9213067
:108B000002EB8102AB42C8BF1E46B2F90220BBB2E3
:108B10009A42C8BF17460131ECE72846FCF7D6FF5A
:108B20000546208D00286AD0606A002867D007A912
:108B3000204602F052F9BDF81C000190204602F0D8
:108B400013FB0646BDF81EB0204602F015FB824618
:108B5000204602F07EF90DF1120881464046F7F7F3
:108B600029FB204600214246002703F0B1FB019873
:108B7000ABEB0A0B0DF10A0A0BEB09080DF10E091C
:108B8000861B218DB8B20139814238DD616A31F826
:108B9000202001EB80013244ADF80E2094F82A2009
:108BA00088883044ADF80A00881D4988D20705D16D
:108BB0005944ADF810100088584406E0A8EB0101B4
:108BC000ADF810100088A8EB0000ADF80C002846A6
:108BD0000DF112014A465346F7F7E0FA9DF81B00E3
:108BE000013700F0FB008DF81B00CAE7204602F0B9
:108BF0006AFEC1193044A8F80210A8F8000009B0B4
:108C0000BDE8F08FB054030810B5044602988A42BC
:108C10000DDA8A4203DC944208DD8C420BDA641AD6
:108C2000C01A511A604390FBF1F0184410BD9442F1
:108C3000FCDA8C42EDDC184610BD0000B0B578B10E
:108C4000614D04462146286808F08AFD50B1D5E9F7
:108C500001122144914288BF0A46C5E90112B0BD04
:108C60005848B0BD0020B0BD70B53B4D0024002673
:108C7000102E08BF70BD55F8360050B100F06EF8E8
:108C800005EBC60045F836408179848001F0FE018D
:108C900081710136ECE700BFF8B548B304462E48B1
:108CA000FF210022102A4BB215D000EBC205AF798C
:108CB000FE070ED1AE88A6420BD337D0002B07D4C7
:108CC000CBB200EBC3039B889E4238BF114600E045
:108CD00011460132E6E7B3F1FF3F0BDDC9B200EB0D
:108CE000C10250F83100937943F001039371F8BD4C
:108CF0000020F8BD0021802916D042180831927951
:108D0000D207F8D14518214655F8080C00F046F86E
:108D100058B115F8021C45F8080C25F8044C41F030
:108D2000010105F8021CF8BDFEE7FEE750F832002D
:108D300047F00101A971F8BD074A002180290AD036
:108D4000535808318342F9D1501810F8021C01F031
:108D5000FE0100F8021C70477816002001461948F1
:108D6000814218BF002900D1704710B5164C206809
:108D700008F0C7FC6168081A38BF00206060BDE8D1
:108D80001040704780B504484FF4205108F0ABFC08
:108D90000D49086080BD00BFF81600200A46014654
:108DA00032B10848814209D00748006808F0EABC9F
:108DB00080B50846FFF7D2FF024880BD1046FFF796
:108DC0003DBF00BFB4000020FC020020F0B500F061
:108DD000030301F003049C4213D1002B5FD063F026
:108DE000030400250346561E45F10007002C6BD0F6
:108DF000002F69D011F8012B013403F8012B324602
:108E0000F1E70346202A43D90C78203A1C704C78AD
:108E10005C708C789C70CC78DC700C791C714C790F
:108E20005C718C799C71CC79DC710C7A1C724C7AF7
:108E30005C728C7A9C72CC7ADC720C7B1C734C7BDF
:108E40005C738C7B9C73CC7BDC730C7C1C744C7CC7
:108E50005C748C7C9C74CC7CDC740C7D1C754C7DAF
:108E60005C758C7D9C75CC7DDC750C7E1C764C7E97
:108E70005C768C7E9C76CC7EDC760C7F1C774C7F7F
:108E80005C778C7F9C77CC7F2031DC772033B9E70F
:108E90000024A2422BD00D5D1D550134F9E7034695
:108EA00012E00C68203A1C604C685C608C689C6026
:108EB000CC68DC600C691C614C695C618C699C61EC
:108EC000CC692031DC612033202AEAD80024042A2E
:108ED00004D90D59043A1D510434F8E70025AA427B
:108EE00005D04E195F190135365D3E55F7E7F0BDE7
:108EF00010B500239A4208BF10BDCC5CC4540133A6
:108F0000F8E770B510F003030CD063F003030024FE
:108F1000551E44F100062BB126B100F8011B0133A8
:108F20002A46F5E74FF001334B43202A0CD9C0E91C
:108F30000033C0E90233C0E90433C0E90633203A04
:108F40002030F2E708C0043A042AFBD800239A42F2
:108F500008BF70BDC1540133F9E7B0B504460D46F2
:108F600010F0030012D060F0030000216A1E41F1EE
:108F7000000358B153B104F8011B01301546F5E761
:108F800020462021E7F7E2FA203D2034202DF7D8B3
:108F90000020042D02D901C4043DFAE7002000217D
:108FA0008D4208BFB0BD60540131F9E770B5044689
:108FB0000D4610F0030014D060F003000021FF22E2
:108FC0006B1E41F1000660B15EB104F8012B013067
:108FD0001D46F5E720462021FF22E7F7AFFA203DA6
:108FE0002034202DF6D84FF0FF30042D02D901C4D3
:108FF000043DFAE70020FF21854208BF70BD2154DF
:109000000130F9E7826C8A4206D0426B8A4205D170
:1090100090F86100022801D20120704700207047BB
:10902000F8B50446FCF74CFD072840D12046FCF774
:109030005DFD05462046FCF75BFD0446406B85421E
:1090400002D0A06C854232D194F86000294684F8A1
:1090500061002046FFF7D6FF48BB04F154063046B6
:10906000ECF722FE074630463946ECF732FEF0B107
:10907000054630463946ECF78EFE3846FFF76EFE61
:1090800094F860002946013884F860003046ECF717
:1090900082FE94F860002968013884F86000204658
:1090A00000F012F92846BDE8F840FFF757BEF8BDBA
:1090B00010B504465430ECF7E2FD002084F860005F
:1090C00010BD00002DE9F0413D480C4601882046C6
:1090D00004F0AEFB3B4F204600214FF00008B8479C
:1090E00094F862000421A4F8608000F0F00084F895
:1090F000620004F15400ECF7F8FD204601F0EAF9B3
:10910000314E01216062B04704F13C001421E7F7C1
:109110001DFA2E48214601F0B9F8054601F01EF966
:10912000284642F2640104F071FB2846012104F054
:1091300061FB28460121B847EAF77CFE2846EAF79A
:10914000EEFA23482946A56201F0A0F8054601F091
:1091500005F92846EAF721FD28460021B8472846A8
:10916000EAF7A9F92846EAF7DAFAEAF763FE2846A9
:109170002563F2F713FF174907222346054600F03F
:1091800039FDEAF757FE28460021B84728466563AF
:10919000FDF716FA1049FEF7BFF8206BFEF702FC48
:1091A00001210546B0470D49C4F85080C4F82C8011
:1091B000A56320461C222346BDE8F04100F01ABDFD
:1091C000C0010020D5D70108679C01085855030845
:1091D0007455030821900108C85D0308A193010894
:1091E00010B50C460846002104F0F4FA2046EAF7D0
:1091F00062F920460221BDE8104001F0E9B801F112
:109200005400ECF73CBD10B508460C4601F05DFE7D
:10921000416A204604F026FB2046012104F0DAFAD8
:109220002046EAF748F920464FF48041BDE8104057
:1092300000F019BD486A38B110B50C46FFF78EFD35
:1092400000206062BDE8104070470000B0B50446E1
:10925000006B28B3E16A19B394F86210C1F34105B9
:10926000032D09D0114951F8251003F0F4FAEAF75B
:10927000CCFFE06A04F0BEFA206B03F0C3FCE06AA6
:1092800003F0C0FC206B04F0C7FD206B01F07DFDF6
:109290000146206B29B10121BDE8B04001F098B82A
:1092A000B0BD0121BDE8B04000F0DDBCFC610208AA
:1092B00010B50C460846012104F08CFA2046022124
:1092C000BDE8104001F084B8B0B50446C06A8842D9
:1092D00008BFB0BD0D4610B1616A04F0C3FA85B194
:1092E00004F15400ECF709FD50B1056094F86000FA
:1092F000A16A013084F86000284604F0B3FA03E064
:10930000FEE72046FFF7D4FE206DE56240B1216CF8
:1093100019B1012100F0EAFC02E0012101F093F80B
:10932000206C68B194F86210C8071CD0A06C0907C3
:1093300012D4012100F097FCA06CEAF7F0F912E0DA
:1093400094F86000012805D894F86200000701D461
:10935000606B15E0606B0BE0012101F039F8A06C47
:10936000022100F080FC94F86010606B022907D3A2
:10937000012101F02DF8606B022100F074FC05E082
:10938000012100F070FC606BEAF7C9F920461C214E
:109390000022FCF7AFFB2046BDE8B040FFF756BF08
:1093A00010B5FCF7A5FBC16A044669B1A06B58B1C2
:1093B000496A31B1FFF7F8F9A06B012101F008F813
:1093C00002E0012100F04FFC216C59B1E06C48B182
:1093D000496A41B1FFF7E8F9E06C0121BDE81040AE
:1093E00000F0F6BF10BD0121BDE8104000F03BBC0D
:1093F00010B50C4601F124002421ECF776FC04F1B1
:1094000030001C21BDE81040ECF76FBC10B501F135
:1094100030000C46ECF733FC04F12400BDE81040AA
:10942000ECF72DBC2DE9F04FDBB0DFF8B8770C4638
:10943000384601F043FC012840F0D0832046FCF779
:109440003FFB05462046FCF751FB152D40F0C68337
:1094500006462046FCF73AFB054612A9304601F0C5
:109460006CFC0DF1F40B5846F6F7B1F8304602F0FB
:1094700059F99DF8011102224FF0000801F0FB019B
:1094800060F38201BDF848008DF80111BDF84C1061
:10949000091A013109B291FBF2FA00215044ADF8EA
:1094A0006C00BDF84A005044ADF86E00304602F042
:1094B00027FA49AC814629460A95204601F088F8EA
:1094C0004FF40030CDE94A78274606F13004CDF854
:1094D00044B1099656902046ECF702FC06460D94DE
:1094E000002E4ED03079032845D1308BADF8F400F2
:1094F000308AADF8F600707900FB09F1FD28484686
:1095000098BF080A8DF800013468B4F92030E08B68
:10951000D4E90512C518B0680095FFF775FB8346BE
:10952000B4F92030E08BD4E90512EAF774FD044663
:10953000708B099D0DF16C081A213A465A96CDF8A8
:1095400048815044ADF860012846FCF7D3FAA0B238
:109550001FFA8BF1BDF860310DF1F40B42460D9C02
:10956000CDE900100A985946F6F722F828461B2143
:109570003A46FCF7BFFA20463146ECF7AEFB06460A
:10958000AEE7BDF84A00BDF84E10BDF84840BDF842
:109590004C500223091A2D1B013101350AB22EB29B
:1095A00092FBF3F296FBF3F612B236B29642B8BFD4
:1095B000294609B291FBF3F52844ADF82201281998
:1095C0000DF58B74ADF820012046F6F7F3FD5E46ED
:1095D000DDF824B04FF4C02122464FF4C02958468C
:1095E00002F076FE9DF81F0140F010008DF81F017B
:1095F0003046F6F765FD58464FF4C021324602F07A
:109600001BFE49A8DDF828A0514600F0E1FFDFF875
:10961000D405CDF858914F944A9003204B9028B22E
:109620008228D8BF8220069528440890681E05909D
:109630000BF124000490ECF753FB0746002800F0E0
:1096400099815A97069DBDF82011DFF89C65B8886E
:10965000BC89281A0A1A0144ADF8A420BDF82221B9
:10966000ADF8A8101318101A47F6FF72ADF8AA301B
:10967000ADF8A60037A829A901230C97B047BDF87B
:1096800020012C1BBDF822210794011BADF89C1072
:10969000611E08445318ADF8A000101BADF8A230AD
:1096A00047F6FF720123ADF89E0031A827A9B04705
:1096B000BDF82001059B4FF00008411B1844ADF890
:1096C0009410BDF82211ADF89800CA18481B002369
:1096D000ADF89A20ADF896002BAC25A947F6FF729D
:1096E0002046B0470C9F20460021F6F76FFD0B90F7
:1096F0007889A0F10109002808BF4FF6FF79788822
:109700000D9E804580F02681D7E905317C89421E77
:10971000404600910021FFF777FA8246599009F1FF
:10972000010938461094A14508BF0830B0F800B0D0
:109730004FF0060008BF0E203C5A3046ECF7D0FA36
:109740000546CDE90E4BA5B3287902282BD1A9688F
:109750008A4528DBEA68924525DC288AB5F812B0EC
:109760000444A88A83451ED0A87DC00708BFD7E956
:109770000512FF20002300905046FFF745FA698A42
:10978000AA8AF64B00F0FC00043001EB014102EB29
:109790000242C00819401A40521A504301EB5010BF
:1097A000184040EA104B30462946ECF796FA054639
:1097B000C9E7BDF820010899FB8BADF81841ADF859
:1097C00016B146467A880844B7F92010ADF89000E3
:1097D000BDF82201013A01EB8101ADF8920008FBCE
:1097E00003F00DF5907824AC00EB80004346400078
:1097F00090FBF2F04FF4807200EB410520462946C1
:1098000004F052FB10990DF1F40B11965796CDE927
:109810005284CDF838B1B9EB010018BF48468945EC
:109820006AD181460B9800B2F7F7A6FCBDF8221169
:10983000388A4FF480724346ADF88E100799081AA3
:10984000BDF8201108442946ADF88C0023A804F087
:109850002BFB1BAD594620222846FFF7B7FA4E9541
:1098600017AD1021E2A25346284605F089FCDDF829
:1098700024B0549549AE1A2132465846FCF73AF9BD
:10988000BDF906014FF0000A54993D9ABDF908311F
:10989000CDF808A0009041F6FF70019016A808F0DE
:1098A00011F8BDF95A106FF00105BDF88E30BDF901
:1098B0005800CDF800A0DDF828A091FBF5F21A447D
:1098C000549B1144ADF85220BDF88C20ADF85610D1
:1098D00090FBF5F111440844ADF850104E99ADF8E5
:1098E0005400504614AAF6F77BF92BA80021F6F78E
:1098F0006DFC0B9031A80EE081460020DDF824B00D
:109900001A2154904E9049AE58463246FCF7F2F870
:1099100037A8DDF828A0DDE90E470021F6F756FC50
:10992000054650460DF58B7124AA4346F6F736FCE2
:109930002846F7F721FC584616213246FCF7DAF89C
:10994000DDF84480ADF816710C9FADF8184108F1B0
:109950000108D4E6A54C37A8A04731A8A0472BA8FA
:10996000A0470B9800B2F7F707FC04983946ECF7CC
:10997000B4F962E6BDF84800BDF84C100222091A9D
:10998000013109B291FBF2F108441191ADF8C40024
:10999000BDF84A000844ADF8C6001BAC2046F6F7F7
:1099A00009FC58464FF4A021224602F091FC3DAC40
:1099B0002046F6F703F958464FF4A021224602F05C
:1099C000F3FB5846002101F09BFF0DF5927883468A
:1099D0005146404600F0FCFD31A8529081484A9023
:1099E0000D98ECF77DF906462BA847F6FF77013076
:1099F0001090002E00F0B4805A963079D6F800A06E
:109A000000284BD0012840F0A280EAF788FBEAF753
:109A100002FB05B2B6F81290BAF81C40284607F0CF
:109A20002BFF1199214401EB0904BDF8C61010FB6E
:109A300004F090FBF7F00844ADF8DE00284607F08C
:109A400017FF318A10FB04F001230DF1DC09B28A03
:109A50005793CDF84C911BAD90FBF7F0ADF86E101D
:109A6000BDF8C4104F95ADF86C2042460844ADF8DF
:109A7000DC00707900FB0BF1FD28584698BF080AFE
:109A8000099C8DF874001A212046FCF733F80A98D7
:109A9000294631AA4B46F6F781FB53E0306900288E
:109AA00055D0EAF73CFBC418F0680094FFF7ACF817
:109AB000054630692BA9FDF779F805EB85004FF2D3
:109AC000F0124100B5F5B47FC8BF02EB4001ADF81C
:109AD000F410B08AF18A3DAD022250955792ADF84C
:109AE000F800ADF8FA10727902FB0BF3FD2A5A4622
:109AF00098BF1A0A109B8DF8FF20BDF8C6409A78CF
:109B00001B88611A099CADF8DE1043EA024201EBA2
:109B1000523142460139ADF8E210BDF8C410081ABE
:109B2000C3F38A01ADF8DC0008441A210138ADF80E
:109B3000E0002046FBF7DEFF33690A98294637AA82
:109B4000F5F70AFF20461B214246FBF7D3FF0D988D
:109B50003146ECF7C2F806464BE700BF1FF8E007B6
:109B60000DF59278BDF84A90BDF84CA0BDF848605C
:109B70004046F7F727FB099F4FF40031424638462D
:109B800002F0F8FB38464FF40031012202F064F88D
:109B900000B202244FF40031042290FBF4F5384661
:109BA00002F05AF8AAEB060100B2013190FBF4F082
:109BB00009B291FBF4F18A194944AB18521BADF874
:109BC000F4204218081AADF8F8304146ADF8FA20F2
:109BD000ADF8F6003DAA0A98F7F7E0FA5BB0BDE8E9
:109BE000F08F00BF1C5603085D0D01081D0501081C
:109BF00025640000F8B51C4615460F46064600F0E1
:109C00003BFAB068817E01F0C002013101F03F01F2
:109C100011448176B168E9F77AFBB168C86008B38E
:109C20008A7EE9F7D9FC00EB820242F80C7C897E3F
:109C300001F03F0101EB410100EB810000F8045C01
:109C4000B068827EC168E9F7C7FC01EB820242F886
:109C5000084C807E00F03F0000EB400001EB8000EC
:109C60000C38F8BDFEE7F0B585B00D46044602F0AD
:109C7000E9FC0646E80703D1E0692843E06115E006
:109C8000204602F09FFCE0692843E061208C8007B9
:109C90000CD5A06850B1876847B13846FCF790FBF7
:109CA0003846FCF7C2FB08B102F08CFC204602F0FB
:109CB000C9FC864208BF15F0C07F07D0204601F0DE
:109CC00004F902F0FEFC204602F0FBFCE8060BD58E
:109CD00003AD01AEEAF76DFA2046294602F07FFC9B
:109CE0002046314602F07BFC05B0F0BD028C1143EA
:109CF0008A4218BF03F069BE70472DE9F8438846D1
:109D0000914611464FF6FF720023054600270BF0DF
:109D10004DFF698CE868C1F3C506BE4207D000EB71
:109D2000C702D279920701D00137F6E73E4621F407
:109D3000FC72083101F4FC710A446A84FFF72EF8C2
:109D4000E860688CC0F3C5016FF0070000EBC1004C
:109D50000139EA68B14207D91318013953E902748D
:109D600017505C600838F4E702EBC6000821FFF7E3
:109D7000F4F8E8684FF6FF7240F8368000EBC60052
:109D8000416869F31701416028464946BDE8F84338
:109D900003F0E6B970B5154600221C46064603F0EE
:109DA00034FF304629462246BDE8704003F0B6BD78
:109DB0002DE9F04F89B0009317468B46064604F014
:109DC0002BF8DDF848A0BBF1000F03D1304601F0BD
:109DD0007CF88346304601F078F8054601F00BFD2B
:109DE0000446284601F039FECDE90350284601F02B
:109DF000DFFE0590584601F0FEFC8046584601F013
:109E00002CFE8146584601F0D3FE06A9152F81E8A5
:109E1000100C2AD8C1448044DFE817F01600220055
:109E20002C001B0036003A00430054005F0077000E
:109E300098009F00A700B200B800BB00C400CB0090
:109E4000D400ED00E000E300584601F082FC012858
:109E500006D1E9F7F0FC318B4844C94308448CE053
:109E6000CDE90198B146009CCBE0009C0020B146B2
:109E70000290BEE0E9F7DFFCEAF7FAF9B1460131FA
:109E800009B291FBF2F19BE0CDF80490009C11E047
:109E9000EAF751FAEAF7ECF9013109B291FBF2F174
:109EA00006E0EAF748FA318B4844C9430844B18ACE
:109EB00008440190584600F068FF718B4044C94344
:109EC000084487E0CDF804905846009C00F05DFF00
:109ED0000221728BE9F75EFF7EE0EAF72CFA8346F7
:109EE0000898B6F814A0378B00F04FFF0221728B50
:109EF0004B46E9F74FFF0844F94302900BEB030090
:109F00000844DDF820B0504473E0EAF714FAB18A4F
:109F1000328B4FF0020A6FF0010790FBFAF0511AF2
:109F20000131484409B291FBF7F1084401905846C9
:109F300000F02BFFF18A728B90FBFAF0B146511AB8
:109F40004044013109B291FBF7F145E0718BF08A91
:109F5000009CB146C943084415E0E9F752FB0844A8
:109F6000718B0190F08AC94336E0718BF08A009CB6
:109F7000C943E9F7ECFC318B401AB18AB1461FE0C6
:109F8000E9F787FC01300290002032E0E9F739FB65
:109F900004E0E9F7B0FC318B401AB18AE9F7C8FC5C
:109FA00001302DE0318BB08A009CB146C943084492
:109FB00024E0E9F7C2F90844318B0290B08AC94322
:109FC000084416E0318BB08A009CC943E9F7B0FC25
:109FD000718B401AF18AB146084411E0E9F7ADF9F6
:109FE00004E0E9F756FC718B401AF18AE9F7AFFCFF
:109FF0000130019005E0E9F77EFC0130019000207E
:10A000000290039D284601F0A4FBB5F814A0BBF80C
:10A0100014B0012803D1284601F042F802E0284696
:10A0200000F0D8FF07460898B5F81680C68A28467B
:10A0300001F092F8054648460121002203F0E5FDB3
:10A04000069A04990BEB040011445144401A0199FB
:10A050003844084401B205981044079A101A029A2D
:10A0600010443044A0EB0800284402B2484609B02E
:10A07000BDE8F04F03F052BC10B50446806800B153
:10A0800010BD0C480168013101601C20FEF7D6FDAF
:10A09000A06068B11C21FEF760FFA068417E41F01E
:10A0A0000F014176A068017E41F00301017610BDE9
:10A0B000FEE700BFF83E0020FEB50C460121054634
:10A0C00002F023F810B100252846FEBD284600F016
:10A0D00001FF064600F086FE0746F5F725FA8642A0
:10A0E0000ED03846F5F729FA864209D03846F5F7FA
:10A0F00008FA864204D03846F5F7FAF98642E2D1EA
:10A1000028464FF4002102F004F8C8B92846EBF7BE
:10A1100071FE698B6A460144ADF80610298B014433
:10A12000ADF80410E98A091AADF80210A98A081AD4
:10A130002146ADF800002046EAF7A5FF0028C2D06E
:10A14000284621460122002301F032FF284600F074
:10A15000BCFE06466F46B6FA86F04509002EB3D01F
:10A160003046012101F0D1FF0028ADD130464FF437
:10A17000002101F0CEFF80B9D6E9050101220023BC
:10A18000CDE900013046394601F012FF2046214654
:10A190003A46EAF778FF002896D0304600F095FE60
:10A1A0000646D8E72DE9F0410C46054601F02CFEA5
:10A1B00050B306462846214601F01AFE032823D351
:10A1C0002846214601F01AFE80462846214601F025
:10A1D000F3FD80EAE031A1EBE030214687B228466A
:10A1E00001F0F8FD80EAE031A1EBE03080B2874277
:10A1F00088BF3846022196FBF1F141440844013002
:10A2000000B220EAE07700E000272846214601F06E
:10A21000B3FB78B106462846214601F0A1FB03288E
:10A2200008D32846214601F0A1FB3044BFB2B84212
:10A23000C8BF074628462146692201F00DFD06B237
:10A24000284621466A2201F007FD00B28642C8BFB7
:10A25000304620EAE070384400B2BDE8F08170B5C5
:10A260005B220C46054601F0F7FC064628462146CF
:10A27000162201F0F1FCF0B2012898BF012070BD58
:10A2800010B10068E9F77DBD00207047F8B50646BB
:10A2900031480D46314621B18A69024203D109682D
:10A2A000F9E7002701E0C2F30F173846FEF7C6FCB6
:10A2B000E0B339460446FEF750FEC4E90065ADB18F
:10A2C000A96819B92846FFF7D7FEA968086800B33E
:10A2D0004A6801324A609100FEF760FDA968086093
:10A2E000496800EB810040F8044C33E0F5F7D8F8FA
:10A2F000C8B10546C068D8B1696A01316962890090
:10A30000FEF74CFD696AE86000EB810040F8044C00
:10A3100015E00420FEF792FCA968086004600121A2
:10A32000A868416016E02046FEF718FD002411E001
:10A330000420FEF783FC0121E860046069620020CC
:10A340006061F5F7C1F8013820830020F5F704F9C2
:10A35000013860832046F8BDF0FF0F00B0B5044619
:10A3600002F0AFF9002000F03BF9204606F0A6FF0E
:10A37000204600F070F8012000F032F920464FF43A
:10A3800070214FF6FF7202F0EBFE204602F0CDFE88
:10A39000FCF73EF840B10546204602F045F918B1F9
:10A3A00028462146FBF7D4FF204600F08EFD70B111
:10A3B000222122460546FBF79DFB28462321224603
:10A3C000FBF798FB2046BDE8B04002F0FBB8B0BDFB
:10A3D0002DE9FF410D46044602F034F90646E80631
:10A3E0000ED502AFE84620463946424600F0CCFE84
:10A3F0002046394602F0F3F82046414602F0EFF8D5
:10A40000E069A843E061E8070ED0204602F0DAF8E0
:10A41000204602F017F938B1204600F056FD02F050
:10A4200050F9204602F04DF9204602F00BF9864221
:10A4300008BF15F0C07F04D0204600F046FD02F0B2
:10A4400040F9BDE8FF81028C22EA01018A4218BF6F
:10A4500003F0BBBA7047B0B505680446286818B168
:10A4600020602046FFF7F7FF6A68256022B1284682
:10A470002146BDE8B0401047B0BD2DE9F0414D6820
:10A480000C460DB3284600F0A5FD8046284600F096
:10A4900063FE0746EE8A28460021102201F0DCFB0D
:10A4A000F11BAE8A122208440021E0820138608349
:10A4B000284601F0D1FBA6EB08010844A082013830
:10A4C00020834BF6763001E041F67600E061BDE88E
:10A4D000F081000010B501460348FFF7D7FE04469F
:10A4E000FFF73CFF204610BD705603082DE9F041F0
:10A4F000064602F067F83EB175682DB1284603F0B4
:10A5000027F90027002409E0304600F06BFC48B32F
:10A5100004460069B04204D0002501274FF000082E
:10A5200003E0012700254FF00108304607F0C8FD81
:10A530009FB9284603F070FC2846002102F0CCF9B0
:10A54000284603F005F9284622210022FBF7D2FA1B
:10A55000284624210022FBF7CDFAB8F1000F1CBFDA
:10A5600000202061BDE8F08110B508460C46EBF7ED
:10A5700047FA002000F034F8144A2046002102F087
:10A58000D3FE012000F02CF820460021F0F79EFBBE
:10A59000A068D0B1816821B12046FBF764FFA068B4
:10A5A00098B1016829B10846FEF7D8FBA0680021E0
:10A5B0000160C16829B10846FEF7D0FBA068002100
:10A5C000C160FEF7CBFB0020A06010BDFFFF0F00B5
:10A5D000B0B50C4648210546FEF7BFFC2C60B0BD67
:10A5E00001490870704700BFB00000202DE9F0431A
:10A5F000A5B008460D46FBF763FA06462846FBF76A
:10A6000063FA0446701E17283BD8DFE810F04F00AD
:10A6100015035200150315031503150355006A00B1
:10A620006D00150315038400BE00CB001503150350
:10A630001800CE001503180015031503180028464E
:10A64000FBF73EFA06462846FBF750FA0446182E5A
:10A6500000F0F280152E00F03581122E40F0EC82D1
:10A660002846FBF741FA05460078022800F0E4820C
:10A67000204601F0E9F8002800F0E081022028706F
:10A68000DAE2222E00F09C80292E00F0BD802A2ED6
:10A6900040F0D282204600F035FB05460026B54248
:10A6A00000F0CA82E9F702FA0136F8E720462021D5
:10A6B000A9E120462021B0E120462021FFF7C3FE7A
:10A6C0002846FBF70AFAFCF718FF002840F0B4828E
:10A6D000207F000740F1B082208CC00700F0798114
:10A6E000A0E1204640218EE120464021FFF7ABFE4D
:10A6F000204600F0E3FF022840F09E8201AD13AE39
:10A70000E9F757FD2046294601F069FF204631460A
:10A7100001F065FF90E2E069010700F1468100F475
:10A720000160B0F5016F40F08782204601F06FFFB5
:10A73000002840F08182204600F04CFC074620466D
:10A7400000F0AEFC06462846FBF7CEF9007811383B
:10A75000032800F27182DFE810F09F027D020400FE
:10A760008602204600F00AFC800700F07382002F6A
:10A7700002DC002E40F36E82204600F0F5FC054618
:10A78000204601F089FC04217FE2607F400703D569
:10A790002046012102F08FFFA068002800F01E81F2
:10A7A00080681CE120460E2137E120460021FFF79A
:10A7B000F9FC0146284625B0BDE8F043FBF7B6B9E1
:10A7C00020460021012201F047FA054620460021DB
:10A7D000042201F041FA0646204600F091FF0746A8
:10A7E000204601F062F848B947B9A9B242F2D170E7
:10A7F000814203D0B1B2814240F01E82204625B092
:10A80000BDE8F04301F05DBF204600F079FF05464A
:10A81000204601F04AF800B915B1204601F051FF79
:10A82000204600F06FFA05460026B54200F004828B
:10A83000E9F73CF90136F8E72846FBF747F90DF14F
:10A840008C08814621AA2046414600F09DFC4046E6
:10A85000F0F72DFF28B921A8F0F729FF002800F014
:10A86000988113AF3846F6F7ADFCE8F75DFD00F0D0
:10A87000ADFF03288DF84F0006D3E8F755FD2022E1
:10A8800001F0EAF9ADF85000E8F74EFD312201F091
:10A89000E3F98DF86E00C0B20328C0F0FE80E8F73F
:10A8A00043FD322201F0D8F9ADF86C0000B2012866
:10A8B000C0F2F080E8F738FD302201F0CDF9ADF8B4
:10A8C0006A00EAE02846FBF701F913AF80463846F4
:10A8D000F6F778FC204600F085FF28B19DF86F0060
:10A8E00040F001008DF86F00204600213A464FF0FD
:10A8F000000901F03FFD204601F014FB054620460B
:10A9000001F001FB218B26462944ADF8901036F862
:10A91000141F491BE8F768FE4146ADF88E0001ADF3
:10A920002846FFF755FEDFF890030597CDF80C9009
:10A93000CDF838901A212A46029023A80490204688
:10A94000FBF7D8F8204600F07FFF28B3BDF84C0095
:10A9500010B34FF00009179F4046CDF85C9013A943
:10A9600023AAF6F71BFC1820FEF796F9BDF94C2038
:10A97000314600230546F6F7F1F904F590712846B3
:10A98000F5F724FC6FB18DF882908DF876908DF8F4
:10A990006E908DF84F90179713A923AA4046F6F7AB
:10A9A000FDFB01AA20461B2144E12846FBF79CF849
:10A9B00000780A380A2839D8DFE810F03E0138005C
:10A9C000380038003800380038000B0034000B0025
:10A9D000340020460121FFF789F927E00020FBF72A
:10A9E0001DFD0646FCF756FD10B92846FBF775F825
:10A9F000FCF78EFD0238022110F0FD0F08BF062182
:10AA000036B10831204625B0BDE8F043FFF76EB9F6
:10AA10002046FFF76BF92046082125B0BDE8F0433A
:10AA2000FFF711BD20460121FFF70DFD20461C2137
:10AA3000002225B0BDE8F043FBF75CB820460021BA
:10AA400001F0B4F90646204601F06CFA07462046AC
:10AA500001F059FA218B32463944ADF80810A18A29
:10AA6000C91BADF80410618B0144ADF80A10E18AEE
:10AA7000081AADF80600686801A9EAF72FFB38B19B
:10AA800020460021002600F0A1FEFD2880F0D7809E
:10AA90000126DDE000208DF86E00E8F745FC452238
:10AAA00001F0DAF88DF88200C0B203281BD3E8F772
:10AAB0003BFC402201F0D0F8ADF87A0000B201284A
:10AAC0000EDBE8F731FC432201F0C6F8ADF8800058
:10AAD000E8F72AFC442201F0BFF8ADF8780002E064
:10AAE00000208DF88200E8F71FFC00F009FF9DF8B8
:10AAF0004F10FD280BD24143090A48438DF84F10EF
:10AB0000000A02468DF882008DF86E0003E09DF881
:10AB10006E209DF8820009B902B9D0B3E8F704FCB1
:10AB20004FF4803501F042F9ADF84C0001A84946D8
:10AB3000FFF74EFD02200E95059703905E480290A8
:10AB400023AE3046F0F7B3FD70B1049601AF204656
:10AB50001A21E9F7B1FA13A948463246F6F71EFB67
:10AB600020461B21E9F7A8FA21AE3046F0F79FFDF9
:10AB700078B1049601AF20461A21E9F79DFA0496B0
:10AB800013A948463246F6F709FB20461B21E9F790
:10AB900093FA204600F058FE50B104F59070F6F795
:10ABA000D5FA28B10646F5F7B9FC3046FEF7C4F8E9
:10ABB000204600F017FE00283ED013AF3846F6F7C7
:10ABC00001FB0025204600213A468DF882508DF881
:10ABD00076508DF866508DF84F5001F0CBFB204633
:10ABE00001F0A0F90646204601F08DF9218B314491
:10ABF000ADF89010A18A891BE8F7F6FC4946ADF83C
:10AC00008E0001AE3046FFF7E3FC01201A213246E8
:10AC100005970E95CDF810800390274802902046A6
:10AC2000FAF768FF484639464246F6F7B7FA204633
:10AC30001B213246FAF75EFF25B0BDE8F0832046BF
:10AC40000021602201F008F8C0B2FD2838BF0126BB
:10AC50002E70F1E7204600F08FFA0546204600F0FE
:10AC6000F8F8042121E0204600F088F9800713D08D
:10AC7000002F01DC002E0FDD204600F075FA05469E
:10AC8000204601F009FA6FF00301E9F776F925B0E3
:10AC9000BDE8F04302F02CBD204600F06DFA0546F9
:10ACA000204600F0D6F86FF00301E9F766F925B009
:10ACB000BDE8F04302F034BD7056030810B50C46F1
:10ACC00000B96068006858B10269002AFAD0002112
:10ACD000E16021469047207E012121EA000010BD5D
:10ACE000012010BD806858B14268B1F1FF3F01DC1E
:10ACF000891805D4914203D2006850F821007047AA
:10AD000000207047806808B1406870470020704795
:10AD1000B0B5838AC28A058B448B80680B804A80D9
:10AD20008D80CC8040B1808A1B1A05440B800319AA
:10AD3000101A8D80CB804880B0BDB0B50C4605465A
:10AD400000F059FD6969AA694042216001B2626060
:10AD500020460A46F0F7C5FC284600F07EFE218812
:10AD600008442080284600F0C5FEA188081AA0806B
:10AD7000284600F01DFF618808446080284600F0E6
:10AD800001FEE188081AE080B0BDB0B5044600F0CD
:10AD90000FFF0546204600F0F5FD0544E9F7F9F8F8
:10ADA000E18A05EB40000844618B081A013000B2CB
:10ADB000B0BDB0B5044600F050FE0546204600F098
:10ADC00099FE0544E9F7E5F8A18A05EB400008443F
:10ADD000218B081A013000B2B0BD426980690A6057
:10ADE00048607047B0B50446406818B1204600F08E
:10ADF00071F804460B4D2846EAF756FF014670B13C
:10AE0000486A0022904206D0CB6853F822300132C3
:10AE1000A342F7D103E02846EAF75BFFEEE70846D6
:10AE2000B0BD00BFA8020020806850B1827E02F051
:10AE30003F028A4205D9C06801EB410100EB810065
:10AE4000704700207047806808B180687047002014
:10AE50007047C18A408B401A013000B27047F8B584
:10AE600090B1466805467EB1B76800240FB1786896
:10AE700000E00020844209D230462146FFF732FF2D
:10AE8000A84205D00134F1E7002401E04FF0FF347F
:10AE90002046F8BDF0B5448CC4F3C50C0024A4458D
:10AEA00004BF0020F0BDC66806EBC4077F68FD0143
:10AEB00003D527F07F459D4201D00134EFE756F8D6
:10AEC0003400BDE8F04004F05BBB08B14068704757
:10AED000002070470146084611B141680029FAD1A7
:10AEE000704700002DE9F84F8346FFF70BFF05463A
:10AEF0009848E8F767FCA5420CD0DBF80800E9F7B2
:10AF00004BF828B930B2B7F91A60B042C8BF06464C
:10AF10000134F0E75846002100F051FE80465846C3
:10AF2000002100F036FD8246584600F06BFC0746D3
:10AF3000B0B2484506D00AEB0600BBF81A103844F8
:10AF4000A0EB0109584600F0C1FB05465846FFF743
:10AF500080FFDBF8081009B1498A00E000210AEB04
:10AF6000080202EB47022A44101A08440FFA89F13A
:10AF700000B28142C8BF0846BDE8F88F806818B1AA
:10AF8000407E00F00F0070470F207047B0B50C46B0
:10AF90000E490546EFF7CCFE08B1008D02E0A86827
:10AFA00078B1008A40420A4920802846EFF7C0FE67
:10AFB00008B1008D02E0A86828B1408A4042608054
:10AFC000B0BD0020EFE70020F9E700BFC33702085B
:10AFD000D93702082DE9F84F0021834600F0C0FB65
:10AFE00001282AD158460021002500F08AFD009052
:10AFF0005846002100F038FD8146584600F002FC1A
:10B0000082465846FFF77EFE0646524841F6FF74D8
:10B010008046AE4219D0DBF808004146006850F87F
:10B020002570384601F075F828B920B2B7F91440F8
:10B03000A042B8BF04460135EBE7DBF80800002862
:10B040000EBF0020008A404227E0A0B241F6FF7107
:10B05000884202D1A8F5842406E00AEB0900BBF877
:10B060001410001B084404B20098484400EB4A0640
:10B07000584600F037FB0546584601F00DF8DBF85E
:10B08000081011B1098A494200E000217219101A12
:10B09000084400B28442C8BF204600B2BDE8F88F21
:10B0A0002DE9F0470021824600F05AFB012806D125
:10B0B000DAF80800002814BF008A002046E0504655
:10B0C000FFF720FE05462348E8F77CFBA5420CD09D
:10B0D000DAF80800E8F760FF28B930B2B7F918606D
:10B0E000B042C8BF06460134F0E75046002100F0E8
:10B0F00008FD05465046002100F0B6FC804650464B
:10B1000000F080FB0746B0B2484505D0A819BAF850
:10B1100018103844A0EB0109504600F0E3FA064647
:10B12000504600F0B9FFDAF8082079000AB1128A17
:10B1300000E0002208EB050319443144081A0FFA15
:10B1400089F1104400B28142C8BF084600B2BDE890
:10B15000F08700BF01000400806810B1408A4042BF
:10B1600000E0002000B27047806810B1008A4042C1
:10B1700000E0002000B27047806810B1408A404271
:10B1800000E0002000B270472DE9F04F8FB09146EB
:10B1900005464FF0FF348B460846E9F71AF8484653
:10B1A000E9F717F82846102100F0AFFF002800F05B
:10B1B0008282A86820B1007E10F0030401D17AE2F7
:10B1C00003240020FCF76AF90646022C0CD1002E5D
:10B1D00000F071823046FCF790F9A84204D0304666
:10B1E000FCF75CF90646F2E7A86818B1408AC0F19E
:10B1F000000A01E04FF0000A2846FFF773FE0D90A9
:10B20000E8F71FFB8046E8F74CFB0C90A86828B1D4
:10B21000407E00F00F07042F01D215E00F27012C0C
:10B2200010D0032C07D10FFA8AF000280ADC0D9801
:10B23000002807DC08E0022C06D13046FCF74FF965
:10B240000C2801D1012000E000200E90B807CDF8B5
:10B25000288013D0012C05D0032C05D1B8F1000FA4
:10B2600040F39E8001200EE0022C07D13046FCF70F
:10B2700036F90338B0FA80F0410996E00E980028BC
:10B2800000F0198200200B90E8F791FD00F068FAB9
:10B290000590E8F78CFD00F092FC0646E8F787FD84
:10B2A00000F077FB0890E8F782FD00F0DDFB0690E8
:10B2B000E8F77DFD00F025FC0746E8F778FD012260
:10B2C00000F0CAFC04462846FFF7C3FD8046284626
:10B2D00000F0E2FE0990E8F76AFD212200F0BCFCD4
:10B2E00010F0FE0F08D1E8F762FD312200F0B4FC47
:10B2F00010F0FE0F00F0DF8120B2079404900D984B
:10B3000000EB0A0404EB080081B2002918BF0121F8
:10B310000E9A1140012940F0C880E98A00B20397D3
:10B32000A9F80210698BA9F806100599012906D120
:10B33000A98A069A1144079A0A44013A04E0298B23
:10B34000CA1B0799511A0131DDF82CA0A9F8001089
:10B350000499A9F80420BAF1000F18BF8A46089989
:10B36000029631445144A8EB010606FB08F191FB1B
:10B37000F0F007B2E8F75BF9182804DBE8F757F9B3
:10B38000E7F7F1FF00E0012024B2874214DCE8F780
:10B390004EF918280FDBE8F74AF9E8F79CFE0BE0B6
:10B3A0000C9800210028C8BF01210E980B9108437A
:10B3B0007FF46AAF7FE10127002C25DD0D99F01B9A
:10B3C000A2B2029B11FB00F191FBF2F1401AE98A53
:10B3D00019440144A9F8021078180AB2039FB5F97C
:10B3E00016100138A9F806001944914231DD0020F9
:10B3F000A9F802100CB2F4F757F8182812DBE8F796
:10B4000016F9E7F7B0FF0EE0E88A0299039F0844B7
:10B41000698BA9F8020008985044C0430844A9F871
:10B42000060042E001200119B9F9060081420ADD57
:10B43000B9F80240E8F7FBF8182806DBE8F7F7F858
:10B44000E7F791FF02E080B203E001202044A9F871
:10B4500006000899B5F91A2000B25144511A8142E8
:10B4600023DA0020A9F806100CB2F4F71DF818280A
:10B4700004DBE8F7DCF8E8F732FB01E04FF0FF30DF
:10B48000B9F90210204488420FDAB9F80640E8F70B
:10B49000CEF8182804DBE8F7CAF8E8F720FB01E04B
:10B4A0004FF0FF302044A9F802000C980A99461882
:10B4B0000998304481B2002918BF01210B9A079BDB
:10B4C0001140012940F0F780A98A089ADDF810A000
:10B4D00000B2B946ABF80010298BABF80410698BA9
:10B4E000891AABF80610C91A0131ABF802100E998F
:10B4F000002908BF8A460699099A39445144541ACA
:10B5000004FB02F191FBF0F007B2E8F790F818287D
:10B5100004DBE8F78CF8E7F726FF00E0012036B2FD
:10B52000874209DCE8F783F8182804DBE8F77FF89E
:10B53000E8F7D1FD00E00127002E26DD0C99E01B85
:10B54000B2B24FF6FF7811FB00F191FBF2F1059AD0
:10B55000411AA88A012A26D1069A524411440B188E
:10B56000ABF80030D819B5F914100138ABF8040065
:10B5700011441AB28A4264DAE8F784FE182836DBEE
:10B58000E8F755F8E7F7EFFE32E00599A88A0129B8
:10B5900021D1298BA1EB0901ABF804100699514484
:10B5A0000844013885E0069B19440A18ABF80020CE
:10B5B000B81812B2B5F914100138ABF804001944E8
:10B5C000914247DDE8F75EFE182821DBE8F72FF807
:10B5D000E7F7C9FE1DE006990844298BABF8000087
:10B5E00009EB0A00C0430844ABF8040063E0012003
:10B5F0000119BBF9040081421BDDBBF80040E8F7EC
:10B6000016F8182819DBE8F712F8E7F7ACFE15E092
:10B6100001200119BBF9040081420CDDBBF8004098
:10B62000E8F705F8182811DBE8F701F8E7F79BFEC3
:10B630000DE080B205E080B20CE001202044ABF8C0
:10B640000400B5F91810A1EB090108E0012020441D
:10B65000ABF80400B5F918200AEB0901511A00B241
:10B66000814228DA0020ABF804100CB2F3F71CFF7B
:10B67000182804DBE7F7DBFFE8F731FA01E04FF0C9
:10B68000FF30BBF900102044884214DABBF80440B4
:10B69000E7F7CDFF18280ADBE7F7C9FF00EB8000CA
:10B6A000502101EB40006FF09F0190FBF1F808EB97
:10B6B0000400ABF800000FB0BDE8F08F806818B14F
:10B6C000007E00F00300704703207047E0B54EF2A3
:10B6D0000101019101AA2C21FAF70CFABDF906002B
:10B6E0008CBD0000E0B50449019101AA2C21FAF7B4
:10B6F00001FABDF904008CBD000001E0008C704728
:10B7000080B50021092200F0A7FAC0B280BD80B543
:10B710000021092200F0A0FAC0B280BD00216622FB
:10B7200000F09ABA80B54FF4A021512200F094FAAB
:10B73000002818BF012080BD80B50021502200F0F4
:10B740008BFA00B280BD80B5502200F085FA00B2BD
:10B7500080BD80B50021162200F07EFAC0B280BD07
:10B7600080B5162200F078FAC0B280BD80B5002105
:10B77000162200F071FAC0B280BD80B500211622F9
:10B7800000F06AFAC0B280BD80B50021162200F038
:10B7900063FAC0B280BD80B50021162200F05CFAC9
:10B7A000C0B280BD80B50021162200F055FAC0B2AB
:10B7B00080BDB0B520220C46054600F04DFA024689
:10B7C00028462146BDE8B040EAF745BB80B52122B6
:10B7D00000F042FAC0B280BD80B5682200F03CFAA9
:10B7E000C0B280BD80B50021342200F035FA0028B7
:10B7F00018BF012080BD80B50021322200F02CFA54
:10B8000000B280BD80B50021322200F025FA00B2DE
:10B8100080BD80B50021322200F01EFA00B280BD4A
:10B8200080B50021322200F017FA00B280BD80B549
:10B830000021322200F010FA00B280BD80B5322221
:10B8400000F00AFA00B280BD80B50021172200F096
:10B8500003FA002818BF012080BD000080B503490D
:10B860004A89002100F0F8F9C0B280BDC001002073
:10B8700080B50021042200F0EFF900B280BD80B550
:10B880000021042200F0E8F900B280BD80B500215B
:10B89000042200F0E1F900B280BD80B54FF4003120
:10B8A000042200F0D9F900B280BD80B500210A223F
:10B8B00000F0D2F980B280BD80B500210A2200F0EC
:10B8C000CBF980B280BD80B50021492200F0C4F9D7
:10B8D00000B280BD80B54FF4A021062200F0BCF973
:10B8E00000B280BD80B54FF4A021052200F0B4F96C
:10B8F00000B280BD80B5602200F0AEF9C0B280BD5C
:10B9000070B50D460446FFF7F5FF032820D3FF2648
:10B91000C0EB0021FD2838BF0E0A1DB92046FFF7F5
:10B92000D4FA0446002584B120460021FFF7E2FF47
:10B9300003280ED300FB06F1FD28204689B238BF4C
:10B940000E0AFFF7C2FA0446EDE7B0B2032802D2AE
:10B950000025E8B270BDFC2888BFFF263546F8E711
:10B9600080B5372200F078F9C0B280BD80B53822AA
:10B9700000F072F900B280BD80B5352200F06CF99C
:10B9800000B280BD80B50021112200F065F900B23F
:10B9900080BD80B5112200F05FF900B280BD80B596
:10B9A000112200F059F900B280BD80B54FF440314A
:10B9B000112200F051F900B280BD80B5112200F0D3
:10B9C0004BF900B280BD80B50021112200F044F98E
:10B9D00000B280BD80B50021112200F03DF900B217
:10B9E00080BD80B54FF40031112200F035F900B26E
:10B9F00080BD80B5112200F02FF900B280BD80B566
:10BA0000112200F029F900B280BD80B5112200F0AA
:10BA100023F900B280BD80B50021152200F01CF989
:10BA200000B280BD80B50021152200F015F900B2EA
:10BA300080BD80B5152200F00FF900B280BD80B541
:10BA40000021152200F008F900B280BD80B5002168
:10BA5000152200F001F900B280BD80B5002112224C
:10BA600000F0FAF800B280BD80B5122200F0F4F8C0
:10BA700000B280BD80B5122200F0EEF800B280BDA9
:10BA800080B54FF44031122200F0E6F800B280BDDC
:10BA900080B5122200F0E0F800B280BD80B5002130
:10BAA000122200F0D9F800B280BD80B50021122228
:10BAB00000F0D2F800B280BD80B5122200F0CCF8C0
:10BAC00000B280BD80B5122200F0C6F800B280BD81
:10BAD00080B5122200F0C0F800B280BD80B51222FD
:10BAE00000F0BAF800B280BD80B5122200F0B4F8C0
:10BAF00000B280BD80B50021132200F0ADF800B285
:10BB000080BD80B5132200F0A7F800B280BD80B5DB
:10BB1000132200F0A1F800B280BD80B54FF440318F
:10BB2000132200F099F800B280BD80B5132200F016
:10BB300093F800B280BD80B50021132200F08CF88C
:10BB400000B280BD80B50021132200F085F800B25C
:10BB500080BD80B54FF40031132200F07DF800B2B3
:10BB600080BD80B5132200F077F800B280BD80B5AB
:10BB7000132200F071F800B280BD80B5132200F0EE
:10BB80006BF800B280BD80B50021142200F064F88B
:10BB900000B280BD80B50021142200F05DF800B233
:10BBA00080BD80B50021142200F056F800B280BD9F
:10BBB00080B50021102200F04FF800B280BD80B5A2
:10BBC000102200F049F800B280BD80B5102200F0CC
:10BBD00043F800B280BD80B54FF44031102200F030
:10BBE0003BF800B280BD80B5102200F035F800B2FD
:10BBF00080BD80B50021102200F02EF800B280BD7B
:10BC000080B50021102200F027F800B280BD80B579
:10BC1000102200F021F800B280BD80B50021102272
:10BC200000F01AF800B280BD80B5102200F014F8C0
:10BC300000B280BD80B5102200F00EF800B280BDC9
:10BC400080B5102200F008F800B280BD80B5102247
:10BC500000F002F800B280BD2DE9F04F87B00F462A
:10BC6000054610460121059203F026FD0390CDE91B
:10BC70000175002D77D00598EAF7A6FA01216E8CA0
:10BC80004FF0000A01FA00FB298C4FF6FF70049177
:10BC900081EA00093146C1F3C500824521D2E86836
:10BCA00000EBCA025268930116D516F0040413D1B2
:10BCB00002F47F02BA4211D150F83A0082791BEAAD
:10BCC000020F0BD0059906AA03F05AFC012848D0B0
:10BCD000022842D0698C01E0002B02D50AF1010A4A
:10BCE000D9E74FF0FF38C1F3C500824524D2E96897
:10BCF00051F83A0082791BEA020F19D001EBCA0110
:10BD0000496801F47F02BA4212D18EB216EA090FD5
:10BD10000ED1B0450CDA059906AA03F031FC0128D2
:10BD200002D0022804D118E00498B046B04218D0DE
:10BD3000698C0AF1010AD6E7B8F1FF3F11DC012056
:10BD4000039991B1002F394618BF0121084206D14D
:10BD50002846FFF7BAF805468BE70020F0E70027F2
:10BD600087E7069807E0002201E0DDE901722FB1C4
:10BD7000059803F059FC07B0BDE8F08F059801283D
:10BD800002D005980428F3D112686AB105980128F9
:10BD90000CBF908AD08A0028F6D005991620012978
:10BDA00008BF1420105EE6E70020E4E780B50B2210
:10BDB000FFF752FF00B280BD80B54122FFF74CFF74
:10BDC00000B280BD80B54FF440314122FFF744FFFF
:10BDD00000B280BD80B54222FFF73EFF00B280BDB9
:10BDE00080B54FF440314222FFF736FF00B280BDEC
:10BDF00080B54522FFF730FFC0B280BD80B5432239
:10BE0000FFF72AFF00B280BD80B54022FFF724FF74
:10BE100000B280BDB0B555220C460546FFF71CFFA9
:10BE2000024628462146BDE8B040EAF714B8002192
:10BE30005722FFF711BF5722FFF70EBF00215722ED
:10BE4000FFF70ABF5722FFF707BF00215722FFF76E
:10BE500003BF5722FFF700BF4FF4A0215722FFF77F
:10BE6000FBBE00215722FFF7F7BE80B50021582204
:10BE7000FFF7F2FE00B280BD80B500215822FFF727
:10BE8000EBFE00B280BD80B500215822FFF7E4FE32
:10BE900000B280BD80B54FF4A0215822FFF7DCFE30
:10BEA00000B280BD80B500215922FFF7D5FE00B257
:10BEB00080BD80B500215922FFF7CEFE00B280BDC3
:10BEC00080B55922FFF7C8FE00B280BD80B50021C1
:10BED0005922FFF7C1FE00B280BD80B50021592272
:10BEE000FFF7BAFE00B280BD80B54FF4A021592201
:10BEF000FFF7B2FE00B280BD80B500215922FFF7E6
:10BF0000ABFE00B280BD80B500216A22FFF7A4FE1F
:10BF100000B280BD80B54FF440316A22FFF79CFE2D
:10BF200000B280BD80B500216922FFF795FE00B206
:10BF300080BD80B54FF440316922FFF78DFE00B21D
:10BF400080BD80B500210122FFF786FE00B280BDD2
:10BF500080B500210122FFF77FFE00B280BD80B5D1
:10BF600000210122FFF778FE00B280BD80B50021DC
:10BF70000122FFF771FE00B280BD80B50122FFF7FC
:10BF80006BFE00B280BD80B500210122FFF764FE88
:10BF900000B280BD80B500210722FFF75DFE00B230
:10BFA00080BD80B500210822FFF756FE00B280BD9B
:10BFB0002DE9F04385B0074608880C460DF10408CA
:10BFC000DFF8D0901D461646ADF80400ADF8080025
:10BFD0004888C988ADF80A10ADF81210A188ADF8EC
:10BFE0000600ADF80E003846ADF81010ADF80C1094
:10BFF0004146C84708F10401E7F7E0FB08F10801F2
:10C00000E7F7DCFB08F10C01E7F7D8FBBDF91030CE
:10C01000BDF90C201D469A42C8BF1546BDF908104F
:10C02000BDF90460BDF906C0BDF90A008E420F4695
:10C03000C8BF3746AF42D8BF2F469A42A780B8BF85
:10C04000134605468E42B8BF31469942A8BF1946ED
:10C050002180BDF91220BDF90E1013469142C8BFD0
:10C060000B468445C8BF65469D42D8BF1D46E58046
:10C070009142B8BF0A468445B8BF60469042A8BF07
:10C0800010466080204605210522EFF72AFB05B007
:10C09000BDE8F083B3DD0108818A008B401A0130CE
:10C0A00000B2704770B50546FEF70FFFAD8A58B174
:10C0B000868A0446FFF758F80544E7F7A6FC0644CD
:10C0C000E7F767FF30442D1A28B270BD70B50546FA
:10C0D000FEF7FBFEED8A58B1C68A0446FFF74CF81E
:10C0E0000544E7F7AFFC0644E7F753FF30442D1A49
:10C0F00028B270BD10B50446FFF7E8FF618B084415
:10C10000E18A401A013000B210BDC0690840E7F76B
:10C1100038BEC069084018BF01207047F8B5144602
:10C120005022E7F733FE608000043BD030462946BA
:10C130005322FFF791FD2073C0B2032832D3E7F7F3
:10C14000BBFC02289EBF00202073F8BD217BFC2889
:10C150009EBF4843010A2173032923D35B4F304616
:10C1600029465222B847E7F70FFF2080304629467C
:10C170005422B847A060304629465122B8470028CB
:10C1800018BF0120617B01F0FB0141EA8000607370
:10C1900045B1E7F732FA617B00F0030001F0FC01E2
:10C1A00008446073F8BD00BF70B514464622E7F737
:10C1B000EDFDE072C0B203283CD3E7F77DFC022816
:10C1C0009EBF0020E07270BDE17AFC289EBF48430C
:10C1D000010AE17203292DD34FF080702060B08AEC
:10C1E000318B728B081A0221013000B290FBF1F002
:10C1F000A080F08A101A4822013000B290FBF1F0C2
:10C200002946E0803046FFF727FDA072000607D0E0
:10C21000304629464722FFF71FFDE7F7B5FE20818C
:10C2200045B1E7F7EAF9217B00F00F0001F0F001DA
:10C230000844207370BD0000F8B514465622E7F795
:10C24000A5FDA076C0B203283FD3E7F735FC02284E
:10C250009EBF0020A076F8BDA17EFC289EBF48436B
:10C26000010AA176032930D330462946FFF7D2FDD3
:10C27000D34FA081304629465822B847A082304685
:10C2800029465922B8476082304629465A22B84783
:10C29000A17F00F0070001F0F8010844A0774DB13C
:10C2A000E7F7ABF9A17F00F0070001F0C70141EA11
:10C2B000C000A07730462946FFF7BDFD206030461C
:10C2C00029465B22FFF7C8FC2077F8BD59BC01085E
:10C2D00070B514464E22E7F759FD2072C0B203280C
:10C2E00046D3E7F7E9FB02289EBF0020207270BD0D
:10C2F000217AFC289EBF4843010A2172032937D3C3
:10C30000304629464922FFF7A7FC608000042FD061
:10C31000304629464D22FFF79FFCE7F735FE208087
:10C32000304629464A22FFF797FCA080000405D03A
:10C33000304629464B22FFF78FFCE08030462946E5
:10C340004C22FFF789FC002818BF0120617A01F018
:10C35000F30141EAC00141EA8000607245B1E7F7AC
:10C360004CF9617A00F0030001F0FC0108446072AE
:10C3700070BD00002DE9F04114460E460746FFF758
:10C38000BFFA05461EB1022D01D800200DE126B1ED
:10C3900038463146FFF720FAA070384631460B2266
:10C3A000FFF75AFC2080E07800284CD03846314610
:10C3B0002122FFF751FCE070C0B2032843D3384676
:10C3C0003146FFF7F6F9A080384631462622FFF7BE
:10C3D00043FC40B10146407A400704D0A01D0A2228
:10C3E000FCF7F4FC2FE0384631462322FFF734FCFB
:10C3F000E17B10F0070001F0F8010844E07317D06A
:10C4000038463146FFF7D5F9DFF8B481E080384689
:10C4100031462222C047E6F78BFF6081384631461D
:10C420002422C0472072384631462522C047207357
:10C43000384631462722FFF70FFCE17B01F0C701A8
:10C4400060F3C501E173384631463222FFF704FC40
:10C450002084000421D094F82200F0B138463146FF
:10C460003122FFF7F9FB84F82200C0B2032814D36D
:10C47000384631463322FFF7EFFB94F82310302281
:10C4800001F0C10160F34501384684F823103146BC
:10C49000FFF7E2FBE6F74CFFE08338463146FFF753
:10C4A0006BFAE084B8B194F82A00A0B1384631465E
:10C4B000FFF756FA032884F82A000CD33846314691
:10C4C000FFF754FA2085384631463622FFF7C4FB81
:10C4D000E6F72EFFA084A07EA8B338463146282276
:10C4E000FFF7BAFB206170B3384631462922FFF7C7
:10C4F000B3FBA076C0B2032825D32069FAF7BEFFAC
:10C5000002280AD138463146FFF795FC606138466B
:10C510003146FFF77FFC208315E0DFF8A480384622
:10C5200031462A22C047E6F703FF208338463146CA
:10C530002B22C047E076384631462C22C0470028DF
:10C5400018BF0120207794F8360040B338463146B2
:10C55000FFF75AFCE08510B394F8360003281ED389
:10C5600038463146FFF744FC032884F8360016D3DA
:10C5700038463146FFF720FC208638463146FFF723
:10C5800029FC608638463146FFF738FCA0863846DD
:10C5900031464422FFF760FBE6F7CAFEA085FC2D7A
:10C5A0000BD894F836006843000A84F8360084F803
:10C5B0002A0084F82200A076E070BDE8F08100BF78
:10C5C00059BC01081CB50446E9F714FCE7F778FAF2
:10C5D0006946ADF80000204600F001F81CBDBCB56E
:10C5E0000D460446FEF7FEFBF2F7CCFF70B128685B
:10C5F00069680090019169462046FDF75DFD28B10C
:10C600002046FEF7EFFB6946E9F7D6FABCBD0068A5
:10C6100040B1816911F00301F9D0481EB0FA80F0F1
:10C620004009704700207047006840B1816911F0EF
:10C630000C01F9D0081FB0FA80F0400970470020C3
:10C640007047000010B508490446FFF762FD48B97D
:10C650002046FEF73AFC28B1FFF72EF9002818BF54
:10C66000012010BD002010BD01000600F8B50446F1
:10C670000020F2F74FFF054688B16E6A0027BE42E0
:10C680000BD0E86850F82700A04208D0214605F0FA
:10C6900090FD01370028F2D001E02846E9E7002D9F
:10C6A00018BF01252846F8BD1CB50446E9F7A2FBD2
:10C6B000E7F706FA6946ADF800002046FDF7FCFCF6
:10C6C0001CBD80B5418C41F001014184FEF702FCA4
:10C6D000418C41F002014184FEF784FB406818B1AF
:10C6E000BDE8804004F0B4BF80BD2DE9F047984616
:10C6F00015460E468146FEF705FB82460024A245FC
:10C7000008BFBDE8F087D9F80800B8F1000F00684D
:10C7100050F8247005D038464FF48021FFF7F5FC1F
:10C7200088B9B88A31462A4600233044B882F88A4C
:10C730002844F882388B30443883788B28447883B7
:10C740003846FFF7D2FF0134D9E72DE9FF474468A7
:10C7500090460F46054634B3E7F757F90646E7F724
:10C7600071F9814628464FF48021FFF7CEFCA18A5B
:10C7700001EB060A10B1E08A48440BE02046FEF7C0
:10C78000F3FCAAEB000AE08A81442046FEF7F4FCA1
:10C79000A9EB000000EB0806E7F7FBFB0AEB07013B
:10C7A00006EB00080F182E46BAB236F8140F71883F
:10C7B000824205D11FFA88F28A4201D1BDE8FF8783
:10C7C0003F1A2846A8EB0109FFF7FCFE6869A96932
:10C7D000029003917CB1E84620464146FEF7ADFA4F
:10C7E00002A84146E7F743FA10B14FF0010804E010
:10C7F000204600F0ADFF4FF00008A88A39B20FFACA
:10C8000089F200233844A882E88A4844E882288BC9
:10C8100038442883688B484468832846FFF765FFBF
:10C82000A4B1204622212A46F9F764F92846FFF7E9
:10C83000C9FE69463046E7F71AFA40EA08000128BF
:10C84000BCD1204600F084FFBDE8FF872846FFF7F3
:10C85000B9FEBDE8FF8770B50C460546B1F1FF3F54
:10C8600006DC6868806808B1406800E00020044485
:10C870002846FEF7F4FA0DB16E6800E00026002CA1
:10C8800008D4B16809B1496800E000218C4201DA9E
:10C89000844200D170BD0BDAA0420FDDB168096897
:10C8A00001EB800252F8042C41F820200138F3E714
:10C8B000844203D0B168E6F762FDF9E7B06822214F
:10C8C0000022006840F824503046F9F713F930464A
:10C8D000BDE87040FFF776BEF8B5054680680C46A7
:10C8E00030B1017E11F0300F17D1408A464200E08E
:10C8F00000262846FEF7F6FAB0F1FF3F0DDC31B214
:10C9000001290ADBB1B2404223468142B8BF084642
:10C9100002B22846002100F0B1FDA86820B1007ED7
:10C9200010F00C0F00D0F8BDE6F78BFF0646E6F7D7
:10C93000B8FF074628460021FEF712FF012805D15F
:10C94000B6F1FF3FEFDC012F0ADAECE7B7F1FF3F6A
:10C95000E9DC012EE7DBB0B27E42B042B8BF06464A
:10C9600031B228460022234601B0BDE8F04000F075
:10C9700085BD00002DE9F04786B0D0F808A002AFD1
:10C9800004460E4608463946FEF727FA3046E9F7D0
:10C9900031FA014638460A46EEF7A3FE0DF11008BB
:10C9A00051463A464046E8F76EFB10B9E6F74CFEB2
:10C9B00088B1274D304614212246C4F80880A84784
:10C9C000304615212246A847304616212246A84760
:10C9D0004FF0010901E04FF00009E6F735FE30B1F4
:10C9E000DAF80000DAF80410CDE9000106E006F1FB
:10C9F000140268465146E8F746FB88B16846A060D5
:10CA00003046FEF77FF907460025AF4208D0B068F0
:10CA1000006850F82510204606F08AF80135F4E742
:10CA2000B9F1000F0ED00A4D304617212246C4F846
:10CA30000880A847304618212246A84730461921C9
:10CA40002246A847C4F808A006B0BDE8F08700BF9A
:10CA5000F55A01082DE9FE4F0446FFF7F3FD08B132
:10CA6000BDE8FE8F2046FEF730FA82462046FFF7EB
:10CA700091FA81462046FFF794FA0746BAF1000F73
:10CA800000F085805046FEF794F905465046FEF7C3
:10CA90007CF909F4C041B1F5005F0ED129F4C04121
:10CAA000B1F5FA6F09DCB1F57A7FC8BFC1F57A71CB
:10CAB00001FB05F2642192FBF1F907F4C0410295F4
:10CAC000B1F5005F0ED127F4C041B1F5FA6F09DC72
:10CAD000B1F57A7FC8BFC1F57A7101FB00F264211C
:10CAE00092FBF1F70190204600216B22FFF7B4F88A
:10CAF0000646204600216C22FFF7AEF8E18A638BE0
:10CB0000258B06F4C042591AA38AEB1A03F1010BD4
:10CB1000B2F5005F10D132B222F4C042B2F5FA6F22
:10CB20000ADCB2F57A7FC8BFC2F57A720FFA8BF3CE
:10CB30005A43642392FBF3F601F1010800F4C0416B
:10CB4000B1F5005F0ED101B2E6F725FF0ADCB1F5C1
:10CB50007A7FC8BFC1F57A710FFA88F04843642123
:10CB600090FBF1F00744204609EB0605FEF7CFFDE8
:10CB700009283FD8DFE800F0053E0F2516121A1EDF
:10CB800022295046FEF7E5FD01281AD032E0204662
:10CB900049463A4631E0E7F711FB29E0E7F70EFB9B
:10CBA000084405440198A0EB080005E00198A0EBBB
:10CBB000080005E0E7F783FA07441BE0E7F77FFA90
:10CBC00007440298A0EB0B0013E0019902200FFA32
:10CBD00088F26FF0010392FBF3F291FBF0F1114444
:10CBE0000F44029991FBF0F00FFA8BF191FBF3F1F6
:10CBF0000844054429B23AB2204603B0BDE8F04FDC
:10CC0000FFF7A3BD2DE9F04F8FB00446408C4105DE
:10CC100002D5800500F110822046FEF756F9002863
:10CC200000F00A8282462046FEF7D4F98146608CE5
:10CC3000400570D42046FFF78BF9E6F7C9FE4FEAAE
:10CC400050185046FEF7B5F80746AE426BD1204665
:10CC5000002100220797CDF8248000F049FDE7F776
:10CC600098F905462046FEF745FF4619E6F7CDFE42
:10CC700005442046FEF736FD05902046FEF742F8B3
:10CC800083462046FEF765FD01280A9608956DD17A
:10CC9000CB4F30B2CDF818904FF0000840F2491950
:10CCA0004EF201060490C34500F09D80A06839460D
:10CCB000006850F828502846FFF72BFAC0B92846DC
:10CCC000FFF7C0FC50B92846FEF721FD082812D80E
:10CCD000012101FA00F010EA090F0CD0B5F9140097
:10CCE000B4F9181036B2081A0130B042C8BF06466F
:10CCF00008F10108D7E72846FFF74CF90028F7D1DB
:10CD0000A88A298B32B2081A0499E6F793FF0A9988
:10CD1000A8BF4618ECE7A08A218B4FF00008081A3C
:10CD200000F1010B9EE006F4C040B0F5005F40F05A
:10CD3000878026F4C045B5F5FA6F00F38180BAF814
:10CD40002200400572D45046FFF702F942F2D17139
:10CD500088426BD1E7F71DF90546E6F756FE00EB72
:10CD600045052046FEF7C6FE2E1869E028B20027CA
:10CD70004EF201060690D6488046BB453ED0A068DC
:10CD80004146006850F827502846FFF7C2F9C0B95D
:10CD90002846FFF757FC50B92846FEF7B8FC07288D
:10CDA00011D8012101FA00F010F0930F0BD0B4F963
:10CDB0001400B5F9181036B2081A0130B042C8BFD5
:10CDC00006460137D9E72846FFF7EBF80028F8D1E7
:10CDD000A88A298B32B2081A0699E6F72BFF089920
:10CDE000A8BF4618EDE7B0B24EF20103089A984288
:10CDF00018BFB018DDF818900A9907E0B0B24EF2EB
:10CE000001030A99984218BF7018089A1144059AAC
:10CE1000114402B280B20EB2B242C8BF1646984266
:10CE200008BF0E46DDF82480079F09E0B5F57A7F3C
:10CE3000C8BFC5F57A7505FB07F0642190FBF1F6D4
:10CE4000204600210222FEF707FF0546204600216A
:10CE50000322FEF701FF02B229B230B23B46F1F7DE
:10CE600066FB83462046FEF777F90246608C800514
:10CE700065D420460892FEF7FBFCE6F7A9FD4009C1
:10CE800007905046FDF781FFAE420A905DD12046E3
:10CE900000210022CDF82480CDF810B0CDF81890F4
:10CEA0004FF0000800F03CFCE7F773F80546E6F7A2
:10CEB000C9FD00EB050903950FFA89F0059020469E
:10CEC000FEF760FD02902046FEF700FC0190204630
:10CED000FDF718FF7E4E83464EF20105C34555D03F
:10CEE000A0683146006850F828703846FFF711F9FD
:10CEF00090B93846FFF7A6FB20B93846FEF707FC85
:10CF000003280CD8B4F91600B7F91A102DB2081A74
:10CF10000130A842C8BF054608F10108DEE73846DF
:10CF2000FFF73FF80028F7D1F88A798B2AB2081A60
:10CF30000599E6F77FFEA8BF00EB0905ECE7E08A5C
:10CF4000618B081A471C00205AE006F4C040B0F577
:10CF5000005F41D126F4C045B5F5FA6F3CDCBAF864
:10CF6000220080052ED45046FEF782FC42F2D17199
:10CF7000884227D1E7F70DF80646E6F763FD00EB98
:10CF800046052046FEF7FEFC2E1825E0DDE90210DE
:10CF90004EF20102084401994944014428440EB26A
:10CFA00000B2B042C8BF0646A8B2904208BF0E46C3
:10CFB000DDF81890DDF82480DDF810B00CE000BF3B
:10CFC00001000400B5F57A7FC8BFC5F57A750A98E7
:10CFD0006421684390FBF1F6204600210522FEF70C
:10CFE0003BFE0746204600210622FEF735FE0A9B3F
:10CFF00002B239B230B2F1F767FA0746DDE907024B
:10D0000040EA0800012804D120464946002300F0E8
:10D0100044FB264636F8140FB188081A1FFA8BF124
:10D02000013080B2884209D1E08A618B081AB9B216
:10D03000013080B2884201D1002046E02046FFF74F
:10D04000C1FA6069A1690D900E910BAD5046294659
:10D05000FDF773FE0DA82946E6F709FE054610B94F
:10D06000504600F075FBE08A384401386083204662
:10D07000FEF76FFB012805D1208BA0EB0B000130E0
:10D08000A08203E0A08A5844013820830DAA2046DC
:10D090002921F8F72FFD504622212246F8F72AFDD4
:10D0A0002046FFF78FFA20460021FFF715FC0BA959
:10D0B0003046E6F7DCFD2843012802D1504600F057
:10D0C00047FB204600F006F801200FB0BDE8F08FC6
:10D0D00001000400BCB581680446002009B1CD8A76
:10D0E00000E00025ADF806000DF1060220461321F0
:10D0F000F8F700FDBDF80600A84202D02046FFF771
:10D1000061FAA168BDF8060031B960B12046FCF7AC
:10D11000B3FFA168BDF80600C882A84202D020462D
:10D12000FFF750FABCBD0020F7E770B50446FEF7E4
:10D130000FFF42F2D175401BB0FA80F0460920463D
:10D14000FEF796FB401BB0FA80F0400946EA000566
:10D15000012D02D12046FFF7B4FA284670BD000029
:10D160002DE9F84F0446C4480078002800F0A2805A
:10D17000204615460E46FFF725FA564F284604214D
:10D18000B847824628460221B847814628460121F1
:10D19000B847804628461021B847074606F47F0660
:10D1A000BAF1000F1DD0A6B1B6F5702F11D02046F0
:10D1B00000210422FEF750FD80B242F2D17B584597
:10D1C00007D0204600210122FEF746FD80B25845D7
:10D1D00007D120462A210022F8F78CFC2046FFF7D1
:10D1E00070FA4FF6FF7BB6F5702F06D1E6F7E3FD38
:10D1F00040EA0A00012806D00EE07EB9E6F7DBFD22
:10D2000050EA0A000AD02046FDF75FFE08B1FFF79A
:10D2100058FAB6F5702F01D12FB934E0B6FA86F07E
:10D22000400938422FD0204600216E22FEF714FD1F
:10D2300000041AD1204600216D22FEF70DFD80B2B8
:10D24000B0F5807F11D1204600216122FEF704FD58
:10D25000C0B2FF283CD1204600216822FEF7FCFC2A
:10D26000C7B2002F18BF012700E00227A06820B92D
:10D270004FB12046FCF700FFA068817E01F03F011E
:10D2800041EA87118176E6F796FD40EA0900012818
:10D2900002D12046FFF71EFF2046FFF793F95D45B8
:10D2A00005D0B8F1000F05D0B9F1000F04D0B6F5E4
:10D2B000803F08D1BDE8F88FB6F5803018BF012057
:10D2C00010EA0A0FF6D02046BDE8F84F05F0D4BEAC
:10D2D0000127CBE7B9F6010870B50646408C0D462C
:10D2E0001446C0F3C501002081421BD0F26802EB56
:10D2F000C0025268D30103D522F07F42A24201D07E
:10D300000130F1E781420DD0F16851F83000294633
:10D3100002F016FA30B1304621462A46FFF720FFC8
:10D32000012070BD002070BD2DE9FE4F0E46054660
:10D3300002F47F094FF6FF7B09B1F07920B101209B
:10D3400002904FF6FF7001E00020029097B24FF07C
:10D35000000C4FF0000A0190698C4FEACA08C1F333
:10D36000C5018A4558D2EA6802EBCA035B685F458B
:10D3700002D098B2B8420BD1B9F5702F03D003F4A4
:10D380007F00484504D146B152F83A00B04204D07B
:10D3900008F108080AF1010AE3E798010AD52846CE
:10D3A00049464FF6FF72002308F000FCEA6802EBE2
:10D3B000CA00436813F0407F0CD052F83A0002F0E4
:10D3C0001FFAE86850F83A00FBF7C8FCE86800214B
:10D3D00040F83A105046698CC1F3C502013A9042B8
:10D3E0000BD2E968013001EB0802D2E9023441F8BE
:10D3F0000830546008F10808EDE721F4FC7001F5ED
:10D40000FC7101F4FC7108446884E868FBF7C6FC11
:10D41000E8604FF0010C9FE7029800EA0C00012839
:10D4200018BFBDE8FE8F019A2846494603B0BDE803
:10D43000F04FFFF795BE0000014A0021FFF774BFCF
:10D44000FFFF0F0070B504460B48007890B1002034
:10D45000F2F760F8054668B10026686A864207D28E
:10D46000E86850F82610204605F048FE0136F4E73B
:10D470002846EDE770BD00BFB00000202DE9F04167
:10D4800092B0044652EA010000F0848015460E4630
:10D49000012B61D12046FDF7A5FC804601A8EDF7E0
:10D4A0005FFC3E48019404904EB34046F2F70CF8FE
:10D4B0004010002132460027EDF795FCC82898BFA0
:10D4C000C820B0F5C87F28BF4FF4C8700C90A06882
:10D4D00010B1008A404207B23148092108908F48B4
:10D4E0000290F01B0B907842CDE9090001AA20467A
:10D4F000F8F700FB01284DD101A8EDF781FC002DC4
:10D5000048D04046F2F728F8401000212A4600266D
:10D51000EDF769FCC82898BFC820B0F5C87F28BFC0
:10D520004FF4C8700C90A06810B1408A404206B217
:10D530001B480921089085480290A81B0B90704257
:10D54000CDE9090001AA2046F8F7D4FA012821D133
:10D5500001A8EDF755FC1DE07C492046EDF7B6FB30
:10D560006E492046EDF7B2FB204609210022F8F76C
:10D57000C1FA01280ED1204631462A46E8F748FC78
:10D58000012807D120460A21002212B0BDE8F0414F
:10D59000F8F7B0BA12B0BDE8F08100BF3D34020820
:10D5A000ABAD00082DE9F84F054652EA010069D0FD
:10D5B0002846984692460F4600F02EFCA86818B1FF
:10D5C000008AC0F1000901E04FF00009A7EB090053
:10D5D0000021002406B22846FEF7C2F8012812D125
:10D5E00026EAE674012E22DBE6F72BF90746E6F77A
:10D5F00058F93844A1B200B220EAE070814238BF45
:10D600000846044613E0002E48BF3446B6F1FF3FFB
:10D610000DDCE6F716F90746E6F743F9384421B280
:10D6200000B220EAE07040428142B8BF0446A868D8
:10D63000002710B1418A4E4200E00026AAEB060105
:10D6400009B2002948BF0F46B1F1FF3F13DC0FFAC2
:10D6500087FA18B1408AC0F1000B01E04FF0000BCF
:10D660002846FDF73FFC584400B220EAE0704042F3
:10D670008245B8BF0746B81904EB090141EA000228
:10D68000120401D1BDE8F88F02B209B22846434620
:10D6900001B0BDE8F04FFFF7F1BE70B515461A4670
:10D6A0001C46064600F024F8304629462246BDE8CE
:10D6B000704000F035B82DE9FC41E6F740FE00204F
:10D6C00001902846FDF701FC074605F114060DF10F
:10D6D00004085FB1304629464246234605F0BCFEA9
:10D6E0003846FDF7F2FB3D460746F2E7BDE8FC8110
:10D6F00070B50E46094914460546EDF7E7FAA868E5
:10D7000010B1008A404200E00020801B0022234626
:10D7100001B22846BDE87040FFF744BFC337020896
:10D7200070B50E46094914460546EDF7CFFAA868CC
:10D7300010B1408A404200E00020801B00212346B7
:10D7400002B22846BDE87040FFF72CBFD937020867
:10D75000BFB502AD6A4604462946FDF715FD2846C9
:10D76000EDF7A5FF18B96846EDF7A1FF78B102A85B
:10D77000EDF79DFF18B102A92046FEF730FF68467D
:10D78000EDF795FF18B169462046FEF728FFBFBDAB
:10D79000B0B50C460546FCF76FFCA8688482B0BDA6
:10D7A00070B5154600221C46064600F05FFA30466A
:10D7B0002946002200F048FA30462146002200F0B7
:10D7C0005BFA0B48002201883046BDE8704000F04B
:10D7D00060BA00BF10B50022044600F03BFA0448CE
:10D7E000002201882046BDE8104000F052BA00BF78
:10D7F000C001002010B50022044600F031FA204696
:10D80000FDF763FBBDE81040FEF75BBFBCB50C46FF
:10D8100001AA0421E6F7D8FD20B1012807D101981B
:10D82000A04204D028462146002200F02DFABCBDBB
:10D8300010B589B20022044600F02BFA2046BDE85C
:10D840001040FEF73EBFF8B5E6F753F931462A46D9
:10D8500002F09AF8384621463246BDE8F840FFF714
:10D860007FBC0000F8B504464068B0B10D46A1B1D8
:10D870002046FEF7A7FE2846FCF7FEFB666820461A
:10D88000FDF7EDFAB16809B14A6800E00022023AFA
:10D89000904203DCE5F773FDF4E7F8BDD1E900023F
:10D8A000013A4A6003D09100FBF778FA02E0FBF7F7
:10D8B00055FA0020B1680860A868416801314160EC
:10D8C00000688900FBF76AFAA9680860496800EBFC
:10D8D0008100002140F8044C30466560FEF7FCFFF3
:10D8E0003046FFF735FF0C4F304622212246B8471D
:10D8F000304624210022B847284622212246B84734
:10D90000284623210022B8472046FEF7DAFE2046AB
:10D91000BDE8F840FEF756BEF55A0108B0B514460A
:10D92000054600F01DFA28462146BDE8B04000F04B
:10D9300029BAB0B5E6F74CFDA868417E01F00F02A8
:10D94000A24205D004F00F0201F0F001114441762B
:10D95000B0BDB0B5E6F73CFDA96804F003000A7E4F
:10D9600002F0F30242EA80000876B0BDB0B5E6F7F7
:10D970002FFDA96804F003000A7E02F0CF0242EAFC
:10D9800000100876B0BDB0B50D460446FCF774FB38
:10D99000A068017E01F00302AA4208BFB0BD05F0F5
:10D9A000030201F0FC01114401762046BDE8B040BD
:10D9B000FEF708BEB0B51446054600F0BFF928468C
:10D9C0002146BDE8B040FFF721BF2DE9F04F8BB0F5
:10D9D000058C8D4200F00381884601842946064665
:10D9E0004246E8F7EFFA002800F0F98001904FF482
:10D9F0002070FBF751F94FF420710446FBF7ADFAA4
:10DA00006FEA080B201D00274FF0000A06940990CA
:10DA100002950596CDE903B8708CC0F3C500874226
:10DA200038BFBAF1200F80F0B780F46804EBC70963
:10DA300059F8040F20F07F4000F0B9F90546F0686E
:10DA400000EBC700406820F07F4000F0ADF92946A8
:10DA500015EA0B0F40F09E80054699F803008007F9
:10DA600000F198800A9154F837104FF6FF73CDF803
:10DA70001C9008978A88C8799A420CD0002800F038
:10DA80008980012815D122F48040672840F08280E7
:10DA900050042CD52DE0002290427BD00B6833F847
:10DAA000324027466FF39F37672F11D0089F01320E
:10DAB000F2E7096801EB800200286BD013881C464E
:10DAC0006FF39F34672C0DD0013802320431F3E735
:10DAD00020B2089F00285DD460040AD403EBC20082
:10DAE00047680AE018B2002854D4580401D40F68DB
:10DAF00003E0672001F098FD074639684FF0000BFE
:10DB000031F81B00002841D0BAF11F0F3ED8099C04
:10DB10005646BAF1000F1CD0D4F80090484600F0E9
:10DB200046F98046484600F03FF93968A38831F845
:10DB30001B20934208BFA84202D10A98804503D215
:10DB40001434AAF1010AE4E7BAF1000F01D0B24699
:10DB500019E0B24606EB8600D7E90346069AD7E9F4
:10DB600001C30AF1010A22F8204002EB8000079A63
:10DB70004680C36031F81B30C0F810C003811268C2
:10DB800022F07F4242600BF1010BB9E7059EDDE90F
:10DB900003B8089F01373FE7069C029DBAF1000FCA
:10DBA0000DD0606800F000F9014630462A46434631
:10DBB0000094E8F76DF91434AAF1010AEEE706982B
:10DBC000FBF7BAF8019803280CD0022814D00128DA
:10DBD00005D130460BB0BDE8F04FFEF7F3BC0BB0FB
:10DBE000BDE8F08F30464FF470214FF6FF720BB056
:10DBF000BDE8F04FFFF7B4BA3046FEF7E3FC30461D
:10DC00000BB0BDE8F04FFFF765BA13460A4609218D
:10DC1000FFF719BE13460A461621FFF714BE134636
:10DC20008AB22021FFF70FBE13460A462821FFF7CC
:10DC30000ABE13460A462121FFF705BE13460A46CF
:10DC40003221FFF700BE000013460A460D49C9887D
:10DC5000FFF7F9BD13460A460A494988FFF7F3BDA5
:10DC600013460A4607494989FFF7EDBD13460A46A0
:10DC700004498988FFF7E7BD13460A460149098927
:10DC8000FFF7E1BDC001002013460A460421FFF75B
:10DC9000DABD13460A460A21FFF7D5BD13460A46E8
:10DCA0000221FFF7D0BD13460A466021FFF7CBBD26
:10DCB00013460A461121FFF7C6BD13460A46122134
:10DCC000FFF7C1BD13460A461321FFF7BCBD13463B
:10DCD0000A461021FFF7B7BD13460A460B21FFF78E
:10DCE000B2BD13460A464021FFF7ADBD13460A46B2
:10DCF0005B21FFF7A8BD13468AB25521FFF7A3BDEC
:10DD000013460A465721FFF79EBD13460A4658217F
:10DD1000FFF799BD13460A465621FFF794BD1346F7
:10DD20000A460121FFF78FBD13460A460721FFF778
:10DD30008ABD13460A460821FFF785BDBCB50C46CF
:10DD400001AA0121E6F740FB20B1012807D1019883
:10DD5000A04204D0284621460022FFF7E0FFBCBDC8
:10DD6000BCB50C4601AA0721E6F72EFB20B101281D
:10DD700007D10198A04204D0284621460022FFF78F
:10DD8000D3FFBCBDBCB50C4601AA0821E6F71CFBBD
:10DD900020B1012807D10198A04204D0284621468D
:10DDA0000022FFF7C6FFBCBD00F47F00704780B2C1
:10DDB00070472DE9F0411E4617468846054645B393
:10DDC0002846E8F71EF80446F0074FEAC7760ED15A
:10DDD000022C04D128464146002207F039FFC6B183
:10DDE0002846FDF772F8054600260127E7E73EB111
:10DDF0002846FDF76AF8414601220123FFF7D9FFC3
:10DE0000022C06D1284641460122BDE8F04107F028
:10DE10001FBFBDE8F0810000B0B50A4D297881B977
:10DE200001212970FDF756F80446608C810706D55C
:10DE300020F0020060842046ECF714FFF5E7002094
:10DE40002870B0BDFC3E0020122802D809B1042978
:10DE500001D900207047044A0139C9B202EBC00061
:10DE600030F81100704700BF8C560308122802D802
:10DE700009B1052901D900207047054A00EB80004F
:10DE80000139C9B202EB400030F81100704700BF01
:10DE90002457030812288EBF0020024931F81000D1
:10DEA000704700BFE25703082DE9F84F9A4616461F
:10DEB0000F46044621B9B6F5807F01D1BDE8F88F41
:10DEC000BAF8000021886288091ABAF80200218095
:10DED000101A002F608054D0394A1268BA423BD0E1
:10DEE000B7F56160DFF8DC80D8BF3846002848BF4E
:10DEF00000F561600A2190FBF1F909EB8901A0EBC3
:10DF0000410B0FFA89F0CBF10A050095C047454354
:10DF100009F1010000B2C0470BFB00500A2190FB41
:10DF2000F1F0451109F15A0000B2C0474146804660
:10DF300009F15B0000B28847214A23491760009A23
:10DF400002FB08F20BFB00200A2290FBF2F04011CA
:10DF5000C1E90050608821881B4A09B207B2B6F5B2
:10DF6000807FD2E9002303FB01F502FB175016D195
:10DF70007B43BAF8005002FB013105EB9020890A7F
:10DF800017E009B2BAF8002000B27143704302EB07
:10DF900011212180BAF8021001EB10200DE07B4323
:10DFA000BAF80050704302FB013105EBA040714309
:10DFB0008914BAF80220208050186080BDE8F88FDC
:10DFC0009C000020791802087C02002010B5B0F9EE
:10DFD0000020B0F90430022440889B1A93FBF4F32C
:10DFE0004C8809881A441844891A201A03FB03F242
:10DFF00011FB01F110FB00110020914298BF01209C
:10E0000010BD0000B0B50B4C0B4900224FF4C863A3
:10E010002046F1F782F904F11C052846F1F78AF948
:10E020000648A46220630648E0612846BDE8B04087
:10E03000F1F7A2B918010020FE3E0020512002088D
:10E040004001F000F0B50B4600210124150604BF85
:10E050002046F0BDA0FB00C612F0010700FB0366DE
:10E0600000FB036E08BF0120A0FB045600FB01600B
:10E0700079421940734601FB040150B22C4642100C
:10E080006046E3E77CB50C461431002205460026C5
:10E09000E7F724F898B320460121FEF736F808B1D7
:10E0A00000262CE02046E7F7ACFE002638BB6A4687
:10E0B0002046122101958DF80060F7F71BFD9DF8B1
:10E0C000000002281BD02046FCF71CFE461E701CD8
:10E0D00001280ADBA068006850F826102846FFF7E0
:10E0E000D1FF013E0028F2D000E000209DF8001092
:10E0F000002918BF0446002818BF044626463046AB
:10E100007CBD000010B500200C460885486291F8DF
:10E110002A0000F0FE0081F82A0008461021FCF7D2
:10E1200057F920464FF40071FCF752F90648214692
:10E13000FCF7ACF8FCF712F904A120460022BDE878
:10E14000104000F025BB00BF245803084F707469CD
:10E150006F6E20310A4F7074696F6E20320A4F70F3
:10E1600074696F6E20330A4F7074696F6E20340AC1
:10E170004F7074696F6E2035000000002DE9F04F7C
:10E180009DB0DFF8A4040E46FCF798FD012840F08E
:10E1900044823046F7F794FC05463046F7F7A6FC74
:10E1A0008146681E172830D8DFE810F06800A2000A
:10E1B00018003702370237023702180037023702D9
:10E1C0003702370277008E00C0003702370237026D
:10E1D000CC00370241003702370241004846EBF7D6
:10E1E000A3FB002800F019820546F9F753F906460B
:10E1F000F9F78EF9042800F07281022840F07E8140
:10E20000B9F82600A9F8280078E1292D00F0AD80A2
:10E210002A2D00F09F802C2D40F0FF813046F7F72B
:10E2200063FC05464846EBF72AFD2880F5E13046B9
:10E23000F7F746FC04463046F7F758FC0546182C1D
:10E2400000F09A80152C40F0E8813046F7F73EFC4C
:10E250001BAE044628463146EBF7DEFC0DAF3846D0
:10E26000F2F7B0FF28464FF480213A46FEF782F8D5
:10E27000204639463246F2F791FFCEE199F82A005E
:10E2800000F0FD0089F82A004846EBF74DFBE8490D
:10E290001DB0BDE8F04FECF719BD3046F7F724FC90
:10E2A0000078A0F112010229C0F0A781112802D044
:10E2B000142840F0B281B9F82600002800F0AD81A2
:10E2C000B9F828400138A1E14846FCF7BCFDF8F751
:10E2D000A5F80546F9F7DEF8F9F71AF9B9F82610A6
:10E2E000042808BF002D00F09B81A9F8281094E1B4
:10E2F000F9F7D0F80DA9F9F711F9BDF836000028A3
:10E3000000F08B814846EBF70FFB0546FDF7DEFE7C
:10E31000BDF83610084401B22846FFF733FD99F8DE
:10E320002A0040F0020089F82A0076E1B9F82800B6
:10E33000B9F82610814200F07081A9F826004846FD
:10E34000012114E04846EBF7EFFA1DB0BDE8F04FAD
:10E35000FEF7C0BE4846EBF7E7FA18B12A210022C3
:10E36000F7F7C8FB4846FEF7E0FE484600211DB01F
:10E37000BDE8F04F04F0A6BD3046F7F7A7FB0DAEA1
:10E3800082463046F1F79CFE28464FF48021324603
:10E39000FDF752FF1BAE28463146EBF73DFCDAF89D
:10E3A00008100BA83246E6F76EFE002800F0358113
:10E3B0002846EBF7B9FA8346F9F760FE28B19DF8D5
:10E3C000510040F001008DF851005846F9F75BFE0E
:10E3D0000746DDF83480BDF94860BDF9464028465F
:10E3E000FDF75AFE0221CDE90040424633460224A1
:10E3F00002910AA8394603F065FA2846FCF729FD80
:10E400000590BBF916000790B5F91600069058461E
:10E41000FCF71FFD049028460021FDF71AFD0D9919
:10E42000B0F90800EF8AB1F90810081A90FBF4F966
:10E43000BDF82A00A0EB09082846ADF82A80FDF7B0
:10E44000F6F90446284600211222FDF705FC06468F
:10E45000284600211322FDF7FFFBDAF808102044BC
:10E4600003910BA9CAF808109DF8511041F0020160
:10E470008DF85110A119AA8A1144069AADF82010FE
:10E48000298B081A0221ADF82400059890FBF1F0C1
:10E4900001B202FA80F0079AA1EB0901101A049A5E
:10E4A0003944800390FBF2F00FFA88F2504301EBFD
:10E4B0009030BDF82A10ADF822000844ADF82600CF
:10E4C0005846F9F7E0FD0346002000900DA908AA80
:10E4D0005046F1F785FB0398CAF808009DE0B9F8AB
:10E4E0002600A9F828004846FCF7ADFC0746F7F7D8
:10E4F00095FF18B138460021F7F7FEFF3046F9F7CF
:10E5000007F8012804D03046F9F702F803286BD148
:10E5100099F82A00800734D40DAF30463946F8F711
:10E52000C9FFE88ABDF83610081ABDF83410ADF8F6
:10E530003600A88A081A3946ADF834002846F9F79B
:10E54000DBFB83462846F9F79EFDDFF8E0800027D5
:10E5500005460DF16C0A5E4600241B97E6B3D8F819
:10E560000020284651469047B7EB0B0118BF012108
:10E570000A381B9F013EB0FA80F04009084004446D
:10E58000ECE748460021FDF764FC07464846FDF7E6
:10E59000A4FC8046B7F808A0B9F91670B9F91A407A
:10E5A000ED8A30460C21F9F722F8E11B02222844BB
:10E5B00091FBF2F100B2394409B2081A0AEB0801E2
:10E5C00009B290FBF1F04FF6FF7120EAE074B9F860
:10E5D0002400844228BF441820B2002804D4A1B2E9
:10E5E0004846012200F034F9B9F826001C210D90AC
:10E5F0000DAA4846F7F77EFA0FE0B9F82600B9F8F9
:10E6000024100130884208D2B9F8284081B2484627
:10E61000012200F01DF9A9F828401DB0BDE8F08FD7
:10E62000B9F8280086E600BF085803085C000020FF
:10E630000B3802082DE9F0438FB008460D46F7F776
:10E640003FFA152873D12846F7F750FA2846F7F70E
:10E650004DFA0446FCF739FC07AE07463046F1F7A1
:10E660002FFD384600213246FDF7E6FD2046F9F73A
:10E6700005FD28B19DF8390040F001008DF8390002
:10E680002846F7F723FAD0F8088005AE054607F1CB
:10E69000140230464146E6F7F6FC00286AD0AE6028
:10E6A00003A93846EBF7B8FABDF80E002746A9686B
:10E6B000ADF80A0037F8140FADF80400D7F80200DF
:10E6C000CDF8060001AE30463246E6F7DCFCD5F860
:10E6D000089068B12046AE60F9F7D5FC03460020EB
:10E6E0003A46009007A92846F1F77AFAC5F808904B
:10E6F000BDF812004946ADF80600A08AADF8040046
:10E70000A069029001AE30463246E6F7BCFC58B133
:10E710002046AE60F9F7B7FC034600203A46009069
:10E7200007A92846F1F75CFAC5F8088022E00646FA
:10E7300016482946FCF7C2FA01281BD12846F7F7EC
:10E74000D5F90446292E18D0132E13D12846F7F7F1
:10E75000CBF905462046FCF7B8FBEBF790FA0646E6
:10E760002046FDF799FCB5F90010301A8842B8BF71
:10E77000084628800FB0BDE8F0832046FCF7A5FBD3
:10E7800000210FB0BDE8F04304F09CBB24580308FF
:10E79000B1B12DE9F84F17468B460446EBF7C4F8A4
:10E7A0000546002059462085606211F8013B421C55
:10E7B0000A2B02D0002BF8D103E0A2841046F4E724
:10E7C000FEE794F82A00A2849FB340F00100009570
:10E7D00084F82A005846E1F71BFE471C0546C7EBA4
:10E7E000C7094846FAF758FA824607264FF00A0842
:10E7F0003EB15946E1F7E8FD00F805803844013E96
:10E80000F6E7009D09EB0A00002100F8011C5146C3
:10E810002846F9F7C9FF5046FAF78EFAA08C00EBAC
:10E820004001C0EBC000A0842046E184EBF740FF2C
:10E8300007E000F0FE00594684F82A002846F9F760
:10E84000B3FFE08C20852846BDE8F84FFEF742BCB8
:10E85000F0B590F82A40838CE40717D00724B3FB67
:10E86000F4F48C4212D9C68CB6FBF4F505FB1466A1
:10E8700037B27F1A48BF7F426543B7EB540F04D9C4
:10E88000B6B28E4294BF091B214429448CB29C42EB
:10E8900028BF591E0185C1841146BDE8F04004F02F
:10E8A00011BB80B5F0F7FCFDBDE88040F0F73CBE41
:10E8B0002DE9F04FA3B0994693460E460446FCF767
:10E8C00091FA0546FFF7EDFF8046A869DDF8B0A094
:10E8D000B0B1804514D004F074FCA8690021ECF7B5
:10E8E000F5F9A869E5F740FBA869E5F7D8F895F8C8
:10E8F0002800800702D54046FBF7F8FDD5F81880C0
:10E900006869AC6138B195F82810890703D5FBF721
:10E91000EDFD00206861A6F10A0005284FF0000017
:10E9200038BF012095F828106AF3410001F0FC017E
:10E930000844002185F828002046ECF7C7F9604F0D
:10E94000B8470021ECF7C2F92046E5F70DFBB847C0
:10E95000E5F70AFB2046E5F7A2F8B847E5F79FF888
:10E9600059EA0B0033D012A8ECF7FAF95548C9F16F
:10E9700000071294CDE91DB715905348149001A8D3
:10E98000ECF7EEF9CDE90CB70E2E2869019000F2F4
:10E99000898001A812A900F1200B00F1240A00F1DE
:10E9A00028020FF2120001F1200401F1240701F105
:10E9B0002809DFE806F008181E242B323A424B5390
:10E9C000586064686D0042480026139051E020466C
:10E9D00004F0F7FBBAF1000F6ED0404623B0BDE85B
:10E9E000F04FFBF783BD3A4813902846F0F76CFDD3
:10E9F0000AE0374813902846F0F766FD0BE03348ED
:10EA000013902846F0F7A8FD064632E02F481390F1
:10EA10002846F0F7A1FD46422BE02D4CE4F706FF17
:10EA2000E5F782FCF0F750FD0EE0294CE4F7FEFE1E
:10EA3000E5F79CF9F0F748FD2EE0244CE4F724FFBD
:10EA4000E5F772FCF0F788FD404225E01F4CE4F743
:10EA50001BFFE5F78BF9F0F77FFD1DE01D48002651
:10EA60001390FF201AE01B48FF265C46574691464C
:10EA70000290002012E01648E5F7A1FC06E01448D9
:10EA8000E5F79DFC07E01148E4F793FE404202E001
:10EA90000E48E4F78EFE00265C4657463E60266030
:10EAA000C9F8000040462521E4F793FD12A8ECF7D1
:10EAB000A7F901A8ECF7A4F923B0BDE8F08F00BFD7
:10EAC000A3E801084D310208A13102080538020807
:10EAD000FF370208E921020810B500200C4608673C
:10EAE00091F8740000F0FC0081F8740008464FF4BF
:10EAF0004071FBF76DFC20461021FBF769FC0020FC
:10EB0000F0F7D2FC1E2809DB0020F0F7CDFC5021E5
:10EB100001EBC000A02190FBF1F000E0012001B268
:10EB20002046BDE81040FEF733BE00002DE9F04F4F
:10EB3000B3B0DFF830760D463846FCF7BFF8012851
:10EB400040F05B822846F6F7BBFF04462846F6F7FE
:10EB5000CDFF814600F008FB0646601E142841D810
:10EB6000DFE810F0AF00C00015004B024B024B0273
:10EB70004B0215004B024B024B024B024900610055
:10EB80004B024B0271004B0201014B027C00002042
:10EB9000C9F8700099F8740000F0FE0089F874005C
:10EBA0004846FDF70FFD4846FCF74DF90546F7F7D7
:10EBB00035FC0446F8F76EFCF8F7AAFC042840F090
:10EBC0001C82002C00F01982484600F0CDFA022881
:10EBD00040F01A8299F87400810700F1118240F028
:10EBE00002002DE0292C40F00882484633B0BDE8F1
:10EBF000F04FFEF76FBA2846F6F776FF0078113827
:10EC0000032800F2FA81DFE810F00400A5010400F7
:10EC1000A50199F87400800700F1FD814846EDF7E1
:10EC20000EF9411C9EE1F8F735FCF8F771FC042859
:10EC300002D0022840F0E18199F8740000F0FD0054
:10EC400089F87400D9E12846F6F74EFF0546D9F851
:10EC50000800002800F08B81808A89E12846F6F7B9
:10EC600045FF06462846F6F731FF81463046FCF759
:10EC700092FD05463046EBF706FF834696F85C00AA
:10EC800000F00300012804D1B06AB0F1FF3F40F367
:10EC9000D7810024BBF1000F3046029500F0988028
:10ECA000FCF7D7F8824624B1706AB0F1FF3F40F319
:10ECB00020823820012D08BF3420305AADF8C4001E
:10ECC00092E04846FDF77EFC99F87400022E40F071
:10ECD000010089F8740080F0D28009F12400C9F89D
:10ECE00070008AE1D9F87000002800F08681F8F7FA
:10ECF000D1FB0446F8F70CFC012840F07E8111ADF1
:10ED000020462946F8F7D6FBD9E90A01A1EB00080D
:10ED10004846EBF7B8FE002800F0988148460021ED
:10ED2000FCF7D0FE064648460021FCF71AFF0446D1
:10ED30004846FDF7B1F907464846FCF72CFD314639
:10ED40002A4601280CBF214609F114020128B2F914
:10ED5000002008BF09F11805B5F900001144401A58
:10ED6000A1197B1A87E1E4F752FFFCF7ABFE029092
:10ED7000E4F74DFFFCF7F5FE0746E4F748FFFCF724
:10ED800053FF0646E4F743FFFCF733FE8246E4F701
:10ED90003EFF6D22FCF760FF01904846FDF7C9F881
:10EDA00083464846FDF7B6F804464846FDF774F931
:10EDB00000EB4B084846FCF74CF800EB440080455C
:10EDC00080F29E8048464FEA4B08FDF765F99CE0CB
:10EDD000FDF762F9824624B1706AB0F1FF3F40F35B
:10EDE0008A81F08EADF8C60023AD2846F2F7EAF925
:10EDF00030464FF440312A464FF44038FDF7BAFA16
:10EE000031A9E5F74DF8329931983446F16644F866
:10EE1000680F11A84946FBF7DBFB0020CDE914453C
:10EE2000CDE91270CDE91E80304600F09DF9022830
:10EE30001FD103A823AF38223946F9F7C7FF11AD18
:10EE4000E4F785FB484639462246F2F7A7F93046F3
:10EE50001B212A46F6F74EFEBBF1000F00F0AB80F7
:10EE600002993420012908BF3820305AADF8C40077
:10EE7000A4E011ADE4F76BFB23A94846B5E0022EF0
:10EE800040F0BB80F8F706FB11A9F8F713FB4846E2
:10EE9000FDF702F904464846FBF7DBFF0546484606
:10EEA000FCF779FCAC4280F21281B9F96A00BDF935
:10EEB00046108142FFF611AFB9F96620914200F386
:10EEC0002581B9F96240B9F96E30651A121B022426
:10EED00092FBF4F2521948BF5242411A181A90FBA1
:10EEE000F4F0401848BF40420004B0EB024FC0F2BB
:10EEF000338109F13000C9F8700099F874006EE6AA
:10EF000048464FEA4408FBF7A4FF8346DDE9014089
:10EF10004FF44031B842C8BF07464846B245C8BF63
:10EF20005646B742C8BF3E46FBF73CF908EB0B011B
:10EF30003044C90311FB24F100EB1120023004B26C
:10EF40002846F6F7D1FDB0F90010A142C8BF0C4623
:10EF5000048052E099F87400800761D44846ECF7C9
:10EF60006EFF411E48460122ECF78FFF60E0002053
:10EF7000D9F86810D9F86C2007B21191129211AC2F
:10EF800039463A462046ECF7ACFBE4F7F7FB28712C
:10EF900098BB022E31D1D9F86000D9F864103A46F6
:10EFA0001291119011AC39462046ECF79AFBE4F728
:10EFB000E5FB287121E0708FADF8C60031A9E4F7B8
:10EFC0006FFF329931983446382244F8600F7166E9
:10EFD00003A93846F9F7FAFE01201F9013A991C141
:10EFE00011ADE4F7B4FA484639462246F2F7D6F8AE
:10EFF00030461B212A46F6F77DFD33B0BDE8F08F81
:10F0000000F0FD0089F874002846002133B0BDE807
:10F01000F04FF7F771BA4846ECF7FFFE411C03E0EA
:10F020004846ECF7FAFE411E48460122ECF70FFF76
:10F0300048461C21002233B0BDE8F04FF6F75ABD18
:10F04000F06A0128FFF625AE012423E64846002198
:10F05000FCF7EAFD044648460021FCF7CAFC0546D9
:10F0600004444846FBF7F5FE031BBDF94600B9F919
:10F070001A10281A0844D9F8704009F130023021DA
:10F08000D9F828501BB2944208BF282159F80160D2
:10F090004FF02C0108BF2421022793FBF7F759F802
:10F0A00001103FB200FB087090FBF3F02844884247
:10F0B000B8BF01468E42C8BF3146206888429CD006
:10F0C0004846944225D00122ECF7DFFE24E0BDF94A
:10F0D0004410012811D1B9F968209142FFF6FDAD25
:10F0E000B9F96430994211DCB9F86C00B9F86040A4
:10F0F0001AE0B08EE2E5708F74E6B9F96C008142D7
:10F100003FF7EBADB9F96040A14209DA09F13000EF
:10F11000E5E50122ECF79BFE48461C2100226AE748
:10F12000B9F86820B9F8643024B21BB212B200B248
:10F13000651A1B1B022493FBF4F35B1948BF5B4267
:10F14000801A511A90FBF4F0401848BF4042000466
:10F15000B0EB034FBFF6CDAE09F12400C9F8700043
:10F160006AE500BF4058030880B5ECF751FE811EE8
:10F17000B1FA81F14909012818BF480080BD00009B
:10F1800081B01EB514460A460593014605A80290B3
:10F19000009004482346E7F75DFBBDE81E4001B040
:10F1A000704700BF4968000810B505200F4B0C469A
:10F1B0000D4A81F8740000200121C4E9190394F874
:10F1C0007500C4E91B2100F0F800043084F87500D4
:10F1D000204601F0D5FF2046012101F052FF2046D4
:10F1E000BDE8104000F006B96179FEFF9F8601007E
:10F1F00010B5426ED0E91B14131B8B4208DA8A4209
:10F200000ED190F8752012F0010218BF816E07E050
:10F2100019461444002B48BF6142002AD8BF194642
:10F220004166BDE8104000F0E5B8000070B55448F4
:10F230000D46FBF743FD012840F088802846F6F78D
:10F240003FFC06462846F6F751FC04460D2E25D015
:10F25000082E40F07B80F8F71DF9F8F759F90428DB
:10F2600033D12046FBF7EFFDF7F7D8F800286DD033
:10F2700094F8740000F00F00022867D394F875101A
:10F28000256F01F00601042961D1022D70DA821E7A
:10F290000A200021FEF7D6FE206763E0F8F7FAF8AF
:10F2A000F8F736F906462846F6F71EFC00681138CE
:10F2B00003284BD8DFE800F00420021E042E57D1AB
:10F2C0002046BDE8704000F05DB8204601F0D0FE59
:10F2D0000546E1F79DF8616C6A5C2E2A03D1204651
:10F2E00001F0F0FB12E081420BD1411E204601F0FB
:10F2F000D1FE0BE0042E35D12046BDE87040FFF76B
:10F3000077BF19B9E06EB0F1FF3F36DD626C94F85B
:10F3100074100120E36E20671546102928BF013DB7
:10F32000B2EB111F01F00F0198BF1546AAB2D543E9
:10F33000002B48BF55422944002293B2994205D977
:10F3400000EB8000013240002067F6E770BD421EEE
:10F350000A2000210A26FEF775FEEA17281A72EB2A
:10F36000010004DA2046BDE8704000F031B826679D
:10F370002046BDE8704000F021B820460121B6E7E4
:10F380005C58030810B5D0E91921046FA3188B420B
:10F3900008DD8A420DD190F8752012F0010218BFE5
:10F3A000C16E06E01946002BC8BFA11A002A58BF3B
:10F3B00019464166BDE8104000F01CB8016F0A22F2
:10F3C00001230929C8BF91FBF2F3036700F012B8CB
:10F3D000D0E91A21036F002900D549428A42C8BFEB
:10F3E000114603EB830252008A42D8BF026700F045
:10F3F00001B800002DE9F04F89B00DF112058146EA
:10F4000012212846F9F7A9FDD9F86C00D9F8643023
:10F41000B0F1FF3F02DD4FF0FF0809E02D204FF073
:10F420000008B3F1FF3FC8BF2B208DF81200013553
:10F43000002B00D55B4201AE30A20E213046FFF713
:10F440009FFE99F874A030460AF00F0BE0F7E0FF3A
:10F45000ABEB000101290FDB721880B2B0F1FF3F66
:10F4600003DD335C13540138F8E701A8302219B1E9
:10F4700000F8012B0139FAE7BAF1100F5F4628BFF7
:10F480004FEA1A170020874204D0315C21B1295479
:10F490000130F8E7394600E00146BAF1100F1ED2FC
:10F4A0000DF11201484601F0A5FE99F87400D9F853
:10F4B00070100A2200F00F000A2903DBB1FBF2F101
:10F4C0000138F9E700EB0801C0B2B84288BF01314A
:10F4D0004846C9B201F0DEFD09B0BDE8F08F2E222A
:10F4E00000232A547218CE185E45D9D2D65C002E5D
:10F4F000D6D0EC18013304446670F4E725640000AC
:10F50000B0B592B00C4608460221FAF761FF01AD92
:10F510002846EBF725FC4FF6FF70ADF84400144881
:10F52000CDE901401348D0E900010C9001F5B47019
:10F53000CDE909110B902846EBF762FC4FF4B4704B
:10F540000B900020CDE909000B4808900B48029071
:10F550002846EBF755FC204600214FF4B472EBF738
:10F56000ABFF20464FF48771ECF746F812B0B0BD00
:10F57000DD6E00085002002095AD0008E36E000823
:10F58000F8B514460246C079B2F904305D1C0DD0BE
:10F5900000283FD0012816D118466FF39F308842CB
:10F5A0001FD1002B2FD458042BD52EE000239842D6
:10F5B00017D0156835F8336037466FF39F378F42A1
:10F5C00011D00133F3E7126802EB800348B11D88C4
:10F5D0002E466FF39F368E420ED00138023304322E
:10F5E000F4E70020F8BD30B200280CD440040CD45D
:10F5F00005EBC30040680BE028B2002803D44004A8
:10F6000003D4106804E00220F8BD084600F00CF8AE
:10F6100020600120F8BD0821F9F79FBCC079B0FA3D
:10F6200080F0400970470000A0F13001272919D867
:10F630000FF20400DFE801F014321437141414320E
:10F64000141414141414141414141414143232143E
:10F6500014141414141432141414143214143239EB
:10F6600000207047A0F1200109290DD9A0F1600107
:10F67000022913D3032813D0062811D06D2804BF04
:10F680004FF480707047EBE70FF20400DFE801F001
:10F690000F050505050605050506E1E7FF2070478E
:10F6A00041F6FF7070470F207047024870474FF6D1
:10F6B000FF7070472454030810B50C46E6F78AFD26
:10F6C000204018BF012010BDF8B51A4E04461A4953
:10F6D000306808B10A8804E0702200230A801749C4
:10F6E0000B60511C11F4404F01D000211EE0134F5C
:10F6F000A2F16F033D689D4211D2A2F1500131F099
:10F700001F050BD02946F9F749FB0028EDD00A4A1E
:10F710003D60306011880131118003E0FEE7064A48
:10F72000118028B110FA81F000F8714C88B2F8BD50
:10F73000FEE700BF980200207E0000203C0400206D
:10F740002DE9F0410D46818804464FF6FF70814255
:10F7500053D0E079002850D0012807D16FF39F31B2
:10F760000020A94222D1E071A0801EE0D4F80080E0
:10F77000002108EB800788423FD037F811206FF353
:10F780009F32AA4201D00131F5E7022810D10120B1
:10F79000E071B1FA81F0400937F81010A18058F8F3
:10F7A000200020604046F9F7D9FA0120BDE8F08139
:10F7B00000EB40006FF0050101EB4000F9F73EFA65
:10F7C000D8B1E179002220604B1ED9B2E37100EB81
:10F7D000810C0021DEB2B142E4D837F81160AE42AC
:10F7E00009D058F8213040F8223037F811302CF881
:10F7F0001230E37901320131ECE70020BDE8F081FD
:10F8000010B5044680884FF6FF71884208BF10BDCE
:10F81000E079022802D32068F9F7A0FA20460821EF
:10F82000BDE81040F9F799BB0A46652100F0ACB875
:10F830008AB2522100F0A8B80A46512100F0A4B8BB
:10F840000A46502100F0A0B88AB2202100F09CB8EE
:10F850008AB2222100F098B80A46282100F094B814
:10F860000A46212100F090B88AB2302100F08CB80D
:10F870000A46312100F088B80A46342100F084B8E5
:10F880000A46332100F080B80A46322100F07CB8E5
:10F890000A46172100F078B80A46622100F074B8D1
:10F8A0000A46632100F070B80A46042100F06CB8E3
:10F8B0008AB24D2100F068B80A46492100F064B8C8
:10F8C0000A46062100F060B80A46032100F05CB841
:10F8D0008AB2362100F058B80A46372100F054B8F1
:10F8E0000A46382100F050B80A46352100F04CB8DD
:10F8F000B0B50C46054600F02CF82846214600F02D
:10F900002CF82846214600F030F828462146BDE86C
:10F91000B040AFF300800A46112100F035B80A4626
:10F92000152100F031B8B0B50C46054600F019F8C5
:10F9300028462146BDE8B040FFF7F1BFB0B50C4600
:10F94000054600F006F828462146BDE8B04000F024
:10F9500004B80A46122100F017B80A46132100F035
:10F9600013B80A46142100F00FB80A46102100F01F
:10F970000BB8B0B50C460546FFF7F7FF2846214601
:10F98000BDE8B040FFF7C7BF014B00F006B800BFAD
:10F9900095F901081080196070472DE9F8439046E9
:10F9A0000246044689464FF6FF7132F8040F88423A
:10F9B00077D0E77949469C466FF39F31022F13D3E6
:10F9C000206807EB470600EB460200EB8703012F98
:10F9D00017DB32F8025D043B013F6FF39F358D4228
:10F9E000F5D14846414608E0012F22D16FF39F3000
:10F9F000884236D148464146234601B0BDE8F0432F
:10FA00006047062101EB46016646F9F7C7F9002871
:10FA100047D0E179206001EB41020B4600EB420246
:10FA20000232012B0CDB32F8045C013B22F8025954
:10FA3000F7E7012041462346E0714846E04725E0CC
:10FA400001314FF0FF32E17152FA81F3C9B200EB9C
:10FA5000810101EB430200EB830348464146B04776
:10FA600014E00C206546F9F7E9F8D0B1E279216895
:10FA7000A38820600132E271D2B200EB820222F848
:10FA8000023B0160031D48464146A847C9F30410E4
:10FA9000072828BF0720012101FA00F0A1790843B7
:10FAA000A071BDE8F8830A460B21FFF76DBF8AB24B
:10FAB0004421FFF769BF0A464221FFF765BF0A46A6
:10FAC0004521FFF761BF0A464321FFF75DBF0A46A4
:10FAD0004021FFF759BFB0B50C46054600F022F8AB
:10FAE00028462146BDE8B040FFF7DEBE0A465B214E
:10FAF000FFF74ABF8AB25521FFF746BF0A46572192
:10FB0000FFF742BF0A465921FFF73EBF0A466A2166
:10FB1000FFF73ABF0A466921FFF736BF0A46672159
:10FB2000FFF732BF0A460121FFF72EBFF8B50E4698
:10FB300014211C4615460746F9F70FFA0698002DC2
:10FB4000C7E90340034818BF2846B8603E600798DD
:10FB50007860F8BDC3AD00084162FCF733BD0068B2
:10FB60004FF0FF314162FCF72DBD10B54FF0FF3073
:10FB70000C46486208461021FAF72AFC2046082164
:10FB8000FAF771F820464FF48061BDE81040FAF7AB
:10FB90006AB808460021EBF799B800002DE9F04F4C
:10FBA000A3B091480E46FBF789F8012840F019816F
:10FBB0003046F5F785FF05463046F5F797FF0446D2
:10FBC0001C2D45D0152D74D0132D40F00A812046F0
:10FBD0004FF44031FBF77CFF054620464FF440319F
:10FBE000FBF7C5FF0746854220464FF44031C8BFAA
:10FBF0002F46FCF71FF8054620464FF44031FBF72F
:10FC0000FEFEA842C8BF054620464FF44031AF4231
:10FC1000C8BF3D46FAF7C6FA2844023007B230465C
:10FC2000F5F762FF0546B0F900004FF40031B84225
:10FC3000C8BF074620462F80FAF7B4FA8742CFBFE5
:10FC4000288820464FF40031FAF7ACFA2880C8E043
:10FC5000204600216522FBF7FFFF30B30546204612
:10FC6000FBF74CFD0746666A20460021EBF72EF8AD
:10FC7000E8464046EBF774F85C48711CCDE900405B
:10FC80005B4803904FF4807000EA07200A9008BF99
:10FC900080F48076301ACDE9086648BF4042684358
:10FCA000000A0B904046EBF7ABF82046FCF78AFCC5
:10FCB00097E03046F5F71AFF05463046F5F706FFA0
:10FCC000804628460021FBF703FF06462846002110
:10FCD000FBF74DFF074628460021FBF7ABFF044624
:10FCE00028460021FBF78BFE298BC91BADF8881035
:10FCF000A98A3144ADF88410698B081AADF88A00DE
:10FD0000E88A20446C46ADF886002046F1F75AFA9E
:10FD100028464FF400312246FCF72CFB21AA40462E
:10FD20002146F1F73BFA2846FBF793F80646A88AE6
:10FD3000298B3044081A441C686A411C06D021B241
:10FD40004843C11700EB1160071207E02846FBF794
:10FD5000D5FC00F00100404200EA040728460021DB
:10FD60001622FBF779FFC0B24FF44031012808BFDB
:10FD7000E71BA88AB5F81A90B5F816A007442846DC
:10FD80003E44FBF7A5FE834628464FF44031FBF77F
:10FD9000EEFE341828464FF44031FBF74BFF064681
:10FDA00028464FF44031FBF72AFEA7EB0B014844ED
:10FDB000ADF88040ADF87C10AAEB0601ADF88200EA
:10FDC000ADF87E1011AC2046F1F7FCF928464FF44F
:10FDD00040312246FCF7CEFA1FAA40462146F1F7F1
:10FDE000DDF923B0BDE8F08F9458030859FB0108F2
:10FDF0005FFB010810B54FF001100C46486202206D
:10FE0000F8F71CFF2063E08C4000F8F717FF216B28
:10FE10008223E062A26A0B800380A08CE18C4843BD
:10FE200081001046F8F7BAFF0021A062016010BD02
:10FE3000F8B50C4600250026A08CE18CB7B24143F2
:10FE4000A06AB94209D950F8270020B1F8F786FF17
:10FE5000A06A40F827500136EEE708B1F8F77EFFB8
:10FE6000E06A08B1F8F77AFF206B18B1BDE8F840F6
:10FE7000F8F774BFF8BD00002DE9F04FDBB0DFF8F4
:10FE8000F4660D463046FAF719FF012840F0288342
:10FE90002846F5F715FE07462846F5F727FE0446DF
:10FEA000781E022813D3082F33D00D2F54D00E2FD5
:10FEB00063D0152F67D02C2F00F0AC822A2F40F092
:10FEC0000F8320465BB0BDE8F04F03F085B8F7F72D
:10FED000E1FAF7F71DFB00F0FD00012840F0008378
:10FEE000F7F7D8FA18A9F7F7E5FABDF860502046F9
:10FEF000FBF73AF905442046FBF754FC012840F093
:10FF0000A782268B20460021FBF737FE2844301AB3
:10FF1000A5E22046FCF756FBF7F7BCFAF7F7EDFA37
:10FF2000A18E4FF6FF75A9420BD0E18EA94208D0F1
:10FF300038B920461C210022F5F7DCFD012840F0ED
:10FF4000CF82F7F7A7FAF7F7E3FA40F002000328A9
:10FF500004BFE586A586C3E22846F5F7C5FDA18E58
:10FF60004FF6FF73994203D0E28E9A4240F0BB8273
:10FF700000206063204603F0E9FB20465BB0BDE84B
:10FF8000F04FFCF71FBB2846F5F7B0FD8346284627
:10FF9000F5F79CFD826859AC07460BF11401204629
:10FFA0000D91E5F770F8002800F09A82B8680021FA
:10FFB0003222BC60002404905846FBF74DFE814677
:10FFC00058460021FBF73CFE824658460021FBF7CD
:10FFD0001CFD119058460021FBF780FD80465846D5
:10FFE0000021FBF7CAFD1090BBF82200BBF820509F
:10FFF000ABF8204040F00400ABF8220048AC2046AB
:020000040802F0
:10000000F1F7E0F858464FF4A0212246FCF7B2F988
:1000100032AC2046F0F754F8E4F710F8BBF82200B1
:10002000BBF816100795ABF82050CDF830A020F0A3
:100030000400ABF822000AEB090044185846FBF70D
:100040009BF8C0432044ADF85E015846FBF78CF89E
:100050003C4607465846FBF7A5FB824618A82146B2
:100060000E94FAF7B5FA2AA810990DF1E80C0023BE
:100070004FF0000E1D900020CDF870C0CDE9196042
:100080004FF4A020C943259007EB09000A91081AF4
:10009000F94306904046CDF82C8008EB090008444F
:1000A00005901198C0430990BBF82600834280F068
:1000B0001482DBF82C00BDF85E1130F813000A182A
:1000C0000131ADF85E21BDF96A21ADF85A1109B2CE
:1000D000914200F30282BAF1010F109306D1BBF8EE
:1000E0001810069A1144ADF8581105E00D99059ABB
:1000F00009881144ADF85C1100B2022190FBF1F0C7
:1001000008900020BBF8247086B2BE4280F07F8148
:10011000DBF828101FFA8EF851F8280008B1007893
:1001200000E00020BAF1010F11900CD1BDF8582168
:10013000DBF83030501EADF85C0133F81640121B6E
:10014000ADF858210BE0BDF85C01DBF83030421C03
:10015000ADF8582133F816402044ADF85C017C1E00
:10016000002716FA87F9A14515DABDB2454451F8C2
:10017000255085B12D78ED070DD003EB4905BAF177
:10018000010F6D8819BF2844ADF85C01521BADF812
:1001900058210137E5E7BDF95E11BDF96631994295
:1001A000C0F22E819DF84331CDF83CE0BDF85AE114
:1001B000ADF85820ADF85E10ADF85C001D07ADF845
:1001C0005AE013D50D9D0B9CB5F9005005EB040CBE
:1001D00015B2AC450DF1E80C08DABDF940516FF0ED
:1001E000010495FBF4F52A44ADF858205A0712D5BE
:1001F000BBF916500C9A0FFA8EFC154465450DF1AB
:10020000E80C08DABDF940216FF0010492FBF4F22A
:100210007244ADF85A20DA0612D5BBF918200A9CB0
:10022000224404B2A2420BDDBDF84021022514B2E3
:1002300002F0010294FBF5F410442044ADF85C0098
:10024000980711D5BBF91A00099A104488420BDDB2
:10025000BDF84001022302B200F0010092FBF3F26C
:1002600008441044ADF85E00BBF836001099814296
:100270000ED1BBF83400B0420AD1BBF820104806BA
:1002800001F0060058BF01F0260009070CD460B940
:10029000604648A938226546F8F798FD2AA832A991
:1002A0002022F8F793FD21E00830ABF82000BBF8DE
:1002B0002200654640F00400ABF822006046F0F7EB
:1002C00081FF2AAC2046EFF7FBFE58464FF4A021F1
:1002D0002A46FCF74FF8E3F7B1FE0798ABF8200089
:1002E000BBF8220020F00400ABF8220016ACBBF8EB
:1002F000240010991B9401FB00601A212690584697
:1003000018AAF5F7F7FB0E9829462246F0F746FFA4
:10031000DBF8280050F82800002868D058464FF431
:10032000A021FBF7DBFB06465846E4F769F80446D4
:100330005846E3F768FA5D4683464FF4A021284605
:10034000FBF763FBBDF85A11BDF85C21BDF9BC3069
:100350005944141BAB46329AADF85210BDF85E11E9
:10036000081ABDF85811ADF85600A86ABDF9BA5080
:100370003144119E50F82800ADF85010611AADF8C4
:100380005440013106F0020609B20296CDE900514F
:10039000411C58A801F096FA96B9BDF85A0108997F
:1003A00002220844BDF9621191FBF2F20244ADF859
:1003B00056206FF0010291FBF2F10844ADF85200B3
:1003C00012A859AD56AA2946E4F75DFE78B10E9CF5
:1003D00012A80021A060DBF8280050F82800009146
:1003E0002AA914AA431C2046EFF7FAFBA560584639
:1003F0001B2118AAF5F77EFBDDF83CE00DF1E80CB7
:100400000EEB070000F1010E09F101007AE6109BE6
:10041000013349E62846F5F767FBA28C002100234B
:100420009A4205D0256B35F8135001332944F7E77C
:10043000E38C00220025AB4205D0E66A36F8156051
:1004400001353244F7E7013A01394280018047E043
:10045000A68A20460021FBF741FB3044281AA68CCF
:1004600001B200200022864209D0236B33F81030FD
:10047000013003FA82F213B28B42F4DD461EBDF85E
:1004800062802046FAF778FE0546B4F816902046BA
:1004900000210027FBF7D4FB05EB080148440022AC
:1004A000081A01B2E08CB84209D0E36A33F8173079
:1004B000013703FA82F213B28B42F4DD781EA28E6A
:1004C000B1B28A4203D1E28E81B28A4208D0E0867C
:1004D0002046A686FCF776F802E00E980499816023
:1004E0005BB0BDE8F08FB4F826C000230025076894
:1004F000624538BF1546A68CB14238BF0B46113F46
:10050000032FEDD8DFE807F002040608013D04E000
:10051000013502E0013300E0013BB34205DAB3F1FB
:10052000FF3F0ADC1DB3013D06E0ACF1010085424E
:1005300002DA0135002300E0731EACF101066545C7
:10054000B8BF25EAE5768B4208BF9642C8D0204660
:10055000E686A386FCF736F8204603F0F7F8204637
:100560001C2100225BB0BDE8F04FF5F7C3BA0023B1
:100570000025E2E7B0580308F8B5494F0C46387833
:1005800081F82C000138C1B207290AD88B2222FA3F
:1005900001F1C90705D040B242A1095C2046FDF730
:1005A00019F9204642F2640142F26402FDF702FAB0
:1005B0002046EBF743FD06462046F9F78BFF05463C
:1005C00030460121ECF72CFB0420F8F737FB3749C4
:1005D000606201603046616AECF702FA34493046E5
:1005E0001C220023F9F706FB30464FF48041F9F74F
:1005F0003AFB3049284600220023F9F7FBFA284647
:100600000021FDF7C0F994F82C00411E022910D3F7
:10061000082801D004281CD1B7F90220304642F244
:100620006401FDF7C7F9284642F26401FDF786FB35
:100630000BE0B7F90210304642F26402FDF7BAF956
:10064000284642F26401FDF7E1F828460121FDF752
:10065000D1F8F5F7DDFE10B13146F5F779FE94F8E3
:100660002C0010F00C0F08D028460021FDF7B2F83E
:1006700028460321FDF76DF907E028460121FDF723
:10068000A9F828460321FDF771F928468021F9F7DA
:10069000EAFA28464FF48061BDE8F840F9F798BEC1
:1006A000580200200008010101010109DB5D030877
:1006B000037200083F77000870B591F82C000C46D3
:1006C00010F00C0F0DD000250026208D864206D29A
:1006D000E3F728F8606A40F826500136F5E794F809
:1006E0002C0080070ED000250026208D864209D2DE
:1006F000606A50F83600F8F731FB606A40F836500F
:100700000136F2E7606AF8F729FB0020606270BDED
:10071000B0B50B480C46FAF7D1FA01280ED12046A5
:10072000F5F7CEF905462046F5F7E0F9292D05D174
:10073000418D0022BDE8B04000F00AB8B0BD00BF56
:10074000CC5803080121FAF7CDBA0021FAF7CABA4A
:100750002DE9F0410546408C000545D42E8D2846F4
:1007600090460C46FDF758FB2846A64298BF741EDB
:10077000FFF7E8FFC0B3074695F82C0010F00C0F08
:1007800019D0384600211522FBF766FA064638468E
:10079000FAF70FFB16FA80F000FB04F62846FAF78A
:1007A000F3FF012812BF31B2704201B2424638460F
:1007B000FCF79EFF0FE0384600211422FBF74CFAAD
:1007C00006463846FAF7E1FA30444246604301B241
:1007D0003846FCF7A5FF2846FFF7B7FFA1B24FF454
:1007E0008072ECF7ABF86C85BDE8F081F0B585B0B0
:1007F000044690F860000391000703D50A2963D0EE
:100800000D2961D00020CDE9011001A92046E9F7AA
:100810008DFF002858D0684F00213A6803A8904700
:100820000546A06B40B166480668204600F020FCF3
:10083000B047A16B884247D2606B68B1007858B16D
:100840000020049004AE606B0499415CE1B33A6807
:1008500031469047A842F6D194F86000400702D58F
:10086000204601F075FDA06A30B1E2F775FE007810
:1008700010B92046FBF7A6FE606A616C01AAF7F783
:1008800009FCE3F72AF894F86000400714D5E56AFC
:10089000E3F71DFD064601A8DFF7BAFD3044411C11
:1008A0002846F8F77BFAE06280B1616C01AAE5F7AF
:1008B000FFFD2046E6F718FB606C411C204600F067
:1008C000E9FB2046E3F7F1FA05B0F0BDFEE700BF13
:1008D0002DE9FC4111B3804690F860000D464007B9
:1008E00002D5404601F034FDD8F8340010B9D8F8EC
:1008F0003800A0B10020304F304C019001AE285C90
:10090000002857D03A6828463146904721688847E2
:1009100001464046FFF76AFF0198F0E7FEE74046D0
:100920002946E9F703FF002844D0D8F8280040B151
:10093000D8F82400F7F7A7FB007810B94046FBF77A
:1009400041FED8F82400D8F844102A46F7F7A2FB55
:10095000404600F037F898F86000400717D5D8F8FF
:100960002C603046DFF754FD0746E3F7B0FC38440F
:10097000411C3046F8F712FAC8F82C00C8B1D8F874
:1009800044102A46E5F794FD4046E6F7ADFA0C48D8
:10099000D8F844400168284688470119404600F0CD
:1009A00079FB40461C21002202B0BDE8F041F5F77A
:1009B000A1B8FEE7BDE8FC815C00002078000020C3
:1009C00074000020B0B50446406AF7F760FB4FF6AC
:1009D000FF75A84205D1606AF7F757FBA84208BF28
:1009E000B0BD606A4FF6FF71F7F73AFF606A4FF6E5
:1009F000FF71BDE8B040F7F730BF000010B540F21E
:100A0000DC500C46888700200121A4F84000C4E98E
:100A10000900C4E90B00C4E90D0094F854006164B6
:100A200094F8601040F0030084F8540001F0F100E5
:100A300084F860002046F6F7B5FF42F26401606278
:100A4000FDF77CF9606A0B49F7F7AEFE606A0A4968
:100A500000220023F9F7CEF820464FF48061F9F721
:100A600002F92046002100F015FB2046BDE81040A9
:100A700003F074B8DB5D030829AC0008BCB504467C
:100A8000406A616C01AAF7F72BFA2046FBF734FAAB
:100A900005462046FBF7E5F9E2F775FE28440844D1
:100AA0000130ADF8060005B2606AFAF7D2F9854266
:100AB00007DA606A01A9F7F71FF9E3F7ACF8A4F8C1
:100AC0004050BCBD416C11B1013900F0E3BA704730
:100AD000416C013100F0DEBA7CB50446406A616CBD
:100AE00001AD2A46F7F7FCF92046FBF705FA064662
:100AF0002046FBF7B6F9E2F746FE3044081A2946CD
:100B00000130ADF80600606AF7F7F6F8E3F783F80E
:100B1000A4F840507CBDBCB50446406CD8B37F20DF
:100B20000DF10601ADF806002046E9F7FFFD90B390
:100B3000E2F712FD0546606C0122411E2846E5F7EA
:100B400077FB606A2946F7F72FFEE2F7C6FEA06A38
:100B500030B1E2F701FD007810B92046FBF732FD15
:100B600094F8600040070ED5616CE06A01220139FB
:100B7000E5F75EFBE56AE3F7AAFB411C2846F8F7B8
:100B80000DF9E06240B1606C411E204600F082FA2F
:100B90002046E3F78AF9BCBDFEE7B0B5456C0446D4
:100BA000691C00F077FA606C854208BFB0BD204632
:100BB000BDE8B040FFF7AFBF10B5C86A0C4618B12A
:100BC000F8F7CCF80020E062206B18B1F8F7C6F80F
:100BD00000202063A06A18B1F8F7C0F80020A062D6
:100BE00010BD00002DE9F04F9DB0DFF834040D4634
:100BF000FAF764F8012840F05C812846F4F760FFBA
:100C00000646E3F71BFB0446701E0D2867D8DFE895
:100C100010F00E000E000E00500150015001500166
:100C20000E005001500150015001ED000301F6F794
:100C300031FC002800F03D810646E3F7FFFA044648
:100C400090F85400800740F134813046F6F760FC9C
:100C5000022800F02E813046F6F75AFC042800F0F6
:100C60002881606A0FA9FAF7B8F802A93046F6F7AA
:100C700021FC0DA93046F6F751FCBDF9080000280B
:100C800000F11781BDF90A10002900F11281BDF8A9
:100C90003E20891AADF82A10BDF83C10401AADF874
:100CA000280006B22846F4F70BFF0546606AFBF7FA
:100CB000F3F9D4F82480002E00F13E81864280F2C0
:100CC0003E810AAF40463946F7F716F80646606A95
:100CD0003946F7F715FAB7B280F0010032E1152E68
:100CE00000F0A080182E40F0E480E3F7A7FA064653
:100CF0002846F4F7EBFE8046706AF7F7C4F98146A0
:100D000096F85400C00700F0D4800FAF3846F0F7D3
:100D100059FAE3F799F93A46FBF72CFB716AB6F8F2
:100D200048008A8AC98A1044ADF83400B6F84E00EB
:100D30000844ADF83A00B6F84C001044ADF838005D
:100D4000B6F84A0008443946ADF836000DAA4046C8
:100D5000F0F724FAE3F778F9FAF770FD0746E3F7BE
:100D600073F9FAF7C1FE8246E3F76EF9FAF76EFF00
:100D70000546306D4FF0000BCDE90ABB09EB0004CE
:100D8000A84801682046884702460AA82146F8F785
:100D90001DF8BDF834100AEB070055220844BDF8D1
:100DA0003610ADF83400E81908440021ADF83600DB
:100DB000706AFAF751FF02AC05462046EFF780F95A
:100DC000E3F742F92246FBF737FA9DF83F00022885
:100DD00005D8BDF81400A9B2884200F06A80CDF8A9
:100DE00000B002A90DAA0AAB404660E02846F4F71D
:100DF0007BFE0168881E12285ED8DFE800F00A65D5
:100E0000777777776D77737777777777777D83895C
:100E10008F00204600215AE020461DB0BDE8F04F6B
:100E200002F09CBEE3F70AFA04462846F4F74EFEA9
:100E30000546E2F791FB0078D8BBA06AC8B30078FA
:100E4000B8B30FAE3046EFF73BF920464FF4002120
:100E50003246FBF7F1F994F86000000705D59DF8DC
:100E6000590040F002008DF85900204600214FF053
:100E70000008FAF739FE064620460021FAF7E6FE9A
:100E8000074620460021FAF7D9FC6169A269029160
:100E900081190392384402AE02B209B23046EAF731
:100EA0002AFCA36ACDF800800FA928463246EEF747
:100EB00097FE1DB0BDE8F08F7F2917D120461DB0E9
:100EC000BDE8F04FFFF769BE204647F6FF711DB041
:100ED000BDE8F04F00F0DEB820461DB0BDE8F04F91
:100EE000FFF719BE94F8600000071DD420461DB01E
:100EF000BDE8F04FFFF77ABC20461DB0BDE8F04FCB
:100F0000FFF7EABD20461DB0BDE8F04FFFF7B6BDC4
:100F100020461DB0BDE8F04FFFF7DABD20461DB0FA
:100F2000BDE8F04FFFF7CEBD20461F2100221DB0C7
:100F3000BDE8F04FF4F7DEBD0120002702E00120FC
:100F400047F6FF7794F860108A0722D50843C00758
:100F500005D0C80713D0022D11D1E76519E0012D86
:100F600017D14FF6FF70C4E9167041F001004FF43D
:100F7000407184F860002046F9F72AFA09E040B190
:100F8000082D01D0032D04D120464FF44071F8F70D
:100F90006AFE94F86000C00702D1012D7FF489AF8A
:100FA0002046394600F076F894F86000C0073FF418
:100FB00080AFD4E9160188420AD9D8F83C208A4289
:100FC00003D1D8F8402082421ED0C8F83C1016E069
:100FD000D8F83C2009D2824203D1D8F840208A4276
:100FE00012D0C8F83C00084609E04FF6FF70824274
:100FF00003D1D8F84010814206D0C8F83C00C8F8A8
:1010000040002046FBF7DEFA082D02D0032D7FF4C6
:1010100050AF94F8600000F0FE0084F8600048E7EC
:10102000E858030858000020406C704790F86000B2
:10103000C0F3C000704700000146006B00B170476C
:10104000F8B50846FAF70DFF694642F2220200237E
:10105000F4F7B6FD014605A003A2002918BF10460B
:1010600004B0BDE880407047E280A2002A00000082
:1010700090F86010490744BFC06A7047406AF7F7AC
:1010800002B890F8542002F0FD0261F3410280F8AA
:10109000542070472DE9FC410446406C88426AD0D8
:1010A00036480D460668E2F757FAB047002D48BFAC
:1010B0000544854203DC47F6FF718D4200D10546A9
:1010C00020466564FCF7A8FE2046FAF7CAFE0646ED
:1010D000606A01AA2946F6F703FFB6F90860BDF970
:1010E00006502046FAF738F8854205DABDF90610B1
:1010F00020460122FCF714FB20461FFA86F8F9F778
:1011000044FE0546BDF9060087192046FAF724F883
:10111000381AA84205DDBDF80610E3F72DF9FCF7F3
:10112000FFFABDF904502046F9F754FF854205DA6D
:10113000BDF9041020460122FCF7DAFA2046F9F73F
:1011400038FE0546BDF9040006442046F9F742FF83
:10115000301AA84205DDBDF80410E3F70DF9FCF7DD
:10116000C7FABDF80400A4F84000204602F0F6FCDF
:10117000204601F0B1FBBDE8FC8100BF74000020F7
:1011800010B5044690F86000012300F0080283EADD
:10119000D2024A4018BF10BD00F0F70061F3C3004F
:1011A00084F86000606A79B142F2D171FCF7C6FD43
:1011B000606A42F264010022FCF770FD204642F2B0
:1011C000D171FCF723FB0DE042F26401FCF7B6FDA0
:1011D000606A00210022FCF761FD20460421002204
:1011E000FCF77AF82046002100220023BDE81040D9
:1011F000FCF753BA2DE9FC4159B30D468046FFF781
:10120000E1FBD8F8340010B9D8F8380010B3D8F89A
:1012100024002749F7F7C8FAE2F7F9FA98F86000CE
:10122000400703D5D8F82C00002101700020214F81
:10123000214C019001AE285C98B13A6828463146AD
:1012400090472168884701464046FFF7CFFA01984A
:10125000F1E7FEE7D8F824002946F7F7A5FAE2F708
:10126000D6FAD8F8280040B1D8F82400F6F70BFFDA
:10127000007810B94046FBF7A5F998F860004007E0
:101280000FD5D8F82C60E3F722F8411C3046F7F769
:1012900085FDC8F82C0048B1E3F7B6F84046E5F7FD
:1012A00023FE4046E2F701FEBDE8FC81FEE700BFF9
:1012B000DB5D03085C00002078000020B0B5044628
:1012C00000F075F858B1064A054620460021FCF7A3
:1012D0002BF828462146BDE8B040E5F7EFBDB0BD8C
:1012E000FFFF0F002B4826490068002818BF01F1B6
:1012F000480070472DE9F843264D044698461746A6
:101300008946286840B91E4E002030704FF4127094
:10131000F7F794FC2860F060089EEEF7C1F8EEF74E
:10132000D3F8B0F5A07F01DC032108E0EEF7B8F8B0
:10133000EEF7CAF80121B0F5347FB8BF0221104D95
:101340001048A5F85A70A5F858906C656970C5E901
:101350001766C5E91968A86402F032FC34B120466A
:10136000EEF7F4F805F14801884202D10020FCF7BD
:1013700069F8012005F8480B2846BDE8F88300BF4E
:10138000E40100203D4D020802480068002818BF13
:10139000012070478C02002080B500F008F808B1E9
:1013A000008A80BD1120BDE88040FCF773BD80B588
:1013B00010B1F9F717FD01E0EEF772F8BDE88040D3
:1013C000EEF7C4B810B5044600F002F8001B10BDDB
:1013D0000749012248680A700B78002BFBD0704740
:1013E000034900220A704A6810444860704700BFF1
:1013F0006802002010B50C460846E2F761F80A4979
:10140000204600220023F8F7F5FB20468021F8F75C
:101410002AFC20460321FCF79CFA20460321BDE864
:101420001040FCF7A3BA00BFDD5802082DE9F041D7
:1014300008460D46F9F749FD04462846E2F740F80C
:101440002846FCF7E9FCDFF844802046B8F8047031
:10145000F9F7AFFC4743B8F808602046F9F795FC68
:10146000704339B202B22846FCF758FAD8E9012095
:1014700098F80010104385F8241018BFBDE8F081DB
:101480002046BDE8F041FCF754BA00BF5C020020E2
:10149000F8B50746654814460E46E4F72EFC90B1B1
:1014A00005464FF0FF302861287DAF602E6000F0C8
:1014B000FE002875FFF78CFF68605B480121EC6037
:1014C000C1702846F8BDFEE710B5044657482146CE
:1014D000E4F761FC5448012181702046BDE81040CA
:1014E000F7F73CBC50480079704700BF2DE9F84F32
:1014F000DFF83491012599F80000002840F0908031
:1015000099F8010089F80050002800F08680FFF764
:101510005FFF804638B9D9F810000130642888BFD1
:101520000020C9F81000DFF804B1414D0020A9F8EF
:1015300002005846E4F7B8FB06462E609EB35846B4
:101540003146E4F7C6FB2F680646387DC007F4D164
:10155000384600F082F8044688B9D7F810A0BAF1EE
:10156000010FA4BFAAF101003861FFF731FFBAF102
:10157000000F786003D0B96809B13846884799F8F8
:10158000020020B9386910B93846FFF79DFF002CDA
:10159000D3D199F8030018B999F802000128CCD1E9
:1015A00028680028C2D1214C2046E4F77DFB06467E
:1015B0004FF0FF3576B1307DC00705D1304600F0E1
:1015C0004CF8A84238BF054620463146E4F781FB77
:1015D0000646EFE74046FFF7F5FED9E90212104450
:1015E000C9F80C000846FFF7EDFEB0F5FA7F14D3FA
:1015F000D9F80C1064230022C9F80C205943B1FB20
:10160000F0F0C0B2C0F16401834238BF114689F8DE
:101610000410FFF7DDFEC9F80800002089F800007B
:101620002846BDE8F88F00BF080300209C02002078
:1016300088020020017D41F001010175704710B55D
:101640000446FFF7C5FE2168C9430844606010BD29
:10165000017D01F0FE010175704710B50446406838
:10166000FFF7B0FE2168081A38BF002010BDB0B5E2
:101670000C46890707D122F0030108390C2902D34F
:10168000B1F5804F02D900242046B0BD41F00101E0
:10169000254645F804192946E5F75FFC2846E5F795
:1016A00091FC02214160EFE7014680074FF0000006
:1016B00000D0704710B501F13402C1E90211086190
:1016C00008280CD0002301EB80046361202B03D099
:1016D00042F823100133F9E780320130F0E7084681
:1016E000BDE81040704770B50C460546FFF7DCFFBB
:1016F00005F23441A4F234420646FFF7B8FF304603
:1017000070BDF8B589B151F8044C05460E46E007A6
:101710000AD1A6F108073846E5F7A5FC16F8040C2F
:10172000800704D43E4611E0FEE7002416E03E6840
:101730001EB13079C00701D1FEE7FEE728463146E9
:10174000E5F7F6FC30463946E5F7F6FB2846314624
:10175000E5F7A3FC28463146E5F7FFFB2046F8BD38
:10176000B0B5044608460421E5F7D0FA0546204600
:101770002946E5F72DFC014620462A46BDE8B04043
:10178000E5F7AEBC2DE9F84F16460C46054629B1E3
:1017900026B928462146FFF7B4FF15E0C4B1A4F1ED
:1017A00008084046E5F793FC54F8047CD0F804B0F0
:1017B0003046042127F00309E5F7A8FA8246B1452F
:1017C0000CD2BAF1000F09D100273846BDE8F88FD6
:1017D00028463146BDE8F84FFFF7C2BFF8071DD1D4
:1017E000CA4525D95FEACB7005D02BF003004844E9
:1017F0000430824513D928463146FFF7B1FF00284F
:10180000E2D0B14538BF4E46214632460746F7F78B
:10181000DDFA28462146FFF774FFD6E7FEE72846A3
:101820004146E5F73AFC4046E5F72AFC54F8047CCB
:10183000F80718D10AF1100027F00301814210D3F4
:1018400040465146E5F784FC06464068314620F0A4
:10185000020070602846E5F720FC28463146E5F78F
:101860007CFB2746B1E7FEE75A3000B200F004B82F
:101870005A3000B2AFF300804FF4B47190FBF1F234
:1018800002FB1100002848BF00F5B470592803D9A5
:10189000B32805D8C0F1B400094931F810000CE0B4
:1018A000410886298FBFC0F5B4704FF64C710844CB
:1018B00080B2034931F81000404200B2704700BFC7
:1018C000885903082DE9F04F85B0044600200491A3
:1018D0000029206052D01746002A4FD0DDE90F01C1
:1018E0009A464FF0000B4FF00009890748BF41F6B8
:1018F000FF70398900B202900391049800EB0B0548
:1019000010F80B0020B3DDF84080029B28463946D2
:101910005246CDE90098E4F7C7FC0646B4F9020048
:10192000039908440E990844B9EBD03F26D1608052
:10193000284631463A465346CDF8008000F021F85B
:10194000B4F90010B3448842C8BF01462180D4E7EF
:10195000BBF1000F0BD015F8010C0D2801D00A289F
:1019600005D10E9803990844618808446080608816
:10197000039A0E99002818BF421A628005B0BDE88C
:10198000F08F2DE9F04F85B0A0B3154692B307460E
:1019900000784FF00008B0B30E46CDF810808DF8F7
:1019A0000F8081B30E991C4600200DF1100A4FEAFA
:1019B000C179B04221D202A9384601AA5346E4F7C0
:1019C00059FCDDF808B0B9F1000F05D00DF10F009A
:1019D0005946E4F797FD58B9019A28465946F4F755
:1019E000DBF902B208EB0401002AC8BF01EB0008D2
:1019F0000498DEE74FF0000805E00FFA88F00028B1
:101A0000C8BFA8EB04080FFA88F005B0BDE8F08F56
:101A1000802833D30021B1EBD02F06D1C0214FF461
:101A2000004341EA9012002121E0B1EB104F0AD1AE
:101A3000022201464FF4004362F39F11E02242EA82
:101A40001032800913E0010C102984BF0020704778
:101A500010B5F0214FF08023022441EA9042810921
:101A600060F31D63000B64F39F11BDE8104043EA6F
:101A7000014100F03F00114341EA0020704700009F
:101A8000F8B5724F0C460646002554B1705D40B162
:101A9000396870198847012898BF01200544013C26
:101AA000F3E72846F8BD00BF2DE9FC4105460020BC
:101AB000DFF898810C460027019001AEA04207D2C2
:101AC000D8F8042028463146904701980137F5E7B9
:101AD0003846BDE8FC8100BFF8B55C4F04460020E5
:101AE0006D4600260090205C30B17A682046294679
:101AF000904700980136F6E73046F8BD70B50246CB
:101B000039B10B68D456E0B2002C09D401330B6014
:101B100070BD92F90030D8B2B3F1FF3F08DD70BD5F
:101B200000F0E004C02C17D15C1C02330C6005E00F
:101B300000F0E003C02B16D102230124125D02F055
:101B4000C004802C61D100F01F0002F03F02002988
:101B500042EA8010DBD1E2E700F0F004E02C20D173
:101B60005C1C0C6005E000F0F003E02B20D10023AA
:101B70000124145D04F0C005802D46D19D1C01B1E7
:101B80000D60525D02F0C005802D3ED1000302F0D1
:101B90003F0280B2002964F38B101044BFD003339E
:101BA000B5E75C1C00F0F805F02D0C6006D02CE0C9
:101BB00000F0F8040023F02C27D10124145D04F078
:101BC000C005802D21D19D1C01B10D60555D05F032
:101BD000C006802E19D1DE1C01B10E60925D02F0AC
:101BE000C006802E11D14FF4E01602F03F0200290A
:101BF00006EA804064F3113005F03F0440EA8410A7
:101C000010443FF48CAF043381E7002070BD000026
:101C1000F8B5044608680D4E0D46002701380860E7
:101C2000032F09D831682044884738B9286818B18B
:101C3000013801372860F3E70020F8BD2868726892
:101C40006946009020469047F8BD00BF580000202C
:101C500090F90000B0F1FF3FC4BF01207047C0B24F
:101C600000F0E001C02904BF0220704700F0F0013D
:101C7000E02904BF0320704700F0F800F038B0FA04
:101C800080F04009800070471CB514460A460146A2
:101C9000024800932346E4F7DDFD1CBD49680008B7
:101CA00070B508460C46F9F710F90546FAF7F4F94D
:101CB00006462846F9F7CDF8024620463146FBF79E
:101CC00079FE20460121FBF785FD2046F8F702FC4E
:101CD0000546104842F26401B0F900202846FBF79F
:101CE00069FE28460021FBF775FD284600210222E7
:101CF0000223FBF755FD2046F8F7ECFB01210446D3
:101D0000FBF778FD204642F26401BDE87040FCF725
:101D100015B800BF5804002082B0DFF7A9FDE2F734
:101D2000CBFDE1F791F9E1F74FF9E1F76DFAE1F752
:101D30007BFAE1F701FAE1F72DFAE1F73BFAE1F777
:101D400019FAE1F747FAE3F74DF81948E0F7AEFC66
:101D5000E2F7BAFCF5F772FCFCF754F9154801F00C
:101D60002DFE4FF4B82000214FF4A072F02300257F
:101D700000900020E3F748F80F4C0526C827012003
:101D8000DEF76EFF0135B5FBF6F000EB8000281A98
:101D900008BFFFF7ABFBB5FBF7F000FB17500028BF
:101DA000EDD120464FF48041DFF73EF80025E6E70D
:101DB00098150020EC1100200008024070B5044680
:101DC000008E884210D9E06A0D4630F81160E2F7C3
:101DD00044F8F00558BF70BD204629464FF4807284
:101DE000BDE87040EAF7AABD20464FF48071BDE817
:101DF0007040EAF7FFB8FC2908D8032901D2002077
:101E000004E0484348F281014843C00DC0B2704726
:101E10002DE9F041F3F76AFE0646F9F756F8044655
:101E2000F9F753F88046EAF7C9FF07888578204616
:101E30000021F8F757FFB04205D00C2D12BF681CE7
:101E40000137012004E0681E010601D1013F0C208A
:101E5000BEB247B2404631463A46EAF7C3FF204693
:101E60000121F8F73FFF0549324601EB870151F8A0
:101E7000043C0349BDE8F041F6F7CCBC58590308CF
:101E80009F5A0308B0B50446F3F730FE05462046D6
:101E9000F3F72EFE04462846F3F766FB4FF08071F9
:101EA00001EB006005162046EAF788FF018820460E
:101EB0002A46BDE8B040EAF795BF00002DE9F041A1
:101EC0000C4608460021FAF7C6FC20460021FBF725
:101ED00081FC2046002102220023FBF761FC204602
:101EE000EAF75CF829A100220746FBF79DFE384679
:101EF00042F26401FBF78AFC3846FBF78DFF384657
:101F0000F8F7A7FF054638462946FBF717FFDFF825
:101F10008080204E3846072200234146B04738468D
:101F20000421F8F755FA2046F5F73CFD0321074652
:101F3000F6F708FC384602210022FBF7D7FE3846A8
:101F40000121FBF757FC2046EAF728F812A10022EE
:101F50000746FBF769FE384629462A46FBF72AFD65
:101F60003846414607220023B04738460421F8F797
:101F70002FFA0A4920461C220023B04720461C2184
:101F80000022BDE8F041F3F7B5BD00BFEF8193003B
:101F9000111E0208F59B0108EF819400B55D02084F
:101FA000F8B508460C46F8F790FF05462046002194
:101FB000FAF751FC20460021FBF70CFC2046F3F712
:101FC000E7F815490646F3F7DFFC1449144F30468D
:101FD0001C222B46B84730460121FBF70BFC20465C
:101FE000F3F7D6F80FA10646F3F7CEFC16493046B4
:101FF0001C222B46B84730460121FBF7FBFB134957
:1020000020461C220023B84720461C210022BDE8A0
:10201000F840F3F76FBD00BFC65A0308E95E020837
:10202000F59B010830310A30320A30330A30340A65
:1020300030350A30360A30370A30380A30390A313A
:10204000300A31310A313200851E0208F15D020882
:102050002DE9F84380461848007840B3CF880C88B3
:10206000B1F802908E8815462046494632463B46D6
:10207000E2F79AFB20B231B23AB2081A0FFA89F1AC
:10208000511A01300D4A0131484300218BB2984268
:1020900009D96C78013102F8134002EB430315F8BB
:1020A000024B5C70F2E741000448E2F7D5FB404682
:1020B000BDE8F843EDF7EEB97C0000206C05002088
:1020C000F8B5212100220446F3F714FD00284AD078
:1020D000608C40F40060608420460021F8F702FE26
:1020E00010B1FFF7EDFFF7E72046F8F7ACFE054625
:1020F00000270020F5F7D2F90646D0B1B06AA04219
:1021000002D0F06AA04203D130462146F5F714FA16
:10211000706BA04208BF7763706DA84207D1F5F7D6
:10212000C5F9A04203D130462146F5F705FA3046FD
:10213000E0E72046E3F751FE65682046A5B1F8F7D1
:102140008EFEA9684A68013A904203D2E1F717F976
:102150006568F6E708684A609100F6F71FFE616857
:102160008968086020E0F8BDF8F73CFE416A054642
:102170000020814206D0EA6852F82020A24202D014
:102180000130F6E708460139884207D2EA6802EBD7
:1021900080035B6842F820300130F5E7E868696247
:1021A0008900F6F7FBFDE8602046BDE8F840F6F749
:1021B000D5BDF8B585680C460DB16E6800E0002607
:1021C00000210F468E420AD0286850F82700A0420E
:1021D00005D02146FFF7EDFF791C0028F1D0002043
:1021E000B74238BF0120F8BDC9B20022FBF75BBD82
:1021F00070B5022B0446B8BF0224C51EEDB2032DF4
:1022000028BF0446651E059C042D09D80498DFE804
:1022100005F003090D1524000023891A238018E016
:10222000002020E00023891A23800FE0891A5A1C1D
:1022300009B212B291FBF2F121800AE0891A2288D8
:1022400009B291FBF3F11144218009B2022291FB02
:10225000F2F102881144018070BD881A591E00B243
:1022600009B290FBF1F0208070BD2DE9F84F0546D2
:1022700050100C464BB1E98A61802188081A2080F1
:1022800010440138A080688B08E0A98A2180298B3E
:10229000A1806188081A608010440138E0802846D7
:1022A0004FF44031F9F70EFC824628464FF4403196
:1022B000F9F757FC804628464FF44031F9F7B4FC53
:1022C000814628464FF44031F9F793FB8346284670
:1022D000F9F72FFE064600EB0A072846F9F71AFE23
:1022E0002188A288C91B218006EB0801114462885D
:1022F000A18000EB09015844511A6180E18808442B
:10230000E080BDE8F88F70B50446E7F706FBF0B152
:102310000546F8F79EFD06462046F8F736FD86424C
:1023200015DD28460021F9F78DFD06892846002194
:10233000F9F7C6FDE18E30440022484301B2606ADD
:10234000FBF7EEF9606ABDE87040FAF73BB970BD83
:102350002DE9F047814690F86000400720D5D9F874
:102360002400F5F790FE174909688847C0B1054673
:102370004846FEF761FE0646DEF74AF800FB05FA1E
:1023800007460AF10100F6F787FC804604464DB186
:10239000204631463A46F6F719FD3C44013DF6E742
:1023A000BDE8F0870020414608F80A00D9F824006B
:1023B000F6F7FAF94046F6F7BFFC4846BDE8F047A5
:1023C00000F08ABA7400002070470068FFF7C0BFB1
:1023D0002DE9F04FA5B0DFF8E46A04463068EDF768
:1023E0006FF8E168054609B12046884729683068DA
:1023F00069B1696839B1E0F7CAFF08D103E0006844
:10240000816A01B18847306829690029F7D1656878
:10241000EDF78AF801462846FBF734FE054630689A
:10242000416929B16068FBF72DFE8046306801E004
:102430004FF0000855EA080129D1EDF745F80746A5
:102440003068EDF789F801380021002200B20090D1
:10245000781E03B223A8E9F758F9206B002800F092
:10246000D28115AF3846EEF7ADFE3068236BC16AF6
:10247000199190F82910408DADF858008DF86E1024
:102480008DF8571023AA204639469847306890F8AF
:102490002810C9070ED1416931B12046B8F1000FAB
:1024A00018BF414600F0CCFC0DB9306805692046E4
:1024B00029460DE005B905692046294600F0C0FC13
:1024C0003068416931B1B8F1000F18BF414620466C
:1024D00000F0B6FC3068EDF714F80146204600F035
:1024E000AFFC3068EDF704F80146204600F0A8FC88
:1024F00037683846ECF7E4FF05463868C46B616B13
:1025000009B1204688472968306871B1696861B1AE
:10251000E0F73DFF06D108E001688A6A12B108467B
:102520009047306829690029F6D101212961D0F846
:102530000080D8F80C108A69D20702D0896989070F
:1025400001D4002100E001216961089569693B68B7
:10255000CDE90517596951B1196911F0300F01D052
:10256000490718D4D4E900211846E4F75BFE089B1C
:10257000186868B1596859B1069A1268127CD20776
:1025800001D0059A22B19A68824218BF014699602B
:1025900025B0BDE8F08FD4E900A10C91D8F8101057
:1025A0008A0701D54A07E2D4C1F30111012918BFF6
:1025B000032940F05A81ECF783FF0C9D04462A88DA
:1025C000A9886E88881A049601300FFA80FB4FF4B0
:1025D000A050B0FBFBF3E888801B013005B20B95DF
:1025E000AB42B8BF1846D8F8103003F03003102BB8
:1025F00006D1D143B8F802201144A1EB0B020132FD
:102600000C9B00B20026CDE90D4809905A80D98074
:10261000049BABF10101022213911944D8430391A9
:102620000BF10101029080B291FBF2F101900020C8
:10263000109012919BFBF2F109B20F910B9933B2FA
:10264000994240F3F98001223004CD1A22610A93A5
:10265000099A9542A8BF1546002845D1594543DB44
:10266000D8F810004FF0000E00F0300011900F98D5
:1026700086456DDA13980EFB0BF20025A0EB0E00D9
:102680001BFB00F30FFA80F912982FB2B84226DD37
:1026900013981199401B302906B204D11BFB00E0AE
:1026A00039464C4603E017FB0B9031467446DC4636
:1026B0003AF810B017441E4401353AF817802AF84A
:1026C00017B0E3463AF816702AF8107011FB0C4068
:1026D0003AF810102AF816102AF81080D4E7DDE92D
:1026E0000D480EF1010EC2E71098079618B94FF485
:1026F0002050F6F7D1FA1090D8F8100029B21BFB41
:1027000005FE574600F0300C0846BCF1300F18BFEC
:102710004042119542001398002501FB00F98D42BB
:1027200022DA05EB0900C643BCF1300F08BF0EEBFF
:102730000600109B03EB4006002003B25B4505DA60
:1027400037F8023B013033801644F6E70135E6E7FF
:10275000D8F8100000F03000102815D10C9803991B
:1027600081800499018019E0D8F8100000F0300051
:10277000102815D104980A9A0C99119B10440880CE
:1027800018440138888018E0B8F80000029908441D
:102790000C998880A0EB0B00013008805B460BE0B1
:1027A00001980799119B401AB8F8001008440C9939
:1027B0008880C01A013008800A9A0B9802FA83F6C2
:1027C000109A864205DBA069C00702D0A069800785
:1027D00017D400206061002A08BF52460C99404679
:1027E0001DB2E4F71FFD206930B1D8F82810002988
:1027F000F9D040468847F6E705FB0BF00AEB400AA4
:102800001CE70120E6E73068C06AE0B114A9F4F7DC
:10281000CDF901287FF43AAE15AF3846EDF7CEF981
:10282000306890F82910C36A20468DF85F1023AAFB
:102830003946EDF791F829E6109800283FF497AE55
:10284000F6F77AFA93E615AF3846EEF7BBFC306838
:102850006268418D90F82900ADF858108DF8570046
:1028600020463946EEF79AFC10E602297FF47FAE47
:102870000C9A10889188081A5188D2880130511A10
:102880004FF0FF32013111FB0020002188420AD9AC
:102890003AF810203AF811302AF810302AF81120AE
:1028A00001380131F2E70C99B8F802004A88D243A6
:1028B0008318CA88CB80D24310440A884880B8F86D
:1028C0000000D24383188A888B80D243104452463A
:1028D0000880404649E600BF2DE9F04F89B0044624
:1028E000F9F7BFFA07462046F9F706FB0290606A3F
:1028F000D4F84490F5F7C7FB80466B484946026818
:102900004046904769490646404401900A680021C4
:102910009047B7F808B0054601460D28039606D83B
:10292000012042F20142A840104218BF202138463F
:102930000022F3F731FA8246606A08AA4946F5F7A1
:10294000CFFA3E46676A3846F5F79DFB02463846A1
:102950000021F7F784FC626ABDF92010CDF814A0BD
:10296000CDF810B0B2F9143001FA8AF1B2F918209A
:10297000194491422EDD94F8601009072AD40328E7
:1029800028D00020BDF82210ADF820000298002DBC
:102990003546039E58440844ADF8220013D04448FD
:1029A0000168019888474149064408EB06000A6817
:1029B0000021904701460D2806D8012042F201422D
:1029C0008840104200D0202128460022F3F7E4F985
:1029D000059000E0039EE0F753FF2665F8F72EFF11
:1029E0000546E0F74DFFF9F731F98146E0F748FF7A
:1029F0001122F9F731F98346E0F742FFF9F774F84D
:102A00000746E0F73DFF1322F9F726F9616A06460B
:102A1000B4F84800BDF822A0BDF820808A8AC98A8F
:102A20001044ADF81800B4F84E000844ADF81E008C
:102A3000B4F84C001044ADF81C00B4F84A00084447
:102A4000ADF81A0006A92046F9F7C9FD781909EB77
:102A500005016A1E049B059DA8EB0000AAEB01017D
:102A600013442A44656AA4F84800A4F84A10324482
:102A70005B44AE8A53444244A4F84C20A4F84E3040
:102A800030443244ADF81800E88AADF81C20034405
:102A90000844ADF81A00ADF81E30204606A9F9F733
:102AA0009EFD09B0BDE8F08F680000205C000020AA
:102AB000580000202DE9F0410446E7F722FFE1F736
:102AC000B6F980462046F8F737FE94F83C1001F03E
:102AD0000301012904D002290BD194F8271001E049
:102AE00094F826104FF4B47251436422B1FBF2F112
:102AF00000E0A18CA8EB000002270EB290FBF7F5D6
:102B00003046FEF7B9FE684398FBF7F7C00B208507
:102B10003046FEF7A9FE218D684307EBD0303944DB
:102B2000608520462185BDE8F041E7F7EABE000058
:102B30002DE9F04F93B004460D4608460121F9F700
:102B4000E4FA002840F078812846E3F75AF9002893
:102B500048D08046284600216122F9F77DF8834657
:102B6000C0B20228C0F068812846E3F743F904AEFA
:102B7000074628463146F8F730F9304639463A4696
:102B8000E8F7AFFDB8F1010F33D0B8F1020F40F014
:102B90005381DDE9040100220023CDE90E010EAED0
:102BA00028463146F9F704FAA16810A83246E2F740
:102BB0006AFA002800F04081DDE9100100220123BB
:102BC000CDE90C010CAE28463146F9F7F1F904AA1B
:102BD00030463146E2F757FA002800F02D81DDE952
:102BE0000C0110E02046294613B0BDE8F04FF9F77C
:102BF000C1BEA16810A804AAE2F745FA002800F0B7
:102C00001B81DDE91001CDE90A010AAF05F11401CC
:102C10000022002638460191E2F760FA68B1059774
:102C20008DF8106004AA28461221F2F763FF9DF880
:102C30001060002E18BF012600E00126B8F1010F38
:102C400008BF02360AA920463246EDF759FA002895
:102C500000F0F2800746284600216F22F8F7FCFFBB
:102C60008146284600217022F8F7F6FF824609F4D3
:102C7000C040B0F5005F14D10FFA89F020F4C040D5
:102C8000B0F5FA6F0DDCB0F57A7FC8BFC0F57A7089
:102C9000A98A2A8B511A013109B24843642190FB59
:102CA000F1F90AF4C040B0F5005F14D10FFA8AF0D0
:102CB00020F4C040B0F5FA6F0DDCB0F57A7FC8BFE4
:102CC000C0F57A70E98A6A8B511A013109B248431A
:102CD000642190FBF1FA04A8ECF770FF284600216C
:102CE0006E228DF81BB0F8F7B7FF01B2ADF81000F7
:102CF000B1F5616F02DDA0F5616004E0B1F1FF3F65
:102D000003DC00F56160ADF81000284600216D225B
:102D1000F8F7A2FFADF81200284600216822F8F764
:102D20009BFF9DF81C1000F00F009DF82420B8F1C7
:102D3000010F01F0F001084460498DF81C0002F019
:102D4000FE0009680968097CC1F3C00108448DF8D8
:102D5000240011D1D7E900017A8A02EB1042C7E9B9
:102D60000201013A12B2B2EB214FA8BF0A14FA8154
:102D7000000C40EA014000E0788907F10801029167
:102D8000F107039104AEBDF92E1000B288424FDC6A
:102D9000B8F1010F2CD1039810B94FF0000B1AE0D5
:102DA000DDE901100022E2F799F968B102984FF0CD
:102DB000000B12218DF840B01190284610AAF2F7AE
:102DC00099FE9DF8400030B1388A79894FF0010BA7
:102DD00008440138F881B7F90600B7F90E105A46D1
:102DE0008142C8BFF88120463946EDF781F904AE2B
:102DF00020462946F9F7BEFD6168A88A0A8848443A
:102E0000801A3246ADF81400E88A49885044401AC6
:102E10003946ADF816002046EDF76EF9B8F1010F0E
:102E200006D1F9897A8A481C11447881F981AAE788
:102E300020463946EDF790F913B0BDE8F08F00BF9A
:102E40002DE9F8430D46814629B91C480068ECF786
:102E50006BFB054680B348462946FFF769FEDFF85D
:102E600060802846F8F731F830B30646F7F74AFF96
:102E7000074600200024A74210D0B168C0070968A7
:102E800051F8241003D04846FFF752FE03E0A94250
:102E900001D0002000E001200134ECE7304617218A
:102EA0004A46C047304618214A46C0473046192195
:102EB0004A46C0473546D4E7BDE8F8838C01002078
:102EC000F55A01082DE9F04792B088460646E6F724
:102ED0002BFD00286BD00446F5F7D5F802462046B6
:102EE00000210025F7F7BBF9012817D003280DD0E2
:102EF000022817D13046F7F75CFF05462046F9F760
:102F0000CBF8281A022190FBF1F507E03046F7F7DD
:102F100050FF05462046F9F7BFF82D1A29B2204682
:102F2000FAF71EFF30460021F8F793FF05463046BA
:102F3000F8F7D3FF81462F893046F7F726FF824600
:102F4000304600216522F8F787FE0546B8F1000FEC
:102F500001D0280402D13046E7F7AAFB022039B29B
:102F60006FF0010291FBF2F19AFBF0F0F28CB8F1F4
:102F7000000F084407EB090102FB11061AD0AFB29B
:102F8000C7B101AD2846E7F7EBFE1048CDE9014097
:102F90002046F9F79BF8CDE909000D4831B20C97AE
:102FA0000B9108900B4804902846E7F729FF12B0D0
:102FB000BDE8F08705492046E7F788FE31B2204694
:102FC00012B0BDE8F047FAF7DDBE00BF0B380208CB
:102FD000ABAD0008473402082DE9F04F89B04FF43B
:102FE000A0210446F8F77AFD08902046E1F708FA98
:102FF00007902046E0F707FCE1F71AF983462046E0
:10300000F8F748FF06462046F8F76EFF07462046C9
:10301000F8F722FF05462046F8F764FC8046204674
:10302000F8F758FC81464FF0000AE08C82451AD22E
:1030300000971FFA8AF12A463346089801900798AC
:1030400002900698CDE9030B2046E6F75BFD484564
:10305000A8BF48468045C8BF4046E16A21F81A002B
:103060000AF1010AE1E72046FAF75FF8204609B0C5
:10307000BDE8F04FF9F7A6BAF8B50446F7F742FEF7
:1030800005460027BD4208BFF8BDA068006850F89B
:1030900027603046F9F796FA30462A210022F2F7E7
:1030A00029FD3046F9F78EFA3046FFF7E5FF013784
:1030B000E8E770B5CD6865B18C685CB1AC60E5607F
:1030C00000EBC21505EB830555F8346F8E4202D034
:1030D00070BDFEE7FEE784422C60F9D100EB82046C
:1030E0000121656901FA03F335EA03036361EFD156
:1030F0009140026922EA0101016170BDF8B50546FF
:10310000488C0C460021C0F3C50088420DD02DB17B
:10311000E26852F831200131AA42F6D120464FF43C
:1031200070214FF6FF72FAF71BF82046F7F7EAFD19
:1031300006460027BE4208BFF8BDA068006850F8E8
:1031400027102846FFF7DAFF0137F3E770B5054689
:103150000068F7F747FE0446006927210022002691
:10316000F2F7C8FC60692821E0F733FA606928B1FA
:1031700094F82810890748BFF7F7B8F994F82800A1
:1031800060210022C4E9056600F0FE0084F82800F2
:103190002868FAF7A1F82069BDE87040F9F712BA7B
:1031A000B0B504460068F7F71DFE0546FBF779FB4E
:1031B00068612068262100222861BDE8B040F2F74E
:1031C00099BC70B50446F7F70DFEE8B105690646EF
:1031D0004DB128462521E0F7FCF9306918B12046A9
:1031E0002621E0F7F6F934614CB120462721E0F7BB
:1031F000F0F9306918B128462821E0F7EAF92046AD
:10320000BDE87040F9F7DEB970BD0000B0B588B018
:10321000E0F773F805462046F2F756FC1C2D26D140
:1032200007A9E9F7A3FD9DF91E009DF91F10BDF840
:103230001C3010A2CDE9000103AC10212046FBF7A1
:103240009FFF79482146C068F5F7AEFAF5F725FBF0
:103250000221F7F7BDF8F5F720FB0021002200243A
:10326000FAF7E7FC584D2868F7F740F92C6008B0EA
:10327000B0BD00BF25642F253032642F2530326465
:1032800000000000B0B5E0F738F805462046F2F738
:103290002DFC0E2D06D10446F4F7F5FE01464A48F2
:1032A000006800B1B0BD2046BDE8B040AFF300807B
:1032B0002DE9F84FDFF810B10446DBF8000008B143
:1032C000BDE8F88F8946F5F7E8FA0221F6F7CBFC5E
:1032D000F5F7E3FAE9F73EFDCBF800002046F7F7F3
:1032E000F9FD8046F7F7B5FD82464046F8F7D4FE73
:1032F00002F05BFE9FED320B54EC107B3A46234606
:1033000002F06AFE054650460E4602F04EFE3A4670
:10331000234602F061FE04460F462846314602F07D
:1033200015FE05462046394602F010FE0246DBF83F
:1033300000002946FAF73EFB244C254D484621461D
:10334000A847824600202146A8470646002021467D
:10335000A847204D8146DBF800405046A847074665
:103360003046A847024620463946E9F73BFD50461D
:10337000A847ADF800003046A8478DF8020048463F
:10338000A8478DF80300DBF8000069460122E9F741
:1033900023FDDBF80000092100220023F6F7FAFCE8
:1033A000DBF800000C4900220023F6F723FCDBF8D1
:1033B0000000E9F705FD4046FAF72EFDBDE8F88F5D
:1033C0009A9999999999E93F804C00203E5A0308AF
:1033D000BD030008A10300080D3202082DE9FC41DD
:1033E0000D4D0E4F0E4EDFF83C80284639463246D2
:1033F0004346E4F7F7F80C4CA068F9F737F940B109
:1034000031683B682A68A068CDE9001807A1EBF78E
:1034100047FFBDE8FC8100BFA0000020A8000020FD
:10342000AC000020A4000020EC11002025643A2507
:103430003032643A253032642025730000680A2156
:103440000022F2F757BB80B50068F7F73EFDBDE8F4
:103450008040E7F72DB900002DE9F04F8BB0804692
:1034600008461D4693460C46F7F72FFD10210646E9
:10347000F8F74BFE002800F06181B068049568B150
:10348000017E407E04F114094F4600F00F000390C6
:10349000C1F30110CDF8209038B904E004F1140014
:1034A00008900F2003900020474606903046CDF844
:1034B0000480F8F7A7F90446002000210A9030465E
:1034C000F8F77DFB051930460021F8F762FA00EBAA
:1034D0000409F8880794B6F81A80B6F816A07C8814
:1034E00005900297CDF824B0BBF802B03046F7F74C
:1034F000B0FC074604EB0B000AEB0501059A081A1D
:103500000BEB0901DDF820B0A1EB080100B211447A
:10351000002809B202D4B1F1FF3F1ADC012804DB14
:10352000B16881B1498A49420EE00129C0F2858023
:1035300030464C42F7F7D6FC00FA84F0002848BF2A
:1035400000240A9405E0002109B28142B8BF00209E
:103550000A90069803280AD0099C022820D0012846
:1035600024D10299F08A49882844401A1DE0029A21
:1035700009EB05006FF00103381A5188D28800B2B8
:10358000521A013212B292FBF3F2022390FBF3F0D3
:10359000F38A28441844401A10440A90099C05E014
:1035A0000298718BC0884844081A0A90B06828B104
:1035B000007EC0F38108B8F1000F03D1DDF804B03C
:1035C0004FF00008304600214FF0000AF8F74CFA9F
:1035D000074630460021F8F794FA2188079CBBF88B
:1035E0000020B38A07EB040907190A44C819318B74
:1035F0004B449A1A401ABBF8041015B2002D084427
:1036000000B202D4B0F1FF3F1BDC012D07DB3046D6
:10361000F7F7E0FCA842B8BF0025AA4611E0012850
:103620000DDBC0F1000A3046F7F73AFD00FA8AF0E8
:10363000002848BF4FF0000A03E0002088E74FF061
:10364000000A3046F8F728FDB8F1030F0DD0B8F1A5
:10365000020F23D0049DB8F1010F26D1B08ABBF828
:1036600000104844A0EB010A1FE0BBF80010BBF8B3
:1036700004206FF00103521A013212B292FBF3F2EE
:1036800007EB0903C01A022300B290FBF3F0B38AE0
:1036900048441844401A00EB020A05E0BBF8040055
:1036A000318B3844A1EB000A049D26493046E7F7E8
:1036B0000DFB254904463046E7F708FB04B930B155
:1036C00030460A210022F2F715FA012836D10FFA06
:1036D0008AF05146002848BF0021039BD80718BF35
:1036E000514608B200280846C8BF00209A0748BFC4
:1036F0000846099F002D398818BF01440A9C39806B
:1037000021B20029214648BF00215A0748BF21465F
:103710000AB2002A0A46C8BF0022082B2B4628BF3F
:103720000A467988002D18BF1144798012B201B27F
:1037300030460BB0BDE8F04FF9F7A0BE0BB0BDE8C6
:10374000F08F00BFD9370208C3370208BCB5828E9C
:10375000C18E6B460446E5F7CEFEBDF90000B0F120
:10376000FF3F0BDDBDF904502046F8F795FC85427C
:103770000BDD2046F8F790FC401B00E0404201B210
:10378000204600220123F9F70DFFBDF90200B0F138
:10379000FF3F0CDDBDF906502046F7F75AFB854286
:1037A000D8BFBCBD2046F7F754FB401B00E04042A9
:1037B00002B220460021012302B0BDE8B040F9F773
:1037C000F1BE826812B1128A524200E00022114416
:1037D000002209B2E2F71CBB826812B1528A52423F
:1037E00000E0002211440AB20021E2F711BBA0F868
:1037F0004410F8F7E7BEA0F84610F8F7E3BE09B2A8
:10380000FAF7AEBA09B2FAF7BDBA09B2FAF7BABA1C
:10381000B0B504460020F6F75DFE4FF4A071F0222B
:103820002060FAF7C7F820680021FAF7ACF82068A2
:1038300000210022FAF7FDF9206854A1EBF7F6FB0E
:10384000554DA060297841B954484FF47A7100224F
:10385000FDF71EFE01202870A0680F213122FAF723
:103860005DF8A068AD213B22FAF7A4F8A068042116
:103870000022FAF731FAA0684EF2C9510022FAF795
:103880003AFAA06846490022FAF73AFAA068FF21FE
:103890000022FAF73FFADFF798FEFAF736FAA06847
:1038A000404D02210022A847DFF78FFEFAF7C1F949
:1038B000A0680C210022FAF70AFADFF786FEFAF771
:1038C00001FADFF782FEFAF7F3F9DFF77EFEFAF787
:1038D000F4F9DFF77AFEFAF704FA2068F4F762F8F1
:1038E00031A1E060F4F760FFE06802210022A84700
:1038F000E0680221F6F7B7F9E0682E4900220023BC
:10390000F6F778F9E06816210D22FAF707F8E06873
:103910006A211B22FAF74EF8DFF7EBFCFAF7EBF916
:10392000E06825490022FAF7EBF9E068FF21002260
:10393000FAF7F0F9E06802210022FAF7E6F9E06808
:1039400002210022A847DFF7D4FCFAF772F9DFF76B
:10395000D0FCFAF773F9DFF7CCFCFAF7BDF9E068B1
:1039600007210022FAF7B3F9DFF7C3FCFAF7AAF947
:10397000DFF7BFFCFAF7A1F9DFF7BBFCFAF7B1F903
:103980002068BDE8B040FAF747BA00BF31313A329B
:10399000353A353020414D00844C0020DD3302089B
:1039A00008540308EDDC0108323032332F30372F52
:1039B0003331000085320208EC53030810B5044689
:1039C000012020712046FFF723FF2068BDE810404A
:1039D000EBF7E6BD2DE9F04F87B08246013801F0E4
:1039E000010914460E46059000EB6100029009EBB8
:1039F0006100C0F1000B481001904FEA4A000490AA
:103A0000F5F74AF90694804600252046049F55455F
:103A100021DA059A34F8120000FB06F10298002A18
:103A200011D428F812105045B4BF34F810300023D8
:103A3000C91A0BEB02030138013A23EAE37334F8A5
:103A400013301944EBE7204641463A46F5F7BEF9F4
:103A50003C440135DBE74FF47F50069A0AFB0AF13C
:103A6000B0FBF6F059B1138833B10446B3F57F5F6C
:103A700018BF93FBF6F4148002320139F2E7019982
:103A80004FF0000E09EB0100029001FB0AF0AEEBD3
:103A9000400B48420190DDF818900396D64537DA7E
:103AA0000698019B029F4C46454630F81E00704325
:103AB0005646E6B15745DDF814C0B8BFBC4682098A
:103AC0000CFB0AE1002848BF002225F8022B069AC9
:103AD000012B32F81110049A2244A8BF5C44013330
:103AE0000137013E2488001B14460844E1E7039E89
:103AF000002000239A4506D038F81310013329F826
:103B000010105044F6E709F102090EF1010EC5E765
:103B1000404607B0BDE8F04FF5F70EB9F0B597B0E5
:103B200009AF064614460D463846EDF74BFB4FF6F7
:103B3000FF7039462A46ADF828003046EDF72EFBD7
:103B400001AF3846ECF7BCFA002039462A46234636
:103B500000903046ECF744F817B0F0BD70B592B065
:103B60004FF4E02165220446F8F776F8C0B101AEC3
:103B700005463046E7F7F4F80F480F950C95CDE968
:103B8000014000200B900120CDE909004FF6FF70A5
:103B9000ADF84400094808903046E7F731F909E0EC
:103BA00005492046E7F792F894F8540040F00100E8
:103BB00084F8540012B070BD09780008D7AD000831
:103BC0002DE9FE4FDFF8286FB16EC80705D112202E
:103BD0000421FAF74BF9B16E01E041F2A3007080C5
:103BE000C80704D112200421FAF72EF903E01220AD
:103BF0000521FAF73BF9B08096F86800C00707D1B5
:103C00004FF6FF700221F0801220FAF72FF904E03E
:103C100042F64610F08042F686103081F068DFF8F8
:103C2000D49ED030C847F068D830C847DFF8C8AE57
:103C3000DFF8C87E0024462006F120055023CDE998
:103C40000004284651463A46FBF770FF06F1340857
:103C500051463A465023CDE900444046FBF766FF03
:103C6000F0682946D030FBF759FFF0684146D8305C
:103C7000FBF754FFF0680830C84796F86800C007A3
:103C800002D1E0F70AF803E012200221FAF7DCF88B
:103C9000F268DFF86C7E81B202F10800B847F06884
:103CA000DFF8602E47F6FF7108309047706DDFF83F
:103CB00058AEF4680721D047014604F10800FBF72D
:103CC00017FE706DF4680521D047014604F1080025
:103CD000FBF728FFF068DFF834BE66210830D847CC
:103CE000F06841460830FBF719FFF0681030C8470C
:103CF000F068FF211030D847F068C847F068FF210E
:103D0000D8477188F068B847B188F068FBF7F2FED1
:103D1000E0F7CCFA08BF0C21012808BF0E21DFF71D
:103D200064FD01462846FBF71CFEE0F7BFFA08BF1A
:103D30000C21012808BF0E21DFF757FD0146284658
:103D4000FBF7EDFDF0681830C847707808210128AE
:103D500008BF0C21DFF7DEFDDFF8788F014604F1A4
:103D60001800C047F068FF211830D847F068F18884
:103D70001830B847F06831891830FBF775FDDFF768
:103D80006BFE014604F11800FBF77EFDF06801218F
:103D90001830FBF771FDF068B1881830FBF7AAFE08
:103DA000707810241021022808BF1421012808BFB0
:103DB0001821DFF71AFD014605F11800FBF798FD01
:103DC000E0F774FA08BF0C21012808BF0E21DFF7C5
:103DD0000CFD014605F11800FBF7C3FDE0F766FA9C
:103DE00008BF0C21012808BF0E21DFF7FEFC0146A9
:103DF00005F11800FBF793FDF568DFF74EFF05F1BD
:103E0000180281B21046FBF753FDE0F794F8014623
:103E100005F11800FBF750FDF068A030C847F068C6
:103E2000B6F85810A030FBF753FDE0F788F80146CC
:103E300005F1A000FBF758FDE0F781F8014605F118
:103E4000A000FBF74DFDF0687F21A030FBF744FD9B
:103E5000F068A830C847F068B6F85A10A830FBF7E9
:103E600037FDE0F76CF8014605F1A800FBF73CFDD3
:103E7000F0687F21A830FBF72FFDF0682030C8479D
:103E800070780821022808BF0C21012808BF1021E2
:103E9000DFF7ABFC014605F12000C047F068FF21C9
:103EA0002030D847F06831892030B84796F868004C
:103EB000C0073AD1F568DFF7F0FE05F1200281B2C4
:103EC0001046FBF7F4FDF068E0F7D5F8502809DB61
:103ED0000020EBF7E9FA00EB4000A021503090FB06
:103EE000F1F000E0012001B22846FBF7F0FDF06898
:103EF0007F212030FBF7E3FDF068776DE0F7BBF83A
:103F00003C2809DB0020EBF7CFFA502101EB8000C1
:103F1000A02190FBF1F000E0012001B23846EBF760
:103F2000E2F901462846FBF7C6FDF068B188DFF8E4
:103F3000B02D2030904770781021022808BF14213E
:103F4000012808BF1821DFF750FCDFF8982DDFF7B4
:103F50004CFDE0F7ABF908BF0C21012808BF0E218A
:103F6000DFF743FCDFF8802DDFF73FFD706DF5686C
:103F70000521D047DFF8742DDFF737FD706DF56848
:103F80000521D047DFF8682DDFF72FFDDFF8640D3E
:103F9000354645F8100FDFF8600D2F46029547F8BB
:103FA000080FF0685830C847F06829465830FBF7CA
:103FB00073FCF06823215830FBF772FCF068603026
:103FC000C847F06839466030FBF766FCF0687F212F
:103FD0006030FBF765FCF068C030C847F068DFF878
:103FE0001C2D0121C0309047F0680121C030FBF743
:103FF00043FCF0688030C84770781021022808BF61
:104000001421012808BF1821E0F7EFF9DFF8F08C40
:10401000014607F18000C04770781021022808BFD0
:104020001421012808BF1821706DD6F80CB0D047B4
:10403000DFF8BC5C01460BF18000A84770780228CD
:1040400008BF1424012808BF1824706DF7682146A2
:10405000D047014607F18000DFF8907CB847F06850
:104060007830C847E0F722F908BF0C21012808BFC3
:104070000E21DFF74FFC014604F17800C047E0F75E
:1040800015F908BF0C21012808BF0E21DFF742FCFB
:10409000DFF8702C014604F178009047F068883012
:1040A000C847DFF7BAFC014604F18800A847DFF7EC
:1040B000B4FC014604F18800B847F0689030C84766
:1040C000706DF4681421D047014604F19000FBF7AD
:1040D00019FDF0689830C847F06802219830FBF766
:1040E00005FDF0686830C847F06800216830C047B7
:1040F000F06800216830A847F06800216830B847B0
:10410000F0687030C847DFF7EFFD08BF06210128CF
:1041100008BF0821DFF7FEFB014604F17000C0472D
:10412000DFF7E2FD08BF0621012808BF0821DFF7FD
:10413000F1FB014604F17000A847DFF7D5FD08BF89
:104140000621012808BF0821DFF7E4FB014604F13E
:104150007000B847F0682830C847029DF068DFF863
:10416000708BB5F848102830C047F068DFF8704B06
:104170004FF6FF7147462830A047F068DFF85C8BA8
:10418000FF212830C047F0683030C847F068B5F8E4
:1041900048103030B847F068B5F848103030A047C4
:1041A000F06833213030C047F0683830C847F068D5
:1041B000B5F84A103830B847F0684FF6FF7138301C
:1041C000A047F068FF213830C047F0684030C8474A
:1041D000F068B5F84A104030B847F068B5F84A10B2
:1041E0004030A047F06833214030C047F068483085
:1041F000C847F06835F8081C4830B847F068FF2118
:104200004830C047F068B1884830A047F068503067
:10421000C847F06835F80A1C5030B847F068FF21ED
:104220005030C047F068B1885030A047F068B030D7
:10423000C847F068DFF89CBA47F6FF71B030D8473E
:10424000F068B830C847F0680021B830D847F06847
:10425000C830C847DFF777FB014604F1C800FBF719
:1042600059FCDFF770FB014604F1C800FBF74EFC78
:10427000F068F030C847F068B5F84810F030B8473B
:10428000F068FF21F030C047706DF4680621D04718
:10429000DFF86C7A014604F1F000B847F06847F6A1
:1042A000FF71F030D847F068D846E030C847F06872
:1042B000DFF8544AC821E030A047F068E830C8472A
:1042C000F0687821E830A047F06800F58070C847B2
:1042D000F06835F8081C00F58070FBF7A9FA706DDE
:1042E000F4680F21D047014604F58070FBF7A8FA67
:1042F000F068012100F58070FBF79EFAF06800F588
:104300008470C847F068B5F8481000F58470FBF772
:104310008FFAF06800F59870C847F0684FF4827122
:1043200000F59870FBF7CCFAF06800F59C70C84770
:10433000DFF709FB014604F59C70B847706DF4681F
:104340000221BB46D047DFF8C429014604F59C7022
:104350009047F068B5F84810DFF8B42900F59C7074
:104360009047F06835F80A1CDFF8647900F59C7016
:10437000B847F068DFF86429FF2100F59C7090478A
:1043800070780821012808BF0C21DFF7C3FA022149
:1043900090FBF1F001B204F59C70C047F06800F5A5
:1043A000A070C847F0680FF66C1100F5A070FBF71D
:1043B00053FAF068DFF828294FF6FF7100F5A07076
:1043C0009047F068E96C00F5A070FBF797FBF06888
:1043D00000F5A470C847706DF4680421D0474042CE
:1043E00001B204F5A470D847F0684FF6FF7100F5EC
:1043F000A470B847F06800F5A870C847F068DFF807
:104400001849012100F5A870A047F068A046B188BE
:10441000DFF8084900F5A870A047F068274600F5C6
:104420009470C847F068002100F59470FBF724FAF7
:10443000DFF7F3FADFF8B428014604F594709047EB
:10444000F06835F8081C00F59470B847F06800F57E
:104450008870C847DFF777FA014604F58870C047CF
:10446000DFF771FADFF86CB8014604F58870D847B9
:10447000706DF4680821D047014604F58870DFF8B4
:10448000A048A047706D2746F4680221D047DFF8A6
:104490005C28014604F588709047F06800F58C7040
:1044A000C847F06847F6FF7100F58C70D847706D0B
:1044B000F4680821D047014604F58C70B847F068CD
:1044C000B5F84810DFF8082800F58C709047F068C0
:1044D000DFF80828FF2100F58C709047F06800F5A0
:1044E0009070C847706DF4680121D047014604F50B
:1044F0009070C047F068B188DFF8202800F5907010
:104500009047DFF7A9FADFF8F877014604F59070D5
:10451000B847F468DFF7C1FB04F59072DFF8C08795
:1045200081B21046C047F06800F5D070C847F06807
:10453000002100F5D070B847F068DFF8C897002177
:1045400000F5D070C847F068002100F5D070D8475A
:10455000F068DFF8A847012100F5D070A047F068A7
:10456000DFF8C027002100F5D0709047F068DFF831
:104570005C1700F5EC70884770780821012808BFA7
:104580000C21DFF732FF014607F5EC70D847F068E1
:10459000012100F5EC70A047F068DFF84027FF210B
:1045A00000F5EC709047F06835F80A1CDFF820271A
:1045B00000F5EC709047F068B18800F5EC70C047EA
:1045C000F068DFF8081700F5D4708847DFF76EFE53
:1045D00008BF0C21012808BF0E21DFF706FFDFF816
:1045E0000447014607F5D470A047DFF75FFE08BF18
:1045F0000C21012808BF0E21DFF7F7FEDFF8E8B62F
:10460000014607F5D470D84770780A21544602282D
:1046100008BF0C21012808BF0E21DFF7E6FE014686
:1046200007F5D470C847706DDFF8A0A6F7680121C0
:10463000A047DFF8D896014607F5D470C847F06860
:10464000192100F5D470FBF713F9F068B188DFF891
:10465000C04600F5D470A047F068DFF8C8560021C6
:1046600000F5D470A847F06800F5D870D047F0681E
:10467000DFF88C86DFF860A6002100F5D870C0470F
:10468000F068DFF880B6002100F5D870D847DFF772
:104690004EFC014607F5D870C847F068192100F5AF
:1046A000D870FBF7E5F8F068B18800F5D870A0473E
:1046B000F068082100F5D870A847F068DFF80C967C
:1046C00000F5DC70C847F068002100F5DC70C047D9
:1046D000F068002100F5DC70D847F06800F5E47060
:1046E000C847DFF7E3FD08BF0C21012808BF0E21F2
:1046F000DFF77BFEDFF8EC45014607F5E470A047E5
:10470000DFF7F2FA08BF0621012808BF0821DFF70A
:104710006CFE014607F5E470DFF8CC75B847707899
:104720000A213D46022808BF0C21012808BF0E219E
:10473000DFF75BFE014607F5E470D847F06800F547
:10474000E870C847DFF7D0FA08BF0621012808BF84
:104750000821DFF74AFE014607F5E870A047DFF7BA
:10476000C3FA08BF0621012808BF0821DFF73DFE74
:10477000014607F5E870A847F068002100F5E870E9
:10478000FBF79DF9F068DFF85475002100F5E8703B
:10479000B847F068B188DFF8482500F5E870904721
:1047A000F06800F5E070C847F068002100F5E0709F
:1047B000A047F068002100F5E070D847F06800F5E8
:1047C000F070C847F068332100F5F070B847B8467C
:1047D000F768DFF762FA07F5F072DFF8F4B481B238
:1047E0001046D847F06800F5F470C847F06800211B
:1047F00000F5F470C047DFF777FA08BF06210128FB
:1048000008BF0821DFF7F1FD014607F5F470A8475E
:10481000F06800F5B070C847706DF7680521D047A3
:10482000DFF8F424014607F5B0709047F068B188CE
:10483000DFF8E82400F5B0709047706DF768142138
:10484000D047DFF8DC44014607F5B070A047706D33
:10485000F7680F21D047014607F5B070FBF779F8EC
:10486000F06800F5B470C847F068DFF8682447F6D0
:10487000FF7100F5B4709047F068B18800F5B4702E
:10488000D847F068FF2100F5B470C047706DF76835
:104890000F21D047014607F5B470A047F06800F536
:1048A000AC70C847DFF743FBDFF86044014607F50B
:1048B000AC70A047029DF068DFF8547435F8081C0E
:1048C00000F5AC70B847F068DFF85884032100F5B4
:1048D000AC70C047F06800F5B870C847F068B188A0
:1048E00000F5B870B847706DF7680221D0470146EF
:1048F00007F5B870A047DFF71AFB404201B207F591
:10490000B870FBF726F8F068042100F5B870C047CE
:10491000F068DFF8F4234FF4C871C84600F5B870AA
:104920009047F06800F5BC70C84795F85800C0077C
:10493000F06800F5BC744FF0120003D10121F9F7C3
:1049400095FA02E00221F9F77FFA81B22046FBF7DF
:10495000D1F8F06800F5C070C047DFF7A7FC08BFCA
:104960000C21012808BF0E21DEF7D4FF014604F513
:10497000C070FAF7BDFFDFF799FC08BF0C210128D2
:1049800008BF0E21DEF731FF022490FBF4F001B2E4
:1049900005F5C070FAF7C7FFF06800F5C470C047AE
:1049A000DFF7C9FA014605F5C470FAF76DFFF06844
:1049B000318900F5C470FAF757FFF068F18800F507
:1049C000C470FAF741FFF068332100F5C470FAF7BC
:1049D00047FFF06800F5C870C047DFF767FC08BF05
:1049E0000C21012808BF0E21DEF7FFFE014605F568
:1049F000C870FAF7A3FFDFF759FC08BF0C210128A4
:104A000008BF0E21DEF7F1FE014605F5C870FAF782
:104A1000ACFF7078022808BF0624012808BF0824CC
:104A2000706DF5682146D047014605F5C870FAF764
:104A300072FFDFF73BFC08BF0C21012808BF0E21E5
:104A4000DEF768FF014604F5C870FAF76CFFF068FE
:104A500000F5CC70C047DEF7E0FF014604F5CC70EE
:104A6000FAF7EEFEF06800F5FC70C047706DF46870
:104A70000421D047014604F5FC70FAF739FFF068CD
:104A800000F5F870C047F06842F2640100F5F87074
:104A9000FAF71AFFF06800F50070C047F468DFF716
:104AA000FCF804F5007281B21046FAF7CDFEF0680A
:104AB0007F2100F50070FAF7D3FEF06800F5027070
:104AC000C047F068002100F50270FBF700F870782D
:104AD000F468012809D003281AD1706D0821EAF77B
:104AE00002FC022190FBF1F016E0706D0C2111E048
:104AF000E4010020294D0208F65D0308C3AD00085B
:104B000049F80108A7FA0108E7F2000861F801086E
:104B1000706D0821EAF7E7FB04F5027201B2104656
:104B2000FAF7C1FFF06800F50E70C047F068B6F8FC
:104B3000581000F50E70FAF797FEDEF78DFF400073
:104B400001B204F50E70FAF79FFEF068012100F53E
:104B50000E70FAF795FEF06800F50C70C047DEF7AE
:104B60007BFF404201B204F50C70FAF7B9FEF06821
:104B700000F50470C047707810241021022808BF87
:104B80001421012808BF1821DEF72FFE014605F584
:104B90000470FAF7D3FEF068002100F50470FAF70C
:104BA000E8FEF068002100F50470FAF7BCFEF0683A
:104BB000012100F50470FAF76BFEF06800F506704D
:104BC000C047DFF7B8F9014605F50670FAF75CFE55
:104BD000F068318900F50670FAF746FEF0680121A9
:104BE00000F50670FAF74CFE70780A250A210228B3
:104BF00008BF0C21012808BF0E21DFF7F6FB014694
:104C000007F50670FAF774FE7078022808BF0C25C5
:104C1000012808BF0E25706DF7682946D047014668
:104C200007F50670FAF77BFEF06800F50870C047DC
:104C30007078022808BF1424012808BF1824706D5A
:104C4000F5682146D047014605F50870FAF762FF7E
:104C5000F06800F51070C047F068FF2100F5107093
:104C6000FAF7FEFDF0684FF6FF7100F51070FAF7E5
:104C7000EBFDF468DFF711F804F5107281B210460D
:104C8000FAF7E6FDF06847F6FF7100F51070FAF7E5
:104C90000AFF706DF4680F21D047014604F51070CB
:104CA000FAF715FFF0684FF6FF7100F51070FAF78C
:104CB000FEFE706DF4680521D047014604F51070C2
:104CC00003B0BDE8F04FFAF7FEBE00BF294D020861
:104CD00049F80108A7FA0108E7F2000861F801089D
:104CE000F5FA01083DF9010873F901081FF90108F7
:104CF00063F9010861780008819D000891F80108B6
:104D0000F1F8010827F9010829F8010889F80108D4
:104D100069F80108EF808C00B9F80108B1F80108C2
:104D2000D7FA010881F8010803490978012918BF59
:104D3000FAF771BCFAF764BDE40100202DE9F041F7
:104D400008460C46F6F7C1F8002800F00E85DFF89B
:104D5000D81ADEF79EFB50B1DEF706FEDFF8601BC7
:104D60000546F5F78DFA002847D0BDE8F081DFF859
:104D7000BC1ADEF78EFB00284ED0DFF8545BDFF85C
:104D8000546B0022E86800F120012046B047E86833
:104D90000022DEF7CAFFDFF7B3F8DFF794F8DFF79A
:104DA0008CF8DFF73AF8E868202200F1C8012046C5
:104DB000B047E868012200F138012046B047DFF72C
:104DC00092F8DEF7D1FDDFF8D01AF5F759FA38B9C5
:104DD000DEF7CAFDDFF8C41AF5F752FA0028C4D08E
:104DE000E868002200F5E8712046F4F786FFE868DD
:104DF000202200F5F07120461AE02846F6F765F803
:104E0000DFF8BC1AF5F73CFAB0B1DFF8C45AE8682D
:104E100000F1800100F0ABBCDFF8141ADEF739FBBB
:104E2000F8B1DFF8AC0AC06800F5A871204600228E
:104E3000BDE8F041F4F761BF2046F6F710F800280E
:104E40004AD1DEF791FDDFF87C1AF5F719FA002850
:104E500042D0DFF87C5ADEF727FFE86800F17001E6
:104E6000E4E7DFF8D019DEF714FB00285DD0DEF7A9
:104E70007BFDDFF8381AF5F703FAE64D002875D008
:104E8000DFF84C6ADFF84C7A0022F06800F5FC711C
:104E90002046B847F068002200F188012046B84754
:104EA000DEF70EFDDFF7A7F9F06805F17C02DEF70B
:104EB0007EFDD949F06801F5803200F128012046D5
:104EC000B847F0682A4600F130012046B847F0683C
:104ED0002A1D00F140015BE12046F5F7C0FF0128E3
:104EE00013D1DEF741FDDFF8DC19F5F7C9F960B140
:104EF000DFF8DC59DFF8DC6920460022E968B047BA
:104F0000E86800F1800100F033BCDEF72DFDDFF82A
:104F10005C19F5F7B5F900287FF427AFDFF8B05931
:104F2000E86800F1180100F022BCDFF80C19DEF788
:104F3000B0FA002863D0DFF89859DFF898690022AA
:104F4000E868DFF785F8DEF7E6FFDEF766FFDFF7F4
:104F500058F8E8684FF40032DEF7E7FEE86800F141
:104F6000B00120464FF4003200F00CBCDEF7FCFC30
:104F7000DFF84C19F5F784F9002877D0DFF850797D
:104F8000A846DFF850590022F86800F15001204689
:104F9000A847F868042200F1A0012046A847F86855
:104FA000042200F50C712046A847F86808F11C029D
:104FB00000F158012046A8479749F86801F5803666
:104FC00000F1300120463246A847F868324600F525
:104FD0000E712046A847F868424600F1A00120461D
:104FE000A847F86808F1040200F1A8012046A84784
:104FF000F86842462B4600F50C712046C3E3DFF803
:105000003C18DEF746FA002855D0DFF8C468DFF810
:10501000C4780022F06800F130012046B847F068FB
:105020000022DEF727FEDEF7A9FDDFF76DF8F06856
:105030004FF40032DEF73DFFF0684FF40032DEF748
:1050400019FEDEF76BFEF068744D00F1C8012046D2
:105050002A46B847F0684FF4403200F1D0012046AC
:10506000B847F0682A4600F1D80191E0DEF77CFCF1
:10507000DFF8F817F5F704F9DFF854680028F1684D
:1050800061D0DFF8507801F5C07120460022B847A2
:10509000DEF774FDDFF738F8F0684FF4A02200F572
:1050A000C4712046B847DFF7A6F8F06805F17C0226
:1050B00000F1600160E0DFF88817DEF7EAF9002808
:1050C00069D0DFF80C68DFF80C78DEF72AFFF068AB
:1050D000002200F168012046B847F068002200F184
:1050E000B8012046B847DEF749FDDFF70DF8DEF7D7
:1050F00004FEF0684A4A00F110012046B847F06803
:105100004FF4A022DEF7A0FDF0684FF4A02200F5D6
:10511000AC712046B847F0684FF4A02200F180013E
:105120002046B847F0683B4D00F1580105F11C02DC
:105130002046B847F0682A46DEF7BBFEF0682A1D15
:1051400000F1380124E0DFF88C7718312046002286
:10515000B847DEF713FDDEF7D7FFDEF7B1FBF068E7
:1051600005F17C02DEF723FCDFF745F82A49F068F9
:1051700001F5803200F128012046B847F0682A4640
:1051800000F1A0012046B847F0682A1D00F1A801EF
:1051900020463B46F7E2DFF8AC16DEF77AF9002846
:1051A00042D0DFF82C67DFF82C770022F06800F19E
:1051B00088012046B847DEF7E1FCF068194D00F1A0
:1051C000600105F17F022046B847F0684FF40032D5
:1051D00000F59C712046B847F0682A46DEF769FE64
:1051E000F0682A4600F5A0712046B847F0681F35E0
:1051F0002A4600F158012046B847F0682A4600F1D7
:10520000C8012046B847DEF727FFF06800F1D0015B
:1052100051E000BF0400050001000400200003006D
:105220004000010001000200DFF81C16DEF731F932
:10523000002844D0DFF89866DFF898760022F068FE
:1052400000F148012046B847F0680022DEF712FD61
:10525000F068002200F1E8012046B847F06880229B
:10526000DEF7A5FBDEF78AFCF068DD4DDEF7FAFE1F
:10527000F0684FF40032DEF7FDFCF06805F17F02C4
:10528000DEF795FBDEF74AFDF0684FF44032DEF7BB
:10529000DBFCF0684FF4403200F5A4712046B847BB
:1052A000D049F06801F16002DEF781FBDEF7D4FE41
:1052B000F06800F1D80120464FF4003269E7DFF8CA
:1052C0008C15DEF7E6F888B3DFF80456DFF80466DD
:1052D000DEF710FADFF740F8E868002200F5947175
:1052E0002046B047DEF7B8FAE868BF4A00F110017F
:1052F0002046B047E8684FF4A02200F588712046A8
:10530000B047E8684FF4003200F58C712046B04792
:10531000E8684FF4C02200F590712046B047E86875
:1053200000F5887120464FF4E0222BE2DFF82015CB
:10533000DEF7AFF808B3DFF89855DFF89865DEF7C9
:10534000D9F9E868002200F1E0012046B047E8689A
:10535000002200F190012046B047E868002200F1E9
:1053600098012046B047DEF758FDDEF74AFEE868B0
:105370004FF4802200F1280103E2DFF8D814DEF7B1
:1053800088F8A8B1DFF84855DFF84865DEF7B2F9CC
:10539000DEF7E2FFDEF7B4FDDEF78FFDDEF793FD0B
:1053A000DEF73BFDDEF72DFEE86800F1D801D8E519
:1053B000DFF8A414DEF76DF870B3DFF81465DFF8DA
:1053C0001475DEF7AEFDF068002200F1C001204642
:1053D000B847F068002200F190012046B847F06815
:1053E000002200F598712046B847DEF786FCF06889
:1053F0007D4A00F110012046B847F0684FF4802242
:10540000DEF722FCF068794DDEF72CFEF06805F13E
:105410001F0200F15801BBE6DFF84014DEF739F84F
:10542000D0B1DFF8AC54DFF8AC640022E868DEF7F6
:105430002CFCE8684FF40032DEF727FCE8684FF4F4
:10544000003200F584712046B047E86800F1F001B1
:1054500020464FF4403295E1DFF80414DEF719F8E6
:1054600080B1DFF86C54DFF86C640022E868DEF786
:105470000CFCE8684FF40032DEF707FCE86800F542
:1054800084716EE5DFF8DC13DEF703F858B1DFF85E
:105490004054DFF84064DEF72DF9DEF73CFDE868A4
:1054A00000F5B4715DE5DFF8C013DDF7F2FF08B376
:1054B000DFF81C54DFF81C64DEF71CF9DEF74CFF44
:1054C000DEF711FDDEF7A9FCDEF79BFDDEF7C4F980
:1054D000E868454A00F110012046B047E868444AB0
:1054E00000F5B8712046B047E8684FF4002200F597
:1054F000BC7146E1DFF87413DDF7CBFF60B1DFF874
:10550000D053E86800F1180120460022F4F7F5FBBB
:10551000E86800F1680189E4DFF85413DDF7B9FFAA
:1055200020B9DFF85013DDF7B4FF28B1DFF8A0038E
:10553000C06800F5C87179E4DFF83C13DDF7A9FF16
:10554000A8B3DFF88C63DFF88C7320460022F16883
:10555000B8477078F268012802F17001204608BF50
:1055600002F178010022B847DEF708FBDEF7CCFD38
:10557000DEF7A6F9F0681F4D00F1600105F17C022D
:105580002046B847F0684FF4A022DEF75DFBF068D4
:105590004FF4A02200F502712046B847DEF72BFE3B
:1055A0001249F06801F5803200F1480187E4B349FF
:1055B000DDF76FFF38B1C64DC64EDEF79BF8E868E1
:1055C00000F50471D4E0AE49DDF763FFA0B1C04D32
:1055D000DEF76AFBE86800F50871FFF727BC00BF3B
:1055E000010002002000030040000100010004004F
:1055F0000200070004000500A249DDF74AFF10B3CE
:10560000B34DB44E0022E86800F150012046B04787
:10561000E868002200F506712046B047E8680422D9
:10562000DEF783FBE868042200F508712046B047E6
:10563000E868202200F508712046B047E86820227B
:1056400000F158019DE09049DDF723FF38B1A04DEE
:10565000DEF73EFBE86800F5D071FFF7E7BB8B494A
:10566000DDF717FF20B19A4DE86800F5D8717EE0AC
:105670008749DDF70EFF20B1954DE86800F5DC7134
:1056800075E08449DDF705FFC0B1914D914E0022D0
:10569000E86800F5D4712046B047E868202200F59C
:1056A000F0712046B047E8682122DEF7D1FCE868B7
:1056B0000122DEF7CDFCE86804225BE67649DDF7DF
:1056C000E8FE18B97549DDF7E4FE28B18048C068E6
:1056D00000F5E471FFF7AABB7149DDF7DAFE20B1EE
:1056E0007B4DE86800F5E07141E06E49DDF7D1FEE1
:1056F00028B17748C06800F5EC71FFF797BB6A499D
:10570000DDF7C7FE28B17248C06800F5F471FFF7F5
:105710008DBB6649DDF7BDFE38B16D4DDEF7D8FAB9
:10572000E86800F5F871FFF781BB6149DDF7B1FE6C
:1057300028B16748C06800F50071FFF777BB5D4985
:10574000DDF7A7FE68B1624D624EDDF7D3FFDEF7ED
:1057500003FEDEF762FBDEF754FCE86800F1280187
:10576000E0E55549DDF795FE80B1594DE968594EA0
:1057700020460022B047DEF76FF8E868564A00F18D
:10578000100120463346BDE8F04118474B49DDF78C
:1057900080FE70B14E4D4FF48032E86800F1080190
:1057A0002046F4F7AAFAE8684B4A00F11001FFF727
:1057B00022BB4349DDF76DFE10B1454DE968A3E614
:1057C0004049DDF766FE28B14148C06800F1C001DC
:1057D000FFF72CBB3C49DDF75CFEC0B13C4D3D4EB4
:1057E0000022E86800F5CC712046B047E868002246
:1057F00000F180012046B047E8684FF4403200F1E4
:1058000050012046B047E86800F1800120E62F49AA
:10581000DDF73FFE00283FF4A8AA2D48C06800F538
:105820001071FFF703BB00BF70560308B85203089E
:10583000B0540308D45203089C520308405803088C
:10584000B0580308605303089458030844530308EE
:1058500008580308B4530308D053030880520308C0
:10586000785803081C560308E8580308F052030848
:105870000C530308285303085C540308E854030836
:1058800004550308CC54030820550308E4550308C5
:10589000585503083C55030800560308745503087F
:1058A00090550308AC550308C8550308545603081F
:1058B000385603085C5803080459030820590308A4
:1058C000CC5803083C5903087C530308945403083C
:1058D000E4010020FB9C0108400001002DE9F84391
:1058E0000446F0F7EDF805462046F0F7FFF80A2DDC
:1058F0004DD10446F1F7CEFD10B10079012846D014
:105900002046F5F756FA05462046F5F73EFA0646D4
:1059100069462046F5F73AFB0220BDF90020BDF9A3
:10592000023096FBF0F195FBF0F003FA81F102FAF8
:1059300080F091FBF6F190FBF5F068437143002590
:105940000FFA81F80FFA80F92046F5F7DBF9854266
:1059500018D220462946F5F7C5F90646F6F7A2FB08
:1059600007463046F6F7B2FB0135B94508BF80451A
:10597000EAD196F8245020461C2100226662F0F7F6
:10598000B9F800E00F2520462946F7F7D2FFBDE819
:10599000F88300002DE9FC41076804460A4600250B
:1059A000788CC0F3C501A94278D0F86800EBC50334
:1059B0005B689E0104D5A66823F07F43B34201D003
:1059C0000135F0E7A188A1F12003162B17D944294E
:1059D00018BF472919D0552917D057293FD0622918
:1059E00065D067293BD0682939D0FF2A3CD0C2B3A3
:1059F000D4E90336F61A724303EB222836E0012677
:105A000006FA03F32F4E334226D0002A04DDFF2A84
:105A100005D3B4F8108029E0B4F80C8026E0A389FF
:105A2000294E02F0FC02043203EB0343B446D208D1
:105A30003340268A06EB064606EA0C06F61A72433F
:105A40004FF4FC6603EB52124FF61F03134006EAB5
:105A5000124202EB030809E013F4C01FB7D0FE2A7C
:105A600002DCD4F80C8001E0D4F8108050F8350046
:105A700001AAF9F785FD0646F868A188424650F864
:105A80003500019DF9F780FF56B1454508D11FFA51
:105A900088F0A9B2814203D1A84501D1BDE8FC81BB
:105AA000A2882068A168F7F75BFBBDE8FC81D4E918
:105AB0000338002BDAD0B8F1000F01D07F2AD5DCF3
:105AC0009846D3E7050041001FF8E007F8B50668DF
:105AD0005E4FB58834683846E0F7E6F8014688B18D
:105AE000B1420BD030680A68824207D1B0688A6838
:105AF000824203D1B0888A88824235D03846E0F7A6
:105B0000E8F8EBE7608C0027C0F3C500B8422BD063
:105B1000E16801EBC70149688A0104D5B26821F048
:105B20007F41914201D00137F0E748483146E0F724
:105B300032F93046F3F712F9E668294656F837008D
:105B4000F9F7FEFDE06850F83700F9F767FD58B146
:105B500006EBC70056F83710406820F07F42204619
:105B6000BDE8F840F7F7E0BBF8BD00BF70B50468CA
:105B7000A17AA28820680D042946F6F76DF8E06046
:105B8000A688002029462346A0802068324600F0DF
:105B90000DF82068A168A680E4F7ABF80068E26819
:105BA000A188BDE87040F9F7EFBE00002DE9F84F7D
:105BB000DFF8989007469A4690460E464846E0F72A
:105BC0008FF80446002C3FD0254654453CD048462B
:105BD0002946E0F782F804462868B842F2D1A8685E
:105BE000B04218BFB6F5702FECD1A888404503D05D
:105BF0004FF6FF708045E5D14FF0000B788CC0F375
:105C0000C500834514D2F86800EBCB0149688A01CE
:105C10000BD5B6F5702F03D021F07F41B14204D1EE
:105C200050F83B00A988F9F78BFD0BF1010BE5E774
:105C300028460021E5F74AF848462946E0F7ABF840
:105C40002846F3F78BF8BDE7BDE8F88FF002002097
:105C50002DE9F8439146884600216E220746F5F764
:105C6000FBFF0546384600216D22F5F7F5FF044697
:105C7000280405D1A0B2B0F5807F01D1BDE8F8833A
:105C8000384600216F22F5F7E7FF06463846002127
:105C90007022F5F7E1FF06F4C041B1F5005F11D1C4
:105CA00031B2DDF778FE0DDCB1F57A7FC8BFC1F502
:105CB0007A71BA8A3B8B9A1A013212B2514364222A
:105CC00091FBF2F600F4C041B1F5005F11D101B2D1
:105CD000DDF761FE0DDCB1F57A7FC8BFC1F57A71E1
:105CE000F88A7A8B101A013000B24843642190FB85
:105CF000F1F0B98A22B2B9F1000F3144ADF80010C9
:105D0000F98A0844ADF8020005D04FF480306D42A6
:105D100090FBF2F002B229B26B464046F8F7C4F8A5
:105D2000BDE8F883F0B5C569059C3DB98669B6F54F
:105D3000807F03D108021860100234E0B0F92A60B5
:105D4000921BB0F92860891B8669A5B1D0E9045778
:105D50004F4305FB1275B6F5807F15D1066A06EB39
:105D6000A5051D60D0E90435406A594305FB0211C1
:105D700000EBA10017E0056A06FB0151196081697B
:105D8000406A01FB02000EE07543066A06EBA5259A
:105D900000F110061D6068CE406A594305FB0211F0
:105DA000714300EBA1202060F0BD09880088401AF3
:105DB00070470000B0B5EFF799FE0446F5F785F897
:105DC000E6F7FCFF054620460121F4F78BFF95F925
:105DD0000210054A02EB81012A8851F8043C03496C
:105DE000BDE8B040F2F716BD585903089F5A0308A2
:105DF000B0B5EFF77BFE0446F5F767F8E6F7DEFF90
:105E0000054620460021F4F76DFF298840F2E7722D
:105E1000511A89B2EFF721FE20460121F4F762FF03
:105E200095F90210013989B2BDE8B040EFF715BE0F
:105E30002DE9FC410446B0F92E0010F5004F51D079
:105E4000638DA78D9F4238BF07F5B47794F834105F
:105E5000C1F34101F1B1022926D0012942D1DDF778
:105E6000B2FE4FF0020C551895FBFCF603FA87F5CD
:105E700095FBFCF886420FFA88F522DD3246009544
:105E8000F2F7C2FE054681B22046E5F7B8FB1FFADD
:105E900088F123E0DDF797FE3DB20095F2F7B4FEFE
:105EA000618D054682B208E0DDF78DFE00933BB2BE
:105EB000F2F7AAFEA28D054681B22046E5F7F0FA78
:105EC0000FE039B22B4600913146F2F79DFE0546B0
:105ED0001FFA88F12046E5F792FBA9B22046E5F7C4
:105EE00057FBA587BDE8FC81B0B50446EFF7FEFD82
:105EF00005462046EFF7FCFD04462846EFF734FB45
:105F000040F2E771081A85B22046E6F757FF90F98C
:105F1000022020462946BDE8B040E6F763BF0000F6
:105F200010B500290AD00878002807D00548784421
:105F3000DAF736FB002801D0002010BD0248784473
:105F400010BD00006A000100620001004FEA410339
:105F50004FEA5353A3F58063D3F11E03C8BFD3F1B7
:105F6000210C0CDD4FF0004242EAC12242EA5052BD
:105F700032FA03FC8CEAE17CACEBE1707047102B49
:105F8000C4BF0020704703F5787CBCF1FF3F04D00C
:105F90006FF0004282EA2100704770B500F0C6F849
:105FA0004992248000207047F2E710F0004248BF79
:105FB0004042B0FA80F310FA03F10AD0C3F11D0396
:105FC00003F5806302EB03524FEA415002EBD1210B
:105FD00070474FF00000704770B5DFF848C11CEA09
:105FE000111E1EBF1CEA13159EEA0C0F95EA0C0F3A
:105FF00000F06F8081EA03044EEAD47EAE4421EAC9
:106000004C1123EA4C1341F4801143F48013AEF198
:106010007F7EA1FB024CA0FB0365361955EB0C05F6
:10602000A1FB034C4CF10003A0FB021C16EB0C0679
:10603000654153F10003094218BF46F0010613F40D
:10604000007F0BD14FEA03314FEA053041EA155189
:1060500040EA165034036FF003020AE04FEAC3210E
:106060004FEAC52041EA555140EA5650F4026FF01C
:10607000020202EB2E4201EB025585EACE710AD0F4
:106080005FEA440C18BF24F0004450F1000041F1D5
:10609000000120EAD47040F2FE7C624500D270BD5F
:1060A000A84214BF4FF080444FF04044002E08BF78
:1060B0000024BEF1806FA8BFA1F1C041BDE87040CF
:1060C00080F2828001F1C04101F000414FF00000F8
:1060D00070470CEA13159EEA0C0F18BF95EA0C0FD7
:1060E00006D081EA030E4FF000000EF0004170BDB3
:1060F00000F01CF88900013E00F007B800F009B874
:106100004FEA430C5FEA5C5C08D081EA030100F0CF
:106110005BB84FEA410C5FEA5C5CF6D102494FF094
:10612000000070470000FF070000F87F0EF1020E2C
:106130002EF0030E5EF8046B364205D4012A43EBC1
:10614000030515F5001F12D8012841EB010C1CF5C1
:10615000001F0CD80ED14FEAD17C0CEB4C0C0CF18B
:10616000020C15F5001F08BF4CEBD37C04E04FF088
:10617000080C01E04FEAD37C0CEB4C0526FA05F63F
:1061800006F00706B6F1040C06D20EEB860CBDE84D
:1061900070404CF0010C6047DFE80CF0090B020284
:1061A0004FF00041A1F500214FF0000070BD1946ED
:1061B0001046012851EB010418BFD4F5001484BF28
:1061C000002001F0004170BD0808A0F500114FEA61
:1061D00031017047F1EE100A4FF6FF71C0F2C03185
:1061E00020EA010040F04070E1EE100A7047000024
:1061F0005D760008F9760008AD7600080000000022
:10620000000000000100000000000000000000008D
:10621000010203040607080900000000010203044C
:1062200000FF0055AAFF0011223344556677889974
:10623000AABBCCDDEEFF0001020304050607080936
:106240000A0B0C0D0E0F1011121314151617181936
:106250001A1B1C1D1E1F2021222324252627282926
:106260002A2B2C2D2E2F3031323334353637383916
:106270003A3B3C3D3E3F4041424344454647484906
:106280004A4B4C4D4E4F50515253545556575859F6
:106290005A5B5C5D5E5F60616263646566676869E6
:1062A0006A6B6C6D6E6F70717273747576777879D6
:1062B0007A7B7C7D7E7F80818283848586878889C6
:1062C0008A8B8C8D8E8F90919293949596979899B6
:1062D0009A9B9C9D9E9FA0A1A2A3A4A5A6A7A8A9A6
:1062E000AAABACADAEAFB0B1B2B3B4B5B6B7B8B996
:1062F000BABBBCBDBEBFC0C1C2C3C4C5C6C7C8C986
:10630000CACBCCCDCECFD0D1D2D3D4D5D6D7D8D975
:10631000DADBDCDDDEDFE0E1E2E3E4E5E6E7E8E965
:10632000EAEBECEDEEEFF0F1F2F3F4F5F6F7F8F955
:10633000FAFBFCFDFEFF000404040404040404044E
:106340000400000000000606060606060500000020
:10635000000000000000000000000000000002003B
:106360000000000000000000040000020002020023
:106370000000000000000202020200020000000211
:1063800000000000000002000000000101050505FA
:1063900001050000000000100101000000001002D3
:1063A000020C0C1212000000200000005F0001002F
:1063B00000000000000000000000020001F00000EA
:1063C000A20860000C5E0308000000003C0003000F
:1063D000200000005F00010000000000000000003D
:1063E0000000020001F00000A2086000845E0308C3
:1063F000000000003C000300200000005F000100DE
:10640000000000000000000000000200B0000000DA
:10641000F3F76000FC5E0308000000003E0003008C
:10642000250304040404040404040404040404040C
:1064300004040404040407012603030403040304FE
:106440000304030403040304030403040701010514
:106450000105010401040104010401040104010413
:1064600001050105010522030201060002012203C4
:1064700001000100010022030100010001002203CC
:106480000100010001000200010001000100010003
:1064900001000104010401040104010401040104D8
:1064A00001040104010402012203010401040104A6
:1064B00001040104010401040104010401040104B4
:1064C00001040104010401040104010401040104A4
:1064D0000104010401040104220302010600020177
:1064E000220325030404040404040404040404042F
:1064F000040404040404040407012603030403043D
:106500000304030403040304030403040304070152
:106510000105010501040104010401040104010451
:106520000104010501050105220302010600020123
:1065300022030000355D0308B65D0308BA5D030859
:106540006D5A03089D5A0308AA5A0308C45A03083F
:10655000685A0308AC5D03085F5A0308B45D03087A
:10656000D05D03082D5D03086A5D03084C5A0308DB
:10657000A35A0308565A0308A85D0308AA5D030836
:10658000735A0308AE5D0308B05D0308795A030827
:10659000D85D03082D5D0308A05D03084A5D03086C
:1065A000BE5D0308BC5D0308A65D0308B85D030873
:1065B000A25D0308505A0308B25D03084C5D03084E
:1065C000465D0308585D03082D5D0308D45D03088C
:1065D000C85D03082F5D0308CC5D0308C45D030894
:1065E000DB5D0308DF5D0308E45D0308E95D030884
:1065F000D45D03082D5D0308EE5D0308F35D030819
:10660000505D0308C45D03082D5D0308525D030857
:10661000545D0308565D0308D05D03082D5D030833
:10662000485D03084E5D03084C5D0308C85D030820
:10663000CC5D0308DB5D0308DF5D0308E45D030850
:10664000E95D0308EE5D0308F35D0308505D030890
:10665000525D0308545D0308565D03084E5D030850
:10666000D05D03082D5D0308A45D0308445D0308A5
:106670004A5D03083E5A0308425D03085E5D030855
:106680003A5D0308315D0308625D0308365D030867
:106690005C5D0308605D03082D5D03089C5D0308D5
:1066A000645D0308385D03083E5D0308405D030830
:1066B000C05D0308C25D03089A5D03089E5D030880
:1066C0005A5D0308335D03083C5D03082D5D030834
:1066D000D45D0308C85D03082F5D0308CC5D030883
:1066E000C45D0308DB5D0308355D0308865D0308B0
:1066F000925D0308705D0308885D03088C5D0308E4
:10670000965D03088E5D0308785D0308825D0308CB
:10671000845D0308D05D03082D5D0308A45D0308B4
:10672000665D03088A5D03086E5D0308725D0308F9
:10673000745D0308765D03087A5D03087C5D0308D9
:106740007E5D0308D85D03082D5D0308A05D030886
:106750004A5D0308985D0308945D03086C5D0308B7
:10676000905D0308685D0308805D0308445A0308D0
:106770004C5D0308465D0308585D03082D5D030862
:10678000D45D0308C85D03082F5D0308CC5D0308D2
:10679000C45D0308DB5D0308E067020854270308B3
:1067A000A8630208A44E0308100002284004002039
:1067B000B4840208342C0308D0630208B44E0308E2
:1067C0001000022848040020D304030814310308F1
:1067D000F8630208C44E0308100002285004002089
:1067E000DFCECEBDBDBCAC11BCBCD91F5C80F4C833
:1067F0000F4B70F3740920005C0B60007B0C5000A1
:10680000890E301FFFFFF700C62F1000E34E006E09
:10681000FEFFE203F28A1003E0990004D0A7000013
:106820002F600019FB300DE89B01F800000CFA40C6
:106830000018EFB000008F50A53AF308DFE6000221
:10684000F60009FD3008B0004F3BB01F30006F0864
:10685000D08B00004F1AC1F300000BFF48B00000BE
:1068600000001F35DD5000008C0F78F00001F41F90
:1068700034F20008C00F55F0001F4006DE6001BF73
:10688000D3000BD4DC000E909E000CD0DA0003FE87
:10689000E10005FF80511F8AF4DA5F40CFF32FC675
:1068A000BFE105DFD7D300000000D9C8C8B7740026
:1068B000000001B700BB004F200BD000F9001F8083
:1068C00002F7001F7000F9000AD0003F3000AD0051
:1068D00000A8000000000002D30006E1000DA000A7
:1068E0007F1004F5002F7001F8002F7003F5007F72
:1068F000100DA007E102E300000000006D00376CFE
:10690000464DFFFA01EF600BB5F2022050000D502A
:106910000000F600011F6117FFFFFE144F843000D6
:10692000F600000F60001405F25F16F07B00011105
:10693000101FFFF00444400006F26F2000003600F4
:1069400000AA0000E50002F10006D0000B90000F45
:1069500040003F00008C0000C80000F30004F0007D
:1069600009B0000D70001F200001BFE7000CF9CF37
:10697000503FA01FC06F600DF08F400CF07F400CA7
:10698000F06F600DE02FA01FB00CF9CF4001BFE702
:106990000028DEDEDEDEDEDEDEDEDE02CFE601EE5B
:1069A0009DF45F303F902003F80000CF3003DF708C
:1069B00004FE5000ED10002FC99953FFFFFA1AEFA3
:1069C000D503FAAFF201008F40002DE100CFF600B1
:1069D000035DF200004F702007F83FAAFF22AEFCD3
:1069E000300007FF80000DDF80004F7F8000AF2F59
:1069F0008001FB1F8008F51F800EE12F805FFFFFE5
:106A0000F924446FA200003F800DFFFF20EC777156
:106A10000E900000F800000FFFF800756EF5000002
:106A20004F800005F72D89FF12CFFB30003CFE8020
:106A300003FF9A800BF300001FC010003F9BFF80F4
:106A40003FFA5CF42FC004F80ED005F707FB7EF187
:106A5000007EFC306FFFFF64AAAEF10000EC000086
:106A60003F800008F30000DE00002F900007F500D3
:106A700000CF00001FB00002BEEB200CF65FD00F6D
:106A8000C00BF00BF33EB002EFFF200DF66ED05FAF
:106A90009008F55F9008F51EF77FF102BFFB30010B
:106AA0009EFA000BFA8FB02FA009F23F8007F60F75
:106AB000E34EF806FFF9F7001416F500000CF10498
:106AC000C9DF7004EFD6006F26F20000000006F266
:106AD0006F206F26F20000000005F25F15F06D02D6
:106AE0002000007004DD19F90ED400CE60008FB2D2
:106AF000002CD000053FFFFF41555551000000001C
:106B00001111103FFFFF4044444170000ED3001AA2
:106B1000F90004EC006FB2CF70EC2006000005DF36
:106B2000D500DC9EF102007F30000CD0001DC100BA
:106B300006F200005B0000000000006F100006F18C
:106B4000000018DEC50001D7103C500B500002E0D9
:106B50002D04DCD4D2781F53F1B3866E03E0C296C5
:106B60008C08B0D0786D1E94A02E1CB5DB1008B236
:106B7000002100005BDDB3000000800000000E502B
:106B8000000005FB000000BFF100001F7F7000083F
:106B9000F1BD0000DB15F3004FFFFFA00AF444AF86
:106BA00000FB0005F6EFFE700ED5AF50EB01F80EBE
:106BB000B07F50EFFFD10EC37FB0EB00CF0EB00C13
:106BC000E0ED69FA0EFFE900007DFC308FD9E41F8B
:106BD000D00106F700007F500007F500005F70004D
:106BE00001FD000008FDAE4007EFC3FFFD700FD6AA
:106BF000BF90FB00CF2FB006F6FB003F7FB004F73D
:106C0000FB006F5FB00CF0FD8DF70FFFD600FFFFAC
:106C1000C0FD8860FA0000FB2200FFFF20FC550049
:106C2000FA0000FA0000FD8880FFFFF0EFFFDEE8C9
:106C300086EC000EC000EE883EFFF7EC000EC000B0
:106C4000EC000EC000005DFE9007FEACD01FD1002E
:106C5000105F6000007F3058857F40BFFB5F6000A1
:106C6000DA1FC001F807FC9DF2007EFD50EC003FEA
:106C70007EC003F7EC003F7EC003F7EE88AF7EFFD7
:106C8000FFF7EC003F7EC003F7EC003F7EC003F748
:106C9000FBFBFBFBFBFBFBFBFBFB0007F40007F430
:106CA0000007F40007F40007F40007F40007F300FE
:106CB00007F2099EE00CFD30EC00AF3EC03F90ECC7
:106CC0000CE10EC6F500ECEB000EDFC000EC7F70AF
:106CD0000EC0DF20EC03FC0EC00AF6EC000EC00074
:106CE000EC000EC000EC000EC000EC000EC000EE88
:106CF000883EFFF780000007E60000AAEF3006FAA2
:106D0000EFE13FFAECFBEDEAEB6FF3EAEB0A60FA36
:106D1000EB0000FAEB0000FAEB0000FA80001F8E97
:106D20007001F8EF401F8EFE21F8ECFD2F8EA5FBC1
:106D3000F8EB08FF8EB00AF8EB000D8EB0001600DD
:106D40008EFC30009FA8EF201FB003FA05F6000D5F
:106D5000E07F4000BF07F4000BF05F6000DE01FC45
:106D6000003FA009FB8EF20008EFC300EFFD70EDBD
:106D70006CF6EC00FBEC00DDEC00FBEC28F6EFFF22
:106D8000A0ED4200EC0000EC0000008EFC30009F03
:106D9000A8EF201FB003FA05F6000DE07F4000BF0A
:106DA00007F4000BF05F6000DE01FC003FA009FB70
:106DB0008EF20008EFF30000005F60000000E800C2
:106DC0000000000000EFFD800ED6BF70EC00FB0E4F
:106DD000C00EC0EC02F90EE9EF20EEFF200EC8F65F
:106DE00000EC0DF20EC04FB004DFC400EE8C702F2B
:106DF000800001FD100007FF500006FF600001EF5A
:106E000000200AF03FA9FD009EFC20CFFFFF169D49
:106E1000F99000AF00000AF00000AF00000AF00097
:106E200000AF00000AF00000AF00000AF0002F8061
:106E300007F32F8007F32F8007F32F8007F32F80AE
:106E400007F32F8007F32F8007F30FB00AF10BFA37
:106E50009FC0019EEA100ED000AF109F200FB0031C
:106E6000F704F5000DD09F00008F2EA00002FAF469
:106E700000000CFE0000006F90000001F300000015
:106E80000900000FC0007005F60AF105D009F105F0
:106E9000F50AF30EC001F90FF82F7000CE5FCD6F29
:106EA00030007FCC5FDE00002FF60EF900000DF001
:106EB00009F4000008A003F0000003400080009FD8
:106EC000500EE01FC05F7009F2CF0002FBF8000017
:106ED000AFF10000CFF10004FBF8000BF1CF102F51
:106EE000A06F80AF400EE00ED000DE007F404F70FC
:106EF00000EB0AF10008F4F800001FFF1000008FFB
:106F000090000005F50000005F50000005F500004E
:106F1000005F50003FFFFF31778FD00006F6000082
:106F2000DF00004F90000BF20002FB00008F5000CA
:106F30000EF77726FFFFF49EE6AD10AC00AC00AC78
:106F400000AC00AC00AC00AC00AC00AC00AC00AFDE
:106F5000F71800000F50000B900006D00002F1005F
:106F600000E60000AA00005E00001F20000D700077
:106F700009B00004F00000F30000C800007C6EE9D6
:106F800001CA00CA00CA00CA00CA00CA00CA00CAB0
:106F900000CA00CA00CA6FFA00450000CE0001FF17
:106FA0003006EC800BA8D01F53F25F00E7AC00ACBA
:106FB0002FFFFFFFE0222222216C201E9006F119F4
:106FC000EFB10D89F80000EA05CEFB5F82EB6F663A
:106FD000FB1CE9CBF90000F90000F90000FACFA092
:106FE000FF8BF6FC01FAFA00FBFB00FAFF49F5F80B
:106FF000CF8002CFD30EE7B24F60006F40005F60DA
:10700000000EE7A303CFD300003F400003F40000CD
:107010003F405DF9F41FE7DF45F606F46F404F454A
:10702000F506F41FC4CF404EE7F402CFD300ED5D68
:10703000D05F508F16FFFFF25F622201FD57700391
:10704000CFE80004DF70DE750FA00DFFF35FC710FF
:10705000FA000FA000FA000FA000FA0005EE6F5131
:10706000FE7DF55F606F56F404F55F506F51FD6C67
:10707000F505EE6F500004F305A8EE007EFC30F835
:107080000000F80000F80000FACFA0FF7CF4FA043A
:10709000F6F903F6F903F6F903F6F903F61FB1D989
:1070A0000000FA0FA0FA0FA0FA0FA0FA1FB1D90042
:1070B00000F90F90F90F90F90F90F90F95F7AC10B8
:1070C000F80000F80000F80000F80CE1F87F40FA42
:1070D000F900FFF400F9ED00F85F80F80BF30F9072
:1070E000F90F90F90F90F90F90F90F90F90FACFA92
:1070F0005EE600FF5BFD4DF00FA05F608F10FA04AD
:10710000F608F10FA04F608F10FA04F608F10FA0F7
:107110004F608F100FACF900FE5BF30FA05F50FAC9
:1071200005F50FA05F50FA05F50FA05F5003CFD40F
:1071300001ED6DF15F605F66F403F85F605F61ED24
:107140006DF103CFD4000FADE900FF5AF60FB01F69
:10715000A0F900FB0FB01FA0FF7BF50FADF800F901
:1071600000000F900000F9000005EF8F51FE7DF543
:107170005F606F56F404F55F607F51FE7DF504EEAD
:107180008F500004F500004F500004F51F7DD1FF23
:10719000C71FA001F8001F8001F8001F800008EF42
:1071A000A05F96904FA10008FF70002CF23B6BF19E
:1071B0003DFE600000005B000BC00AFFF64EE720BA
:1071C000CC000CC000CC000BF7703EE81F808F1184
:1071D000F808F11F808F11F808F11F808F10FD4E05
:1071E000F106EDAF100EE00AF008F30FA002F84F21
:1071F0004000CD9E00006FE900000FF300000AE0A0
:1072000000CD02F707F17F16FB0BC03F5ADF0F706E
:107210000E8E6F6F3009DF1DDE0004FD08F90000DF
:10722000F904F5009F30FA01FA7F3009FEB0002F13
:10723000F40008FFB001F98F409F21FC000EE00A26
:10724000F008F30FA002F84F5000BC9F00005FEA67
:1072500000000FF400000BE000000F9000006F3002
:1072600000004600004FFFF5156FD0008F5001FD64
:107270000008F4001FE4419FFFF5007D704F4007B8
:10728000F0008F0008F000AC00AF4001CB0008F028
:10729000008F0007F0004F40006D80A3F5F5F5F575
:1072A000F5F5F5F5F5F5F5F5F57D70003F4000F7DE
:1072B000000F8000F8000CA0003FA00BC100E80008
:1072C0000F8000F8004F407D7000000000001CFDA2
:1072D00044C07C5CFF900000320000000000000011
:1072E000100000000016AFF00000037CFFFFF0006C
:1072F00006EFFFFFFFF0000BFFFFFEACF0000BFFFF
:10730000D83009F0000BF1000009F0000BE000009C
:1073100009F0000BE0000009F0000BE0003DFFF079
:10732000036CE000CFFFF0AFFFE0005FFF80DFFF06
:10733000D0000021002ADA2000000000809CCCCC84
:10734000CC408FDFB77777FEDFD0C700000D50DE6F
:107350008E700000DB8EE5DB77777F95ED1CEBBB55
:10736000BBF61DFCF700000DDCFD0C700000D50D18
:10737000FAE933333ECAFC3DFFFFFFF83C355205C6
:107380005555553FFFC6FFFFFFFFFFFC6FFFFFFF97
:10739000FCEE94EEEEEEEC3442044444443FFFC66F
:1073A000FFFFFFFFFFFC6FFFFFFFFCEE94EEEEEE32
:1073B000EC3442044444443FFFC6FFFFFFFFFFFCA0
:1073C0006FFFFFFFFDFFA4FFFFFFFD0000000000B7
:1073D0002910000000002EFC000000002EFF90503D
:1073E00000002EFF90AFC0002EFF900CFFC02EFFBC
:1073F00090001CFFCEFF9000001CFFFF90000000DB
:107400001CFF90000000000B900000000000000036
:1074100009F50006F8DFF506FFC2EFF9FFD102EF2C
:10742000FFD10008FFF70006FFFFF506FFE4EFF5C8
:10743000EFE102EFD4A10002B4000002500000000E
:107440000020BF40300001CF1BF47F8000BFD0BFC1
:1074500045FF404FE10BF407FD09F800BF400EF275
:10746000CF400BF400BF4BF4009E300BF49F800024
:107470000000FF23FF2000008FC00AFE40018FF4B0
:10748000000CFFEDFFF6000007EFFFC30000000057
:1074900012100000000000210000000000FFF300B7
:1074A0000000103FFF7011007FBFFFFFCEB01FFF35
:1074B000FFFFFFFF53FFFF825FFFF703FFC0007F67
:1074C000F8003FFA0006FF702CFFF401DFFE42FFD8
:1074D000FFFEFFFFF60AFFFFFFFFFD000507FFFAB3
:1074E000132000000FFF4000000000465000000085
:1074F0000000250036200000004FFC1AF6000000B6
:107500007FE9FECF600000AFC364FFF60001CFA3A8
:10751000EFA3DF9003EF75FFFFC3CFB0DF48FFFF9E
:10752000FFE39F7227FFFFFFFFF250009FFFCBEFAB
:10753000FF300009FFF107FFF300009FFF107FFFFE
:10754000300007FFE006FFF20000000454000000D6
:1075500000001FFF10000000002FFF2000000000AF
:107560002FFF20000000002FFF20000000478FFFAA
:10757000874000009FFFFFFF9000000AFFFFFA0016
:10758000000000AFFFA0000046663AFA366650FFE2
:10759000FFF454FFFFF2FFFFFFCFFFFFF2FFFFFFFB
:1075A000FFF3B8F29BBBBBBBBBBBA00008AAAAAA57
:1075B000A4000008FFFFFFFFF20003FB0000002F04
:1075C000D000DF100000006F808F6000000000BF5F
:1075D0003FFEEE40009EEEF9FFFFFC445FFFFFAF71
:1075E000FFFFFFFFFFFFFAFFFFFFFFFFFFFF9AFF15
:1075F000FFFFFFFFFFF500000010000790006DFF88
:10760000FB40CF00BFFDBDFFACF0BFD30003CFFFF9
:107610004FD10007AAFFF9F50000AFFFFF010000FE
:1076200000111110000000000000FFFFFA00004FE1
:107630009FFFAB70000DF4FFFB20003CFB0FCBFF66
:10764000CACFFC10FC05CFFFD70009700012100054
:1076500000000005200006F70116FF8FFFFFF8FF6E
:10766000FFFF8FFFFFF8FFFFFF8ACCEFF80002EF6C
:10767000800002E700000100000004200000006F0D
:1076800070000116FF8000EFFFFF82B1FFFFFF8057
:10769000C9FFFFFF809BFFFFFF82F3BDDFFF80106C
:1076A0000003EF800000003E7000000001000000B9
:1076B000000000000000000000000004C200000004
:1076C0000520000BE1000006F700B70CB00116FF23
:1076D0008005F52F3FFFFFF82C17D0B8FFFFFF8084
:1076E000BA2F18BFFFFFF809B1F27BFFFFFF82F34B
:1076F0005E0A9ACCEFF8002E80E40002EF800CA026
:107700008D000002E700107F3000000100004F40B4
:1077100000000000000010009FFFFFFFFFFF9FF927
:10772000BFFFFFFFFFF800DFFFFFFFFF800DFFF847
:10773000AFFFFF9BFFF800AFFFFF6DF80000CFFF2A
:10774000401700000AFFA000000000AFFDAAAAAA8F
:10775000AAADFAFFFFFFFFFFFA0000400000006F34
:107760005000000CFB000003FFF30000DFFFC0002F
:107770008FFFFF702FFFFFFF2AFFFFFFF9EFEFFFE3
:10778000FFDFB7FFFFFECE2DFFFFB5FC36FFF3078F
:10779000FFFFF600028972000640000242FA000371
:1077A000EF2FA004FFF2FA05FFFF2FA6FFFFF2FE66
:1077B000FFFFFF2FFFFFFFF2FCDFFFFF2FA1DFFF27
:1077C000F2FA01CFFF2FA000BFF2F900009C0000E9
:1077D000000000240000000000EFC300000000FFD4
:1077E000FF91000000FFFFFF700000FFFFFFFD4062
:1077F00000FFFFFFFFFA10FFFFFFFFFFF2FFFFFF99
:10780000FFFFF3FFFFFFFFFE50FFFFFFFF8000FFC2
:10781000FFFFB20000FFFFD4000000FFF7000000F0
:1078200000481000000000266610166630EFFFC00A
:10783000AFFFF1FFFFE0BFFFF2FFFFE0BFFFF2FF8E
:10784000FFE0BFFFF2FFFFE0BFFFF2FFFFE0BFFF7F
:10785000F2FFFFE0BFFFF2FFFFE0BFFFF2FFFFE03C
:10786000BFFFF2FFFFD0BFFFF2AFFF806EFFC02669
:107870006666666650EFFFFFFFFFF4FFFFFFFFFF46
:10788000F6FFFFFFFFFFF6FFFFFFFFFFF6FFFFFF23
:10789000FFFFF6FFFFFFFFFFF6FFFFFFFFFFF6FF13
:1078A000FFFFFFFFF6FFFFFFFFFFF6FFFFFFFFFFFA
:1078B000F5AFFFFFFFFFD10500000645FB0001FC0F
:1078C0006FFC101FC6FFFD11FC6FFFFD3FC6FFFFE1
:1078D000FFFC6FFFFFFFC6FFFFFAFC6FFFF71FC63D
:1078E000FFF601FC6FF5001FC3E40000FB00000081
:1078F0000000000000520000000000AFE2000000A5
:10790000009FFFD10000008FFFFFD100006FFFFF3D
:10791000FFC0005FFFFFFFFFB00EFFFFFFFFFF4054
:107920008EEEEEEEEEC102444444444400FFFFFFFD
:10793000FFFFF50FFFFFFFFFFF60CFFFFFFFFFE33C
:107940000000001000000BF20000BFF2000BFF303F
:1079500000BFF3000BFF30002FF9000006FF80008E
:10796000006FF8000006FF8000006FF4000005B013
:10797000010000001EC000001EFC000002EFC0005D
:10798000002EFC000002EFC000007FF40006FF7034
:10799000006FF70006FF70002FF700000A7000006C
:1079A00000001740000000008FE0000000008FE0A2
:1079B000000000008FE0000000008FE00000DFFF0B
:1079C000FFFFFFF3FFFFFFFFFFF53666BFF66650D0
:1079D00000008FE0000000008FE0000000008FE05A
:1079E000000000004D900000011111111100DFFF97
:1079F000FFFFFFF3FFFFFFFFFFF5355555555540DE
:107A000000005ACDC820000002DFD769FF900004B3
:107A1000FFA00102EFC102FFF102FC16FFB0CFFB95
:107A200005AFF91FFF6DFFB1FFFFB1FFF74FFE0B71
:107A3000FFF55FFC006FF908A51DFD20005EFB53FC
:107A40006EFB10000007CEFEA40000320000000014
:107A50000000000EF5000000000000003EF905AC3B
:107A6000DB710000001BFFFD76AFF700000008FF90
:107A700031304FFA00003204EFBFC09FF8000EF51E
:107A800002CFFF64FFF301FFF6009FF84FFF4006AF
:107A9000FFC0006FEBFFA00009FF60003EFFC000C9
:107AA0000007FFA4301BFB100000028DFF8008FEC2
:107AB0003000000000000004EF2000000000000083
:107AC000027000000001400000000000000DF800FE
:107AD00000000000007FFF200000000001FFFFA069
:107AE000000000000AFFFFF4000000003FF51AFD4F
:107AF00000000000CFF40AFF60000005FFF50AFF58
:107B0000E100000EFFF60BFFF900008FFFFD8FFF75
:107B1000FF2002FFFFF309FFFFB00AFFFFF71CFF82
:107B2000FFF40EFFFFFFFFFFFFF8049AAAAAAAAA1C
:107B3000AA9100000000017000000000003FA0EFCB
:107B4000FA0005FFFFAFFFF904FFFFFB113FA4FFA1
:107B500084FC000033FF9019000002EFA2017000C6
:107B600002EFA4F63FA0EFFFB05FFFFFAFFFC00042
:107B70006FFFFB1110000014FC0000000000190052
:107B800000000100000000005FA000000005FFFAF7
:107B90000000005FFAFFA00005FF903FFA004FF9D8
:107BA0000003FFA0BF9000003FF11500000003306C
:107BB0000100000000109F5000001DE18FF5000142
:107BC000DFD008FF501DFD10008FF6DFD100000848
:107BD000FFFD100000008FD1000000000510000024
:107BE000007D100000000000007FFD18FFFFFF80F7
:107BF000006FFFFD4AAAAAFB000CDAF7F400000EA2
:107C0000B000009F11000000EB000009F10000002F
:107C10000EB000009F100002E6EB9D0009F9999953
:107C20004DFFFFA0007FFFFFFB1DFFA00000000035
:107C300000001DA0000000000000000000006BCC50
:107C4000C70000000FFFFFF8222210FFFFFFFFFF19
:107C5000FFCFFFFFFFFFFFFFFFFFFFFFFFFFFFFF64
:107C6000FFFFFFFFFFFFFFFFFFFFFFFFFFFFFFFF24
:107C7000FFFFFFFFFFFFFFFFFAFFFFFFFFFFFA001D
:107C8000000030000000000008F800000000008F35
:107C9000FF8000000008FFFFF80000007FFFFFFFEB
:107CA000700000699FFF99600000002FFF20000016
:107CB00000002FFF20000000002FFF20000046667C
:107CC0002FFF266650FFFF46764FFFF2FFFFFCBCFA
:107CD000FFFFF2FFFFFFFFF3B8F29BBBBBBBBBBBD9
:107CE000A0000000000033000000000001FFFA00C7
:107CF00000000007FFFF000000000EFFFD00000075
:107D0000000CFFFA0000000000BFF60000000000B9
:107D1000BFF10000000006FF80000150004FFD0091
:107D200003AFF807FFF2000EFFFFEFFE30000BFF7E
:107D3000FFFFC2000008FFFFD500000002986200AC
:107D40000000000584000001008FFF6000AFF3EC2D
:107D50002EC01CFFA0DE9FD1DFFA003EFFFFFFA078
:107D600000002DFFFA0000001CFFF700002DFFFFB0
:107D7000FF6000CFAFD2EFF600FB0DD02EFF60BF4B
:107D8000EF8002EFF319C800001640000266661289
:107D900000000BFFFF3F40000CFFFF3FF2DF6CFFD6
:107DA000FF5331FF7CFFFFFFF6FF7CFFFFFFF6FF75
:107DB0007CFFFFFFF6FF7CFFFFFFF6FF7CFFFFFF6E
:107DC000F6FF7CFFFFFFF6FF7BFFFFFFF5FFC233EF
:107DD000333320FFFFFFFF20008AAAAAA900004931
:107DE0009999996000FFFFFFFFF800FA000001FF7A
:107DF00080FA000000EFF3FA000000EFF5FEAAAAF7
:107E0000AAFFF5FFFFFFFFFFF5FFFF804FFFF5FF24
:107E1000FF100CFFF5FFFF501EFFF5FFFFFBEFFF0C
:107E2000F59FFFFFFFFFD1CDDDDDDDDDD4EFFFFFEF
:107E3000FFFFF5000000000000000000000000BC93
:107E4000CCCCCCCCC3FFFFFFFFFFF500000000004F
:107E500000000000000000BCCCCCCCCCC3FFFFFF76
:107E6000FFFFF50000000000006BCCCCCCCCCB6F4A
:107E7000FFFFFFFFFFFF9FFFFFFFFFFF956FFFFF6C
:107E8000FFFF65F93DFFFFFD39FFFD39FFF93DFFBC
:107E9000FFFF65A46FFFFFFFFFB7BFFFFFFFFFFFFF
:107EA000FFFFFFFAFFFFFFFFFFFA00555520000319
:107EB000FFFF900005FFFF400008FFFF00000AFFE2
:107EC000FC44400CFFFFFFF00EFFFFFF800DFFFFA3
:107ED000FE0000008FF6000000BFC0000000FF3071
:107EE000000003FA00000007F1000000035000004A
:107EF000000000000000356EF7540000FFF98FFF0E
:107F00001000FFFFFFFF1000FFFA24440100FFF400
:107F1000EFFF3E20FFF4FFFF3FE2FFF4FFFF43319E
:107F2000FFF4FFFFFFF6FFF4FFFFFFF6FFF4FFFF94
:107F3000FFF62330FFFFFFF60000FFFFFFF6000013
:107F40007AAAAAA200000300000000001F7000002F
:107F50000007EFFA1000008FFFFFD00001FFFFFFC6
:107F6000F70004FFFFFFFB0007FFFFFFFD0009FF15
:107F7000FFFFFF000DFFFFFFFF307FFFFFFFFFD080
:107F8000EFFFFFFFFFF41333333333200000CFF252
:107F900000000000295000005AAAAAAAAAAAAA2FE3
:107FA000FFFFFFFFFFFFF9FA0D01B0D0A20FAFEB0B
:107FB000FBCFBFBECBFAFFE1981C1C15FFAFFD083D
:107FC00070B0B03FFAFFDFDDDDDDFDDFAFA0D00038
:107FD000000A20FAFEAFAAAAAAEBAF9AFFFFFFFFA2
:107FE000FFFFF50000000000004100000000000756
:107FF000EFD0000000018FFFFC00000029FFFFFF11
:10800000500003BFFFFFFFE0003CFFFFFFFFF70052
:108010000FFFFFFFFFFE00009EFFFFFFFF8000003D
:1080200000005FFFF10000000005FFF90000000004
:10803000005FFF200000000005FFA000000000001E
:108040004FF30000000000007600000034444310AD
:1080500000FFFFFB8A00FFFFFB8FA0FFFFFB7FF805
:10806000FFFFFC1111FFFFFFFFFCFFFFFFFFFCFF05
:10807000FFFFFFFCFFFFFFFFFCFFFFFFFFFCFFFF19
:10808000FFFFFCFFFFFFFFFCFFFFFFFFFCBDDDDD8F
:10809000DDD8000000355410000000006CFFFFFF29
:1080A000D8100004EFFFDBBCFFFF7008FFD6100004
:1080B000004BFFB0BF700013320005ED103006DF3B
:1080C000FFFE800110000BFFFCCEFFD2000000BEBF
:1080D000600004DE100000001003400010000000EB
:1080E0000004FF800000000000006FFA00000000A4
:1080F000000001AC30000000AFFFFFFFFFFFFFD228
:108100000FEAAAAAAAAAAACF90FA488888888865FE
:10811000FF1FA9FFFFFFFFFD1AF1FA9FFFFFFFFFFF
:10812000D1AF1FA599999999985FF1FD999999995E
:10813000999BFA0BFFFFFFFFFFFFFF3000000000DD
:108140000000000000AFFFFFFFFFFFFFD20FEAAA11
:10815000AAAAAAAACF90FA488888883005FF1FA942
:10816000FFFFFFF7001AF1FA9FFFFFFF7001AF1F3B
:10817000A599999994005FF1FD99999999999BFA1C
:108180000BFFFFFFFFFFFFFF3000000000000000BB
:108190000000AFFFFFFFFFFFFFD20FEAAAAAAAAAC3
:1081A000AACF90FA488888000005FF1FA9FFFFF0BA
:1081B00000001AF1FA9FFFFF000001AF1FA5999977
:1081C0009000005FF1FD99999999999BFA0BFFFF37
:1081D000FFFFFFFFFF30000000000000000000AFC5
:1081E000FFFFFFFFFFFFD20FEAAAAAAAAAAACF9019
:1081F000FA488500000005FF1FA9FFA00000001A33
:10820000F1FA9FFA00000001AF1FA599600000007D
:108210005FF1FD99999999999BFA0BFFFFFFFFFF79
:10822000FFFF30000000000000000000AFFFFFFF74
:10823000FFFFFFD20FEAAAAAAAAAAACF90FA0000CB
:1082400000000005FF1FA000000000001AF1FA0066
:108250000000000001AF1FA000000000005FF1FD62
:1082600099999999999BFA0BFFFFFFFFFFFFFF3048
:10827000000000000000000000000000005C500052
:108280000000000007EFFC000000000003D05C507D
:108290000000006400A50000001000BFF64E211190
:1082A0001117D30FFFECCEECCCCCEFE17FE3002D28
:1082B0000000068000100000970AA60000000000E1
:1082C00000CCFFA00000000000002FFA000000001A
:1082D0000000000000000000000110000001AFFFDE
:1082E000E80000DFF8CFF8007FFF81DFF10CFAF83B
:1082F00052DF60FF64783AF80FFF5008FFA1FFFFDC
:1083000012FFFA0FFF4115FFA0EF468848F80BFC5B
:10831000F842EF505FFF82EFF100AFFAEFF6000096
:108320005ADCA400000156630000788BFFFE8882AF
:10833000FFFFFFFFFFF51222222222203FFFFFFF57
:10834000FF903FFCFCFEDF903FD5F4EB7F903FD5E4
:10835000F4EB7F903FD5F4EB7F903FD5F4EB7F902B
:108360003FD5F4EB7F903FE6F5EC8F902FFFFFFFBA
:10837000FF80079AAAAAA9100000000000140000BC
:1083800000000003EFA0000000000CFFF900000057
:1083900003C3DFFF0000003EFD3DF5000003EFFFDB
:1083A000D35000003EFFFFF5000003EFFFFF600029
:1083B000003EFFFFF6000003EFFFFF6000000BFF31
:1083C000FFF60000000DFFFF600000000FFFF60049
:1083D0000000000886300000000000008BCCCCCCF0
:1083E000CCB60000AFFFFFFFFFFFF200BFFFF8BFFA
:1083F000F6EFFF40BFFFFF10A409FFF4AFFFFFFD42
:108400001007FFFF4DFFFFFFF400BFFFF41DFFFF4C
:10841000F40610BFFF401DFFFF47FD2BFFF4001DBA
:10842000FFFFFFFFFFFF30001CFFFFFFFFFFA0006B
:108430000899997000BFFFFFF80AD0D0D0EB9FD009
:10844000D0D0EBFFD1D1D1EBFFFFFFFFFBFFFFFF50
:10845000FFFBFFFFFFFFFBFFFFFFFFFBFFFFFFFF38
:10846000FBFFFFFFFFFBFFFFFFFFFBEFFFFFFFFA3D
:108470005CDDDDDDB2000000000000B000030000A4
:10848000000BF0009F1000000FF00AFF2111111FD8
:10849000F0AFFFFFFFFFFFF09FFFFFFFFFFFD008E0
:1084A000FF1000000000007F10000000000001002D
:1084B000000000006FFF95FFF85FFF84FFF74FFF9C
:1084C00074FFF63FFF63FFF62FFF52FFF52FFF41CA
:1084D000FFF41FFF30FFF30FFF3022200000006683
:1084E000611FFF31FFF31FFF31FFF36FFB004FFEF2
:1084F0006FFB003FFD5FFA003FFD4FFA002FFC4F7E
:10850000F9002FFC3FF9001FFB3FF8001FFB2FF87D
:10851000000FFA2FF7000FFA1FF7000EF900000FF7
:10852000F7002FF50000002FF6004FF40000004F79
:10853000F4006FF20000006FF2008FF00000008F77
:10854000F000AFE0000FFFFFFFFFFFFFFB0FFFFF9B
:10855000FFFFFFFFFB0333EFB334FFA3320000FF45
:108560008002FF60000001FF6003FF50000003FF76
:108570005005FF30000005FF3007FF10003449FFB1
:10858000544AFF4440CFFFFFFFFFFFFFF0CFFFFF44
:10859000FFFFFFFFF0000CFC000EFA0000000EFAD7
:1085A000000FF80000000FF8002FF60000002FF673
:1085B000004FF40000004FF4006FF2000000000ACA
:1085C000FFD0000000000AFFD0000000000AFFD02A
:1085D00000000008EFFFFF920001DFFFFFFFFF1028
:1085E00009FFFC646CFC000FFFC0000043001FFF8C
:1085F00090000000000FFFE1000000000AFFFE8372
:1086000000000002EFFFFFE81000002BFFFFFFF665
:1086100000000038EFFFFF7000000003CFFFF00004
:108620000000000BFFF30100000009FFF309D50073
:10863000002EFFF01FFFEBABFFFF7007FFFFFFFFF8
:10864000F70000059EFFF7100000000AFFD00000B1
:1086500000000AFFD00000006CFFD800000001FFFE
:10866000C000000AFFFFFFD000000AFF3000004FEB
:10867000FF65EFF700003FFA0000008FF9006FFC84
:108680000000BFF2000000AFF6004FFE0004FF80C4
:10869000000000BFF6004FFE000DFE100000008F2E
:1086A000F8006FFC006FF6000000003FFF54DFF899
:1086B00000EFD00000000009FFFFFFD108FF5000CD
:1086C000231000006CFFD9101FFC009FFFFB10005F
:1086D000000000009FF30BFFFFFFD000000000022E
:1086E000FFA03FFE21DFF7000000000BFF208FF905
:1086F000007FFB000000004FF900AFF7005FFE00B5
:10870000000000DFE100BFF6004FFE00000006FFA2
:108710007000AFF7005FFD0000000EFD00007FFA63
:10872000007FFB0000007FF500002FFF65EFF500E4
:108730000001FFC0000007FFFFFFC0000009FF307D
:108740000000005CFFD80000007CFFD81000000093
:1087500002DFFFFFFE20000000DFFE9AFFFC0000AA
:10876000005FFF2007FFF2000009FFA0002FFF308D
:1087700000009FFA0002FFF2000007FFF1007FFDFA
:108780000000001FFFA01EFF500000007FFF9DFFA4
:10879000A000000000AFFFFFA00000000008FFFFE6
:1087A000C0000200001CFFFFFF7000BD500CFFC1A5
:1087B000CFFF601FFF44FFF201DFFF5AFFE08FFF92
:1087C0000001DFFFFFF509FFF10001EFFFFA005F95
:1087D000FFB1004CFFFF5000DFFFFEFFFFFFFF3047
:1087E00002DFFFFFFFF9FFF600006BEFFC8106F5EB
:1087F000000000000000000100006FFB6FFB5FFA4B
:108800004FFA4FF93FF93FF82FF82FF71FF7000005
:10881000000780000002DFF400002EFF400000DFB0
:10882000F6000008FFB000002FFF3000009FFC00A2
:108830000000FFF6000005FFF1000009FFE0000066
:108840000DFFB000000FFF9000001FFF8000002F01
:10885000FF8000002FFF7000002FFF8000000FFF3F
:108860009000000EFFA000000CFFC0000008FFF009
:10887000000003FFF3000000DFF80000005FFE00CF
:1088800000000DFF80000003FFF30000007FFD10DB
:10889000000008FFD10000005EF300000000200788
:1088A000500000005FFB10000006FFD00000007FBA
:1088B000FB0000000CFF60000004FFE1000000DF8F
:1088C000F70000007FFE0000002FFF4000000FFFB8
:1088D0008000000CFFC000000AFFF0000009FFF15B
:1088E000000008FFF1000008FFF2000008FFF1009F
:1088F0000009FFF000000AFFE000000CFFC00000CC
:108900000FFF8000003FFF3000008FFD000000EFF0
:10891000F6000007FFD000002FFF400001DFF80045
:10892000001CFF9000004FF7000000042000000032
:1089300000004FF90000000003FF80000001002F3D
:10894000F7000105F921FF617DA0AFFFCFFCFFFF1C
:1089500007DFFFFFFFFFB20027FFFFA40000007F3B
:10896000FFFB0000004FFD8FF900002FFF30DFF606
:108970000005FF9004FFA00002C100096000000094
:1089800004BB8000000000005FFC00000000000548
:10899000FFC000000000005FFC000000000005FFB9
:1089A000C000000000005FFC000000AEEEEEFFFE25
:1089B000EEEE5CFFFFFFFFFFFFF6CFFFFFFFFFFFC5
:1089C000FF6000005FFC000000000005FFC0000029
:1089D0000000005FFC000000000005FFC000000078
:1089E00000005FFC000000000005FFC00000000167
:1089F00022207FFC07FFC07FFC08FFA08FF909FF42
:108A000070AFF40BFF10EFB00EEEEEEEEE30FFFFA6
:108A1000FFFFF30FFFFFFFFF3036649FFC9FFC9FBB
:108A2000FC9FFC000000000FFD000000004FF8005C
:108A30000000009FF400000000DFF000000002FFD3
:108A4000B000000006FF600000000BFF20000000E7
:108A50000FFD000000003FF9000000008FF500004E
:108A60000000CFF000000001FFC000000005FF7013
:108A70000000000AFF300000000EFE000000003F72
:108A8000FA000000007FF500000000CFF1000000B8
:108A900000FFC000000005FF8000000009FF30005B
:108AA00000000DFF000000002FFA000000006FF62C
:108AB00000000000BFF200000000FFD00000000432
:108AC000FF9000000008FF400000000DFF000000C4
:108AD000001FFB000000006FF70000000000007C9A
:108AE000EFEB50000002DFFFFFFFC10001EFFFFFCF
:108AF000FFFFC000AFFFD415EFFF701FFFF20004AF
:108B0000FFFE06FFFA00000DFFF3AFFF6000009FBD
:108B1000FF7CFFF4000006FFF9EFFF2000005FFF7D
:108B2000BEFFF1000004FFFCEFFF2000004FFFCE6E
:108B3000FFF2000005FFFBCFFF4000006FFF9AFF30
:108B4000F7000009FFF76FFFB00000DFFF31FFFF04
:108B500020005FFFE00AFFFE526FFFF7001EFFFFDD
:108B6000FFFFFC00003EFFFFFFFC10000007CEFEF1
:108B7000B60000000000018719FF86FFF86FFF862E
:108B8000FFF86FFF86FFF86FFF86FFF86FFF86FF25
:108B9000F86FFF86FFF86FFF86FFF86FFF86FFF81C
:108BA0006FFF86FFF86FFF86FFF800017CEFEA5049
:108BB00000006FFFFFFFFC1007FFFFFFFFFFC02F4C
:108BC000FFF9549FFFF59FFF400007FFF98FFA0060
:108BD0000001FFFB0173000001FFFA000000000527
:108BE000FFF7000000001DFFF100000002DFFF7032
:108BF0000000008FFFF90000004DFFFF700000092A
:108C0000FFFFC2000000AFFFE600000007FFFC10FE
:108C10000000000EFFD0000000003FFFA555555595
:108C2000545FFFFFFFFFFFFD5FFFFFFFFFFFFD3F03
:108C3000FFFFFFFFFFFD0049DEFED940003DFFFFC3
:108C4000FFFFFB009FFFFFFFFFFF901FFB7668DF2A
:108C5000FFF0041000001FFFF1000000001FFFE004
:108C600000000003CFFF700000EEFFFFFA000000DD
:108C7000FFFFFF90000000FFFFFFFE200000001438
:108C8000CFFFD0000000000CFFF50000000007FF40
:108C9000F90000000007FFFA000000000BFFF80BCE
:108CA0005000004FFFF52FFD867AFFFFE08FFFFF9A
:108CB000FFFFFF306FFFFFFFFFD300016BEFFDB53C
:108CC000000000000000DFFFFF80000000004FFFF9
:108CD000FFF8000000000CFFCFFF8000000004FF41
:108CE000F6FFF800000000BFFE0FFF800000003F0D
:108CF000FF80FFF80000000AFFF20FFF8000000273
:108D0000FFFB00FFF8000000AFFF400FFF800000F6
:108D10002FFFD000FFF8000009FFF6001FFF8000C2
:108D200001FFFE0001FFF800008FFF60001FFF80C1
:108D3000001FFFFEDDDDFFFEDD07FFFFFFFFFFFF82
:108D4000FFF0EFFFFFFFFFFFFFFF00000000004FFD
:108D5000FF80000000000004FFF800000000000099
:108D60004FFF80000000000004FFF80007FFFFFF36
:108D7000FFFFC007FFFFFFFFFFC008FFFFFFFFFF70
:108D8000C008FFD11111111009FFC0000000000A36
:108D9000FFA0000000000AFFDBDDC930000BFFFF71
:108DA000FFFFF8000BFFFFFFFFFF7009730026EFC6
:108DB000FFF1000000002EFFF60000000008FFF8A1
:108DC0000000000005FFF90000000005FFF80000AA
:108DD000000008FFF6050000002FFFF10FD7434801
:108DE000FFFF905FFFFFFFFFFC008FFFFFFFFFA172
:108DF00000049CEFED9300000000017CEFFD920069
:108E000000006FFFFFFFFF300008FFFFFFFFFD00C6
:108E1000005FFFFB5346A40000EFFF50000000007E
:108E200007FFF700000000000CFFE028DFEC500017
:108E30000FFFA5FFFFFFFB003FFFBFFFFFFFFFA0EE
:108E40004FFFFFD5017FFFF34FFFFD000009FFF843
:108E50004FFFF4000003FFFB2FFFF0000001FFFDB8
:108E60000FFFF1000001FFFB0CFFF5000004FFF90C
:108E700006FFFD00000CFFF400DFFFC313BFFFD0AF
:108E8000003FFFFFFFFFFF300004EFFFFFFFE300A5
:108E9000000006BEFEB60000BFFFFFFFFFFFF6BFEB
:108EA000FFFFFFFFFFF1BFFFFFFFFFFFB057777727
:108EB00077AFFF6000000000AFFF1000000000FF70
:108EC000FC0000000005FFF7000000000BFFF100B0
:108ED0000000001FFFC0000000006FFF70000000D6
:108EE00000CFFF2000000001FFFC0000000007FF92
:108EF000F7000000000DFFF2000000002FFFD0007F
:108F00000000008FFF7000000000DFFF2000000065
:108F100003FFFD0000000009FFF8000000000EFF45
:108F2000F300000000017BEFFEB71000005FFFFFC1
:108F3000FFFFF50003FFFFECCEFFFF2009FFF90064
:108F4000009FFF900BFFF200003FFFA009FFF4001D
:108F5000004FFF8003FFFD3002DFFF20006FFFFFA7
:108F6000EFFFF4000004FFFFFFFF3000008FFFFF62
:108F7000FFFFF80009FFFD5115EFFF803FFFF100F3
:108F8000002FFFF28FFFA000000BFFF79FFF800074
:108F9000000AFFF99FFFA000000BFFF86FFFE10040
:108FA000001FFFF51EFFFC3004DFFFE005FFFFFFA1
:108FB000FFFFFF40004EFFFFFFFFD40000006ADF0D
:108FC000FDA50000000049DEFD930000001BFFFF2F
:108FD000FFFF900001DFFFFFFFFFFA0009FFFE61C6
:108FE00004DFFF600FFFF100001EFFE03FFFA00065
:108FF0000009FFF44FFFA0000008FFF82FFFE0007A
:10900000001EFFFB0DFFFC3016EFFFFC05FFFFFF0E
:10901000FFFBFFFD007FFFFFFFC2FFFC0003ADFE73
:10902000C602FFFB000000000006FFF80000000081
:10903000000BFFF500000000004FFFE00003000000
:1090400003FFFF80000EC756AFFFFD00007FFFFF4C
:10905000FFFFE20000BFFFFFFFFC10000006BEFFA5
:10906000DA40000036649FFC9FFC9FFC9FFC0000E0
:109070000000000000000000000036649FFC9FFC20
:109080009FFC9FFC09FFC09FFC09FFC09FFC03667B
:10909000400000000000000000000000000122204D
:1090A0007FFC07FFC07FFC08FFA08FF909FF70AFAE
:1090B000F40BFF10EFB000000000005100000000B2
:1090C0002BF100000007FFF1000003DFFFE10001CA
:1090D0009FFFF800006EFFFC30002CFFFF600000D7
:1090E000BFFFA1000000BFFC100000009FFFE600D2
:1090F000000006EFFFC20000001AFFFF8000000022
:109100004DFFFE500000007FFFF100000002BFF1A4
:109110000000000005E10000000000104EEEEEEE41
:10912000EEEEE4FFFFFFFFFFFF4FFFFFFFFFFFF04B
:10913000000000000000000000000000000000002F
:10914000000000000000000000000000000000001F
:109150004EEEEEEEEEEEE4FFFFFFFFFFFF4FFFFFF0
:10916000FFFFFFF0500000000000BE5000000000B4
:10917000BFFB200000008FFFF700000004EFFFD4CA
:1091800000000008FFFFA10000002CFFFE600000AF
:10919000006EFFF100000007FFF1000002CFFFF1B9
:1091A00000008FFFFA10004DFFFD40001AFFFF8006
:1091B0000000AFFFC2000000BFE600000000A910E1
:1091C000000000001000000000000006BEFEC810F5
:1091D000003DFFFFFFFF401FFFFFFFFFFF10AFFB42
:1091E000648FFFF700D700006FFFA001000001FFB0
:1091F000FB000000002FFF800000000BFFE10000DB
:10920000001BFFF40000002EFFD20000000EFFD173
:1092100000000006FFF3000000009FFC00000000BB
:1092200009FFA0000000007FF8000000000000001F
:109230000000000000000000000002664000000086
:10924000007FFD0000000007FFD0000000007FFD50
:109250000000000007FFD00000000000027BEFFDCF
:10926000B600000000001AFFFFEEFFFE50000000F5
:109270003EFE8200004AFF8000003FFC100000001C
:1092800005FF40000DFA000000000008FD0008FE88
:109290000004CFFB3CC40FF300FF4005FFFFFFFFBE
:1092A00020BF706FD002FFE305FFE008F90AF70066
:1092B000AFF3000DFB007F90EF300FFC0000FF705C
:1092C00008F90FF104FF70004FF4009F71FF006F69
:1092D000F50009FF000CF51FF007FF5001FFD0005B
:1092E000FF11FF106FF800AFFB006FB00FF302FF2C
:1092F000E6AFFFC04FF200CF700BFFFF78FFFFF526
:109300000007FE001BFC400BFEA300001FF800003E
:10931000000000000000006FF800000000000000E6
:1093200000008FFD61000037D6000000005EFFFFE7
:10933000DEFFFF9000000000049CEFFEB83000004C
:10934000000000002900000000000000009F000055
:10935000000000000000FF6000000000000007FFA8
:10936000D00000000000000DFFF40000000000002D
:109370004FFFFB000000000000BFFFFF20000000C7
:109380000002FFFDFF900000000009FFD7FFF00082
:109390000000000FFF71FFF6000000006FFF10AF2C
:1093A000FD00000000DFFB004FFF40000004FFF560
:1093B000000DFFB000000BFFE00007FFF200002FE0
:1093C000FFFDDDDEFFF900009FFFFFFFFFFFFF0055
:1093D00000FFFFFFFFFFFFFF6006FFF70000000E2A
:1093E000FFD00DFFF100000009FFF44FFFB00000B7
:1093F0000003FFFB9FFFFFFEB600009FFFFFFFFF84
:10940000E3009FFFEEFFFFFE009FFF1003CFFF6012
:109410009FFF10002FFF909FFF10000FFF909FFFF6
:1094200010003FFF609FFF1003DFFE009FFFFFFF64
:10943000FFD3009FFFFFFFFFD6009FFFCBCEFFFFB4
:10944000809FFF10004EFFF29FFF100006FFF79F66
:10945000FF100003FFF99FFF100003FFF99FFF10AB
:109460000007FFF79FFF10017FFFF29FFFFFFFFF45
:10947000FF909FFFFFFFFFF9009FFFFFFEC8200046
:10948000000006BEFFD8200005EFFFFFFFF6006FCB
:10949000FFFFFFFFF603FFFFF966AFD00CFFFD10E3
:1094A0000003403FFFF2000000008FFFA00000001B
:1094B00000BFFF5000000000DFFF3000000000EFA1
:1094C000FF2000000000EFFF2000000000DFFF3061
:1094D00000000000BFFF70000000007FFFB0000030
:1094E00000002FFFF3000000000BFFFD1000012023
:1094F00003FFFFE867AFC0006FFFFFFFFFF6000547
:10950000FFFFFFFFF6000017CFFEC810AFFFFFED13
:10951000A500000AFFFFFFFFFD4000AFFFFFFFFFB8
:10952000FF500AFFF1004CFFFF20AFFF10000AFFC1
:10953000FB0AFFF100001EFFF1AFFF1000009FFFCC
:109540005AFFF1000004FFF9AFFF1000001FFFAA4F
:10955000FFF1000000FFFBAFFF1000001FFFBAFF8C
:10956000F1000002FFFAAFFF1000006FFF7AFFF179
:1095700000000AFFF4AFFF100003FFFE0AFFF10036
:1095800002EFFF70AFFF4459FFFFD00AFFFFFFFF5C
:10959000FFE200AFFFFFFFFFB1000AFFFFFFD9406E
:1095A0000000AFFFFFFFFFE0AFFFFFFFFFE0AFFFF7
:1095B000FFFFFFE0AFFF33333320AFFF00000000B9
:1095C000AFFF00000000AFFF00000000AFFF22224D
:1095D0002000AFFFFFFFF700AFFFFFFFF700AFFF77
:1095E000FFFFF700AFFF00000000AFFF000000002A
:1095F000AFFF00000000AFFF00000000AFFF000061
:109600000000AFFF55555552AFFFFFFFFFF7AFFF0B
:10961000FFFFFFF7AFFFFFFFFFF79FFFFFFFFFF920
:10962000FFFFFFFFFF9FFFFFFFFFF9FFF53333331E
:109630009FFF20000009FFF20000009FFF200000B4
:1096400009FFF20000009FFFFFFFFF29FFFFFFFF60
:10965000F29FFFFFFFFF29FFF64444409FFF2000D9
:109660000009FFF20000009FFF20000009FFF20048
:1096700000009FFF20000009FFF20000009FFF2074
:10968000000009FFF2000000000004ADFFEC8200C2
:1096900000001CFFFFFFFFF700003EFFFFFFFFFF82
:1096A00080001EFFFFC879CFF1000AFFFF400000D5
:1096B000360002FFFF3000000000007FFFA0000026
:1096C0000000000BFFF4000000000000DFFF1000AE
:1096D000133333330EFFF00007FFFFFFF2EFFF00FD
:1096E000007FFFFFFF3DFFF10007FFFFFFF4AFFF2B
:1096F000400000004FFF37FFF900000005FFF22F88
:10970000FFF10000008FFF00AFFFC000002FFFA09F
:1097100002FFFFE7559FFFF40005FFFFFFFFFFFA81
:10972000000004EFFFFFFFFB000000006BEFED9473
:1097300000009FFF2000002FFF99FFF2000002FFB2
:10974000F99FFF2000002FFF99FFF2000002FFF9B0
:109750009FFF2000002FFF99FFF2000002FFF99FFA
:10976000FF2000002FFF99FFF2000002FFF99FFF8A
:10977000FFFFFFFFFF99FFFFFFFFFFFFF99FFFFFC5
:10978000FFFFFFFF99FFF5333335FFF99FFF2000FF
:10979000002FFF99FFF2000002FFF99FFF20000059
:1097A0002FFF99FFF2000002FFF99FFF2000002F1A
:1097B000FF99FFF2000002FFF99FFF2000002FFF3A
:1097C00099FFF2000002FFF9AFFF1AFFF1AFFF1A95
:1097D000FFF1AFFF1AFFF1AFFF1AFFF1AFFF1AFF62
:1097E000F1AFFF1AFFF1AFFF1AFFF1AFFF1AFFF160
:1097F000AFFF1AFFF1AFFF1AFFF10000004FFF703B
:10980000000004FFF70000004FFF70000004FFF7A6
:109810000000004FFF70000004FFF70000004FFF42
:1098200070000004FFF70000004FFF70000004FF0D
:10983000F70000004FFF70000004FFF70000004F2A
:10984000FF70000004FFF70000005FFF60010008E8
:10985000FFF402E647FFFF109FFFFFFF900EFFFFA0
:10986000FFC0006BEFEC60009FFF200000CFFF7097
:109870009FFF200006FFFC009FFF20001FFFF2005B
:109880009FFF2000BFFF60009FFF2005FFFB00003F
:109890009FFF201EFFE100009FFF20AFFF40000060
:1098A0009FFF24FFF90000009FFF2EFFD000000063
:1098B0009FFFBFFF300000009FFFEFFF5000000040
:1098C0009FFF4FFFF20000009FFF27FFFC000000FA
:1098D0009FFF20CFFF8000009FFF202FFFF400009C
:1098E0009FFF2006FFFE10009FFF2000BFFFB0007B
:1098F0009FFF20001FFFF7009FFF200006FFFF30A3
:109900009FFF200000BFFFD09FFF20000009FFF253
:109910000000009FFF20000009FFF20000009FFFF1
:1099200020000009FFF20000009FFF20000009FF57
:10993000F20000009FFF20000009FFF20000009FDE
:10994000FF20000009FFF20000009FFF2000000937
:10995000FFF20000009FFF20000009FFF20000005E
:109960009FFF53333309FFFFFFFFF29FFFFFFFFF0E
:1099700029FFFFFFFFF28300000000000000659E4A
:1099800010000000000004F59FD100000000002F2F
:10999000F59FFB0000000001EFF59FFFA000000015
:1099A0000DFFF59FFFF8000000BFFFF59FFFFF6070
:1099B0000009FFFFF59FFFFFF4007FFFFFF59FFE0B
:1099C000EFFF35FFFDFFF59FFE4FFFEFFFE4FFF5D3
:1099D0009FFF07FFFFFF33FFF59FFF009FFFF5038A
:1099E000FFF59FFF000BFF7004FFF59FFF0000C90C
:1099F0000004FFF59FFF0000100004FFF59FFF002B
:109A000000000004FFF59FFF0000000004FFF59F29
:109A1000FF0000000004FFF59FFF0000000004FFAE
:109A2000F59FFF0000000004FFF583000000000D1B
:109A3000FFB9E200000000DFFB9FE10000000DFF26
:109A4000B9FFC0000000DFFB9FFFB000000DFFB9B1
:109A5000FFFFA00000DFFB9FFFFF80000DFFB9FFAD
:109A6000FFFF6000DFFB9FFEEFFF500DFFB9FFE33C
:109A7000FFFF30DFFB9FFF04FFFE2CFFB9FFF00666
:109A8000FFFDCFFB9FFF0007FFFFFFB9FFF00008BE
:109A9000FFFFFB9FFF000009FFFFB9FFF000000A76
:109AA000FFFB9FFF0000000BFFB9FFF00000000C60
:109AB000FB9FFF000000001DB9FFF0000000002A1E
:109AC000000018CEFEC8200000006FFFFFFFFF70EF
:109AD00000007FFFFFFFFFFF90004FFFF93139FFCC
:109AE000FF500CFFF7000006FFFD02FFFD00000025
:109AF0000CFFF37FFF700000005FFF8AFFF30000A0
:109B00000001FFFBCFFF100000000FFFDDFFF000A2
:109B1000000000EFFEDFFF000000000FFFEBFFF191
:109B200000000000FFFDAFFF400000002FFFB7FF67
:109B3000F800000007FFF82FFFE0000000DFFF3013
:109B4000CFFF9000009FFFD003FFFFB534BFFFF4AD
:109B50000007FFFFFFFFFFF8000006FFFFFFFFF712
:109B6000000000017CEFFC8100009FFFFFFEB600BB
:109B7000009FFFFFFFFFE4009FFFFFFFFFFF209F0D
:109B8000FF2004CFFFB09FFF20001EFFF09FFF20AB
:109B90000009FFF39FFF200007FFF49FFF2000084C
:109BA000FFF39FFF20000BFFF19FFF20002FFFC05E
:109BB0009FFF2015EFFF609FFFFFFFFFFB009FFF50
:109BC000FFFFFFB0009FFFFFFFB500009FFF3100C8
:109BD0000000009FFF20000000009FFF2000000009
:109BE000009FFF20000000009FFF20000000009F5A
:109BF000FF2000000000000018CEFEC8200000007A
:109C00006FFFFFFFFF7000007FFFFFFFFFFF90006F
:109C10004FFFF93139FFFF500CFFF7000006FFFD41
:109C200002FFFD0000000CFFF37FFF700000005FEB
:109C3000FF8AFFF300000001FFFBCFFF10000000D0
:109C40000FFFDDFFF000000000EFFEDFFF0000006F
:109C5000000FFFEBFFF100000000FFFDAFFF400031
:109C600000002FFFB7FFF800000007FFF82FFFE00C
:109C7000000000DFFF30CFFF9000009FFFD003FF08
:109C8000FFB534BFFFF40007FFFFFFFFFFF8000040
:109C900006FFFFFFFFF6000000017CEFFFF600006B
:109CA000000000000EFFE00000000000007FFF80C9
:109CB000000000000000EFFF20000000000008FE90
:109CC00060000000000000170000009FFFFFFEB7CB
:109CD00010009FFFFFFFFFF5009FFFFFFFFFFF301A
:109CE0009FFF2003CFFFB09FFF20000EFFF09FFFDC
:109CF000200009FFF29FFF200007FFF39FFF2000D5
:109D000008FFF29FFF20000CFFF09FFF20005FFF85
:109D1000909FFF2027FFFF209FFFFFFFFFF5009F81
:109D2000FFFFFFFB30009FFF7FFFD000009FFF2A57
:109D3000FFFA00009FFF20DFFF60009FFF203FFF32
:109D4000F3009FFF2007FFFD009FFF2000CFFFA033
:109D50009FFF20001EFFF60004AEFEC810000AFFA1
:109D6000FFFFFF6007FFFFFFFFF900EFFF8227FE05
:109D7000102FFFB000025003FFF9000000001FFF8A
:109D8000E100000000BFFFD200000002EFFFF8007A
:109D9000000003EFFFFE500000009FFFFF90000057
:109DA000003CFFFF9000000007FFFF2000000008BC
:109DB000FFF7000000003FFF8088000007FFF71F4B
:109DC000FE7338FFFF48FFFFFFFFFFC01AFFFFFFD2
:109DD000FFD100039CFFEB60007FFFFFFFFFFFF957
:109DE0007FFFFFFFFFFFF97FFFFFFFFFFFF9255513
:109DF0005DFFF5555200000DFFF0000000000DFF63
:109E0000F0000000000DFFF0000000000DFFF0006A
:109E10000000000DFFF0000000000DFFF00000004A
:109E2000000DFFF0000000000DFFF0000000000D2D
:109E3000FFF0000000000DFFF0000000000DFFF03B
:109E4000000000000DFFF0000000000DFFF000001A
:109E500000000DFFF0000000000DFFF0000000000A
:109E60000DFFF000001FFFB000000AFFF11FFFB060
:109E700000000AFFF11FFFB000000AFFF11FFFB052
:109E800000000AFFF11FFFB000000AFFF11FFFB042
:109E900000000AFFF11FFFB000000AFFF11FFFB032
:109EA00000000AFFF11FFFB000000AFFF11FFFB022
:109EB00000000AFFF11FFFB000000AFFF11FFFB012
:109EC00000000AFFF11FFFB000000AFFF10FFFB012
:109ED00000000BFFF00FFFE000000DFFF00BFFF59F
:109EE00000004FFFB006FFFF9448FFFF6000CFFF68
:109EF000FFFFFFFC00001BFFFFFFFFC10000004A47
:109F0000DFFEB500001FFFE00000000EFFF00BFFBA
:109F1000F40000004FFF9004FFFA000000AFFF3094
:109F200000EFFF000000FFFC00007FFF600005FF66
:109F3000F600001FFFB0000BFFF000000AFFF10069
:109F40001FFF90000004FFF7006FFF30000000DFEC
:109F5000FD00CFFC000000007FFF21FFF6000000A5
:109F6000001FFF86FFF0000000000AFFDCFF9000EA
:109F700000000004FFFFFF300000000000DFFFFCD6
:109F80000000000000007FFFF60000000000001F3E
:109F9000FFF00000000000000AFF90000000000039
:109FA0000004FF3000000000000000DC00000000A2
:109FB0000000000076000000002FFFD0000000B27B
:109FC0000000009FFF50CFFF2000001F8000000E08
:109FD000FFF007FFF7000007FD000002FFFA001F77
:109FE000FFC00000DFF300007FFF5000CFFF100034
:109FF0003FFF90000CFFF00007FFF60008FFFF0096
:10A0000000FFFA00001FFFB000EFFFF5005FFF50F8
:10A010000000CFFF004FFFFFB009FFF0000006FF78
:10A02000F40AFFEFFF10EFFA0000001FFF90FFF4AB
:10A03000FFF73FFF50000000BFFE6FFD09FFD7FF95
:10A04000F000000006FFFEFF602FFFEFFA000000A7
:10A05000001FFFFFF000CFFFFF5000000000BFFF18
:10A06000F90005FFFFF00000000006FFFF30000EC2
:10A07000FFFA00000000001FFFC000008FFF50002B
:10A0800000000000BFF6000001FFF000000000002B
:10A0900006FE0000000AFA0000000000001F900009
:10A0A00000004F50000000000000B200000000C09F
:10A0B0000000005FFFE0000007FFFC00CFFF600032
:10A0C00000EFFF3004FFFE00006FFFB0000BFFF554
:10A0D000000DFFF200003FFFD004FFFA000000AFC8
:10A0E000FF40BFFF20000002FFFC3FFF9000000088
:10A0F00009FFFDFFF1000000001FFFFFF800000056
:10A1000000008FFFFF10000000000CFFFFE00000C8
:10A11000000005FFFFFF8000000000DFFEDFFF10F2
:10A120000000005FFF85FFF90000000DFFF10DFF4B
:10A13000F2000006FFFA006FFFB00000DFFF200012
:10A14000EFFF30006FFFB00007FFFC000EFFF400D0
:10A15000001FFFF507FFFD0000008FFFD02FFFE07D
:10A160000000004FFFC00AFFF6000000BFFF3002F2
:10A17000FFFD000003FFFB00009FFF50000AFFF3FC
:10A1800000001FFFD0002FFFA0000007FFF5009F79
:10A19000FF20000000EFFD01FFFA000000006FFF4C
:10A1A00058FFF2000000000DFFDFFF9000000000EC
:10A1B00005FFFFFF100000000000DFFFF8000000B7
:10A1C0000000004FFFF10000000000001FFFA00092
:10A1D00000000000001FFFA00000000000001FFFA3
:10A1E000A00000000000001FFFA000000000000011
:10A1F0001FFFA00000000000001FFFA000000000E3
:10A2000000001FFFA00000000000001FFFA00000D2
:10A210000002FFFFFFFFFFFF202FFFFFFFFFFFA058
:10A2200002FFFFFFFFFFF30002222226FFFB0000D8
:10A23000000000BFFF40000000003FFFC000000022
:10A24000000AFFF50000000002FFFD000000000012
:10A25000AFFF50000000001FFFE00000000009FFFA
:10A26000F60000000001FFFE00000000008FFF70FC
:10A27000000000001FFFF10000000007FFF80000D1
:10A28000000000EFFF10000000007FFFB22222223A
:10A29000000EFFFFFFFFFFF006FFFFFFFFFFFF00C5
:10A2A000DFFFFFFFFFFFF0FFFFFFEFFFFFFEFFF508
:10A2B000222FFF3000FFF3000FFF3000FFF3000FED
:10A2C000FF3000FFF3000FFF3000FFF3000FFF30FF
:10A2D00000FFF3000FFF3000FFF3000FFF3000FF1F
:10A2E000F3000FFF3000FFF3000FFF3000FFF3001B
:10A2F0000FFF3000FFF3000FFF3000FFF3000FFFF0
:10A300005222FFFFFFEFFFFFFE6FF7000000001F6C
:10A31000FB000000000DFF0000000008FF400000EF
:10A320000004FF9000000000FFD000000000BFF21A
:10A33000000000006FF6000000002FFA000000008F
:10A340000DFF0000000009FF3000000005FF800045
:10A35000000000FFC000000000CFF1000000007FFF
:10A36000F5000000003FFA000000000EFE000000B3
:10A37000000AFF3000000005FF7000000001FFC070
:10A3800000000000CFF0000000008FF5000000008A
:10A390003FF9000000000FFD000000000BFF20004F
:10A3A000000006FF6000000002FFB000000000DFB8
:10A3B000F0000000009FF4000000004FF8000000D3
:10A3C000000FFDBFFFFFF2BFFFFFF21223FFF200FD
:10A3D00000FFF20000FFF20000FFF20000FFF200B9
:10A3E00000FFF20000FFF20000FFF20000FFF200A9
:10A3F00000FFF20000FFF20000FFF20000FFF20099
:10A4000000FFF20000FFF20000FFF20000FFF20088
:10A4100000FFF20000FFF20000FFF20000FFF20078
:10A4200000FFF20000FFF21222FFF2BFFFFFF2BFB7
:10A43000FFFFF20000038700000000000AFF400059
:10A440000000000FFF90000000005FFFE000000030
:10A4500000AFFFF400000000EFFFF900000004FF70
:10A46000BFFE00000009FF5CFF3000000EFF17FF79
:10A470008000003FFC02FFD000009FF700EFF300D8
:10A4800000EFF3009FF80003FFE0004FFD0008FF1E
:10A4900090000FFF200DFF50000BFF702FFF0000FA
:10A4A00007FFC07FFB000002FFF114444444444412
:10A4B00044444435FFFFFFFFFFFFFFFFFC5FFFFF4A
:10A4C000FFFFFFFFFFFFC02EFFB00008FFF30000FB
:10A4D000EFFB00005FFF20000BFFA00002FFF20077
:10A4E00049DFFEA4002DFFFFFFFF700FFFFFFFFFFE
:10A4F000F209D6313BFFF701000000FFF900000030
:10A5000000DFFA00049CEFFFFA03DFFFFFFFFA2FE2
:10A51000FFE954EFFAAFFE1000DFFADFFB0001EFB6
:10A52000FACFFF101CFFFA9FFFFDFFEFFA1EFFFF9F
:10A53000F89FFA02BEFC507FFABFFB00000000004B
:10A54000BFFB0000000000BFFB0000000000BFFBDD
:10A550000000000000BFFB0000000000BFFB000087
:10A56000000000BFFB0000000000BFFB07DFEB3076
:10A5700000BFFACFFFFFF600BFFEFFFFFFFF10BFD7
:10A58000FFF503EFFF80BFFF70004FFFC0BFFF105C
:10A59000000EFFF0BFFE00000CFFF0BFFD00000B3F
:10A5A000FFF1BFFD00000CFFF0BFFF00000EFFE059
:10A5B000BFFF50004FFFA0BFFFE302EFFF50BFFB04
:10A5C000FFFFFFFC00BFF7AFFFFFD200BFF708EFB0
:10A5D000D8100000018DFFDA30003EFFFFFFF102CE
:10A5E000FFFFFFFFC00CFFF9215D603FFFB00000DF
:10A5F000008FFF40000000AFFF20000000BFFF10F1
:10A60000000000AFFF200000008FFF400000004F5F
:10A61000FF900000000EFFF7103A9005FFFFFFFFCC
:10A62000F1006FFFFFFFE200029DFFC71000000076
:10A630000006FFF00000000006FFF000000000062A
:10A64000FFF00000000006FFF00000000006FFF031
:10A650000000000006FFF00000000006FFF0000709
:10A66000CFEB36FFF000CFFFFFF8FFF009FFFFFF51
:10A67000FEFFF01FFFF701AFFFF06FFF90000EFF2E
:10A68000F09FFF30000AFFF0BFFF000008FFF0BF9F
:10A69000FF000007FFF0AFFF000008FFF09FFF3052
:10A6A000000BFFF05FFF90001FFFF00FFFF601BFF0
:10A6B000FFF007FFFFFFFAFFF000AFFFFFD3FFF04F
:10A6C0000005CEEA12FFF000018DFFD9200004FF43
:10A6D000FFFFFF3003FFFFEEFFFD00CFFE3008FF5E
:10A6E000F53FFF60000FFF88FFF10000EFFBAFFFB9
:10A6F000FFFFFFFFCCFFFFFFFFFFFCBFFF54444401
:10A700004439FFF3000000005FFF9000000000EFFD
:10A71000FF60003C5006FFFFECEFFC0007FFFFFF6F
:10A72000FFF100029DFFEB710000005BEFEB1000FA
:10A730008FFFFFF3003FFFFFFF3008FFF8114200DB
:10A74000AFFE0000000AFFD0000000AFFD000009CE
:10A75000FFFFFFFF509FFFFFFFF509FFFFFFFF50C7
:10A7600001BFFD1110000AFFD0000000AFFD000086
:10A77000000AFFD0000000AFFD0000000AFFD0007B
:10A780000000AFFD0000000AFFD0000000AFFD0098
:10A7900000000AFFD0000000AFFD0000000AFFD05B
:10A7A00000000005CEFB30CFF200AFFFFFF3EFF269
:10A7B00007FFFFFFFDFFF21FFFF701AFFFF25FFF93
:10A7C000A0001FFFF29FFF30000BFFF2AFFF000061
:10A7D00009FFF2BFFF000007FFF2AFFF000008FF14
:10A7E000F29FFF20000AFFF26FFF80000FFFF21FB1
:10A7F000FFF400AFFFF209FFFFEFFBFFF200BFFF26
:10A80000FFE4FFF10006CEFB32FFF0000000000580
:10A81000FFF0000000000CFFB0002C7446DFFF606A
:10A8200000BFFFFFFFFC0004FFFFFFFFC100002887
:10A83000CEFEB60000BFFB000000000BFFB0000022
:10A840000000BFFB000000000BFFB000000000BFD5
:10A85000FB000000000BFFB000000000BFFB000089
:10A8600000000BFFA06CFFC400BFFABFFFFFF40B9A
:10A87000FFFFFFFFFFD0BFFFD205FFFF2BFFF2005E
:10A8800009FFF4BFFD00006FFF5BFFD00006FFF57E
:10A89000BFFD00006FFF5BFFD00006FFF5BFFD00AE
:10A8A000006FFF5BFFD00006FFF5BFFD00006FFFEC
:10A8B0005BFFD00006FFF5BFFD00006FFF5BFFD020
:10A8C0000006FFF5FFFF1FFFF1FFFF1EEEE1000096
:10A8D0000DFFF0DFFF0DFFF0DFFF0DFFF0DFFF0DDD
:10A8E000FFF0DFFF0DFFF0DFFF0DFFF0DFFF0DFFDB
:10A8F000F0DFFF0DFFF000FFFF100FFFF100FFFF83
:10A90000100EEEE0000000000CFFC000CFFC000CB9
:10A91000FFC000CFFC000CFFC000CFFC000CFFC04C
:10A9200000CFFC000CFFC000CFFC000CFFC000CF2C
:10A93000FC000CFFC000CFFC000CFFC000CFFC00EF
:10A940000CFFC000EFFB004FFF804EFFF306FFFA45
:10A95000000CC70000BFFB000000000BFFB00000B0
:10A960000000BFFB000000000BFFB000000000BFB4
:10A97000FB000000000BFFB000000000BFFB000068
:10A9800000000BFFB0005FFFB0BFFB001EFFE10B3C
:10A99000FFB009FFF400BFFA04FFF8000BFFA0DFCF
:10A9A000FC0000BFF98FFF20000BFFCFFF5000001D
:10A9B000BFFFFFF700000BFFAEFFF30000BFF94F32
:10A9C000FFD0000BFFA0AFFF8000BFFA01EFFF3008
:10A9D0000BFFB006FFFD00BFFB000BFFF90BFFB044
:10A9E000002FFFF4CFFBCFFBCFFBCFFBCFFBCFFB89
:10A9F000CFFBCFFBCFFBCFFBCFFBCFFBCFFBCFFB07
:10AA0000CFFBCFFBCFFBCFFBCFFBCFFBCFFBCFFBF6
:10AA1000DFF807DFEA2004BEFD600DFF9CFFFFFFAB
:10AA200027FFFFFF70DFFFFFFFFFFDFFFFFFFF1DA1
:10AA3000FFFD205FFFFF601DFFF5DFFF2000BFFF70
:10AA400080005FFF7DFFE00008FFF30002FFF8DFFA
:10AA5000FD00008FFF30002FFF8DFFD00008FFF3B7
:10AA60000002FFF8DFFD00008FFF30002FFF8DFF99
:10AA7000D00008FFF30002FFF8DFFD00008FFF3079
:10AA8000002FFF8DFFD00008FFF30002FFF8DFFD6D
:10AA900000008FFF30002FFF8DFFD00008FFF30074
:10AAA00002FFF8DFFD00008FFF30002FFF80DFF88E
:10AAB00007DFEB200DFF9CFFFFFF20DFFFFFFFFF05
:10AAC000FB0DFFFC205FFFF0DFFF2000BFFF2DFF2D
:10AAD000E00008FFF2DFFD00008FFF3DFFD000081F
:10AAE000FFF3DFFD00008FFF3DFFD00008FFF3DF25
:10AAF000FD00008FFF3DFFD00008FFF3DFFD0000E9
:10AB00008FFF3DFFD00008FFF3DFFD00008FFF3017
:10AB100000029DFFD81000006FFFFFFFF40005FF4B
:10AB2000FFFFFFFF200EFFF5008FFFB05FFF9000DB
:10AB30000CFFF19FFF400007FFF5BFFF100005FF6E
:10AB4000F7CFFF100004FFF8BFFF100005FFF79FCD
:10AB5000FF400007FFF55FFF90000DFFF10EFFF5CE
:10AB6000008FFFB006FFFFFFFFFF20007FFFFFFF0A
:10AB7000E30000039DFEC71000CFFA08DFEA3000B3
:10AB8000CFF9DFFFFFF500CFFEFFFFFFFE10CFFF85
:10AB9000E404EFFF70CFFF50005FFFC0CFFF000065
:10ABA0000FFFE0CFFC00000DFFF0CFFB00000CFF1B
:10ABB000F0CFFC00000DFFF0CFFE00000FFFD0CF64
:10ABC000FF40005FFF90CFFFD203EFFF40CFFCFFBD
:10ABD000FFFFFB00CFF9BFFFFFD100CFFB08EFD78E
:10ABE0000000CFFB0000000000CFFB0000000000D1
:10ABF000CFFB0000000000CFFB0000000000CFFBF7
:10AC00000000000000CFFB00000000000006CEFCAA
:10AC100032FFF200BFFFFFF5FFF208FFFFFFFDFF6D
:10AC2000F21FFFF701AFFFF26FFFA0000EFFF29FD0
:10AC3000FF40000AFFF2AFFF100008FFF2BFFF0065
:10AC40000007FFF2AFFF100008FFF29FFF40000B6C
:10AC5000FFF25FFF90001FFFF10FFFF601BFFFF152
:10AC600007FFFFFFFBFFF100AFFFFFD6FFF100057D
:10AC7000CFEA16FFF10000000006FFF1000000001F
:10AC800006FFF10000000006FFF10000000006FFD3
:10AC9000F10000000006FFF10000000006FFF1FFD8
:10ACA000F508DFE0FFF6CFFFC0FFFEFFFF90FFFFDC
:10ACB000FB7840FFFF600000FFFB000000FFFA0090
:10ACC0000000FFFA000000FFFA000000FFFA000099
:10ACD00000FFFA000000FFFA000000FFFA00000089
:10ACE000FFFA000000FFFA000000004AEFEC8100CC
:10ACF0008FFFFFFFF14FFFFDEFFC09FFF2002A601D
:10AD0000AFFF20000007FFFE6000000DFFFFE7001F
:10AD1000001BFFFFFD200004CFFFFE1000004DFFD1
:10AD2000F70200001FFF92F92004FFF78FFFFEFFDC
:10AD3000FF29FFFFFFFF6004AEFFD93000000002D3
:10AD4000100000004BF30000000FFF30000000FF78
:10AD5000F30000001FFF300002FFFFFFFFC02FFFC6
:10AD6000FFFFFC02FFFFFFFFC0015FFF4111000476
:10AD7000FFF30000004FFF30000004FFF30000006D
:10AD80004FFF30000004FFF30000004FFF300000D1
:10AD900003FFF40000002FFFA13B2000FFFFFFF6A0
:10ADA0000008FFFFFFA00007DFFC71FFFA0000FFB3
:10ADB000F9FFFA0000FFF9FFFA0000FFF9FFFA00BF
:10ADC00000FFF9FFFA0000FFF9FFFA0000FFF9FFAA
:10ADD000FA0000FFF9FFFA0000FFF9FFFA0000FF98
:10ADE000F9FFFA0000FFF9EFFC0004FFF9CFFF5074
:10ADF0002DFFF98FFFFFFFFFF91EFFFFFABFF902DA
:10AE0000AEFD70BFF90FFFF100002FFFA09FFF60A4
:10AE10000007FFF403FFFB0000CFFE000CFFF10072
:10AE20002FFF80006FFF6007FFF20001FFFB00CFE4
:10AE3000FC00000AFFF11FFF6000003FFF56FFF11A
:10AE4000000000DFFAAFFA00000007FFEEFF40004D
:10AE500000001FFFFFE000000000AFFFF80000004F
:10AE60000004FFFF30000000000EFFD000000000D3
:10AE7000008FF7000000AFFF00004FFF00001FFF32
:10AE800065FFF30008FFF40005FFF11FFF7000CF1E
:10AE9000FF90009FFC00CFFB001FFFFD000DFF8017
:10AEA00007FFF005FFEFF201FFF3002FFF309FF9DE
:10AEB000FF604FFE0000DFF70DFE4FFB08FF900024
:10AEC00008FFA1FFA0FFF0CFF400003FFE4FF60CFB
:10AED000FF3FFF000000EFFAFF207FFAFFA0000015
:10AEE00009FFFFD003FFFFF60000004FFFF9000E3F
:10AEF000FFFF10000000FFFF5000AFFFC000000088
:10AF00000AFFF10005FFF7000000005FFD00001FD1
:10AF1000FF2000006FFFB0000DFFE00DFFF2004FBB
:10AF2000FF7005FFF900BFFE0000DFFF12FFF60013
:10AF3000005FFF79FFE000000CFFEFFF60000003FF
:10AF4000FFFFFD00000000BFFFF700000002FFFF51
:10AF5000FD0000000AFFEFFF7000003FFF5EFFF101
:10AF60000000CFFE06FFF90004FFF700EFFF200D01
:10AF7000FFF0006FFFA06FFF90000DFFF30EFFF0DA
:10AF800000002FFFA09FFF500007FFF402FFFA0010
:10AF900000CFFE000CFFF0002FFF80006FFF500776
:10AFA000FFF20000FFFA00CFFD000009FFF02FFFC5
:10AFB0007000003FFF46FFF1000000CFF8AFFB003C
:10AFC000000006FFDFFF500000000FFFFFF0000051
:10AFD00000009FFFFA0000000003FFFF4000000098
:10AFE000000DFFE00000000001FFF800000000007D
:10AFF0006FFF20000000000CFFD00000000002FFE7
:10B00000F700000000007FFF10000000000DFFB0FF
:10B01000000000000033310000000006FFFFFFFFCA
:10B02000FF306FFFFFFFFFB005CCCCDFFFF2000069
:10B030000007FFFA00000001EFFF200000008FFF73
:10B04000900000001FFFF100000009FFF800000061
:10B0500002FFFE10000000AFFF700000003FFFE0A5
:10B060000000000BFFF600000004FFFFBAAAA900D1
:10B07000DFFFFFFFFFE05FFFFFFFFFFE00000001BB
:10B080008DFF200003EFFFE20000EFF80000005FFB
:10B09000FE00000009FFB0000000AFFA0000000A47
:10B0A000FF90000000AFF90000000AFF90000000D0
:10B0B000AFF90000000AFF80000000DFF500001477
:10B0C000AFFD000004FFFB1000004FFFD2000000A6
:10B0D00018FFE00000000DFF50000000AFF8000076
:10B0E000000AFF90000000AFF90000000AFF900086
:10B0F0000000AFF90000000AFFA00000009FFB0065
:10B10000000005FFF00000000DFF900000002EFF82
:10B11000FE30000018DFF324427FF77FF77FF77FD0
:10B12000F77FF77FF77FF77FF77FF77FF77FF77F6F
:10B13000F77FF77FF77FF77FF77FF77FF77FF77F5F
:10B14000F77FF77FF77FF77FF77FF77FF77FF77F4F
:10B15000F77FF70EFD92000000EEFFF500000005FE
:10B16000FFF20000000CFF800000008FFC000000D8
:10B1700007FFD00000007FFD00000006FFD00000A8
:10B18000006FFD00000006FFD00000005FFD000022
:10B190000002FFF10000000AFFC410000009FFF8E0
:10B1A000000001BFFF800000CFFA2000003FFF0039
:10B1B000000005FFD00000006FFD00000006FFD07A
:10B1C0000000006FFD00000007FFD00000007FFDC1
:10B1D00000000008FFC0000000CFF80000006FFF73
:10B1E00010000EEFFF400000FFD92000000006DF36
:10B1F000D60000024000BFFFFFB0000AF709FFFFC2
:10B20000FFFD306FFC1FFE416FFFFFFFF41CF500D8
:10B2100003EFFFFF700070000019EFB400000000A2
:10B22000000000000000000000000100000000001D
:10B2300000000000000000016BFF80000000000023
:10B24000000000000038DFFFFFF0000000000000F9
:10B25000000015AEFFFFFFFFF0000000000000023D
:10B260007CFFFFFFFFFFFFF0000000000049EFFF41
:10B27000FFFFFFFFFFFFF000000001AFFFFFFFFF38
:10B28000FFFFFFFFFFF000000009FFFFFFFFFFFFD0
:10B29000FFFFFFFFF00000000BFFFFFFFFFFFFFFBE
:10B2A000FFFEFFF00000000BFFFFFFFFFFFFFD941C
:10B2B00009FFF00000000BFFFFFFFFFFB7200009B0
:10B2C000FFF00000000BFFFFFFEA5000000009FF45
:10B2D000F00000000BFFFC83000000000009FFF0FD
:10B2E0000000000BFFE000000000000009FFF0007C
:10B2F00000000BFFE000000000000009FFF000006C
:10B30000000BFFE000000000000009FFF00000005B
:10B310000BFFE000000000000009FFF00000000B40
:10B32000FFE000000000000009FFF00000000BFF3C
:10B33000E000000000000009FFF00000000BFFE04B
:10B34000000000006BFFEEFFF00000000BFFE000CC
:10B3500000000CFFFFFFFFF00000000BFFE000000B
:10B36000009FFFFFFFFFF00002564CFFE0000000CF
:10B37000CFFFFFFFFFF004CFFFFFFFE0000000AFB3
:10B38000FFFFFFFFD04FFFFFFFFFE00000001EFFA9
:10B39000FFFFFF40DFFFFFFFFFE0000000019EFF17
:10B3A000FFA200EFFFFFFFFFE000000000002320EE
:10B3B00000009FFFFFFFFF80000000000000000072
:10B3C000000AFFFFFFFA000000000000000000007C
:10B3D0000049CDC930000000000000000000005905
:10B3E0000009CCCCCCCCCCCCCCCCC400095FE000E8
:10B3F000DFFFFFFFFFFFFFFFFF7000EFFFFFFFFF1B
:10B40000FFFFFFFFFFFFFFFFFFFFFFFEEEFFF1006B
:10B410000000000007FFFEEEFFFD000DFF00000032
:10B420000000005FF6000DFFD000CFF0000000002C
:10B430000005FF5000DFFD000CFF000000000000D1
:10B440005FF5000DFFF888FFF0000000000005FF29
:10B45000C888FFFFFFFFFF0000000000005FFFFF44
:10B46000FFFFF555EFF5333333333339FFA555FF80
:10B47000FD000CFFFFFFFFFFFFFFFFF5000DFFD0FA
:10B4800000CFFFFFFFFFFFFFFFFF5000DFFE111D9A
:10B49000FF977777777777CFF8111EFFFFFFFFF0E1
:10B4A000000000000005FFFFFFFFFFCCCFFF000002
:10B4B000000000005FFECCCFFFD000CFF000000006
:10B4C000000005FF6000DFFD000CFF000000000031
:10B4D000005FF5000DFFD000CFF000000000000578
:10B4E000FF6000DFFFAAAFFF0000000000006FFD5B
:10B4F000AAAFFFFFFFFFFCBBBBBBBBBBBEFFFFFF99
:10B50000FFFE333EFFFFFFFFFFFFFFFFF9333EF972
:10B51000C000CFFFFFFFFFFFFFFFFF5000C9155521
:10B520005553000455555555555555551DFFFFFFAD
:10B53000F409FFFFFFFFFFFFFFFFFDFFFFFFFF60BD
:10B54000CFFFFFFFFFFFFFFFFFFFFFFFFFF70CFF36
:10B55000FFFFFFFFFFFFFFFFFFFFFFFF70CFFFFFBA
:10B56000FFFFFFFFFFFFFFFFFFFFF70CFFFFFFFFE6
:10B57000FFFFFFFFFFFFFFFFFF60BFFFFFFFFFFFBA
:10B58000FFFFFFF8EEEEEEC105DEEEEEEEEEEEEEC4
:10B59000EEE80000000000000000000000000000D5
:10B5A000014444442000444444444444444440DF6F
:10B5B000FFFFFF409FFFFFFFFFFFFFFFFFCFFFFFEA
:10B5C000FFF60BFFFFFFFFFFFFFFFFFFFFFFFFFF88
:10B5D00070CFFFFFFFFFFFFFFFFFFFFFFFFFF70C35
:10B5E000FFFFFFFFFFFFFFFFFFFFFFFFFF70CFFF2A
:10B5F000FFFFFFFFFFFFFFFFFFFFFFF60BFFFFFF58
:10B60000FFFFFFFFFFFF8FFFFFFD105EFFFFFFFF4C
:10B61000FFFFFFFF800000000000000000000000AE
:10B62000000000144444420004444444444444445C
:10B63000440DFFFFFFF409FFFFFFFFFFFFFFFFFCCB
:10B64000FFFFFFFF60BFFFFFFFFFFFFFFFFFFFFFE9
:10B65000FFFFF70CFFFFFFFFFFFFFFFFFFFFFFFFF5
:10B66000FF70CFFFFFFFFFFFFFFFFFFFFFFFFFF7B1
:10B670000CFFFFFFFFFFFFFFFFFFFFFFFFFF60BFAC
:10B68000FFFFFFFFFFFFFFFFF8FFFFFFD105EFFF09
:10B69000FFFFFFFFFFFFF8000000000000000000B8
:10B6A0000000004A30000000000000000000000020
:10B6B000004FFF4000000000000000000000004FAD
:10B6C000FFFF50000000000000000000004FFFFFDF
:10B6D000FE000000000000000000004FFFFFFFC060
:10B6E0000000000000000000004FFFFFFFD100003D
:10B6F000000000000000004FFFFFFFD100016100CB
:10B7000000000000004FFFFFFFD10002DFE2000059
:10B710000000004FFFFFFFD10002EFFFE20000003A
:10B72000004FFFFFFFD10000DFFFFFE20000004FEE
:10B73000FFFFFFD100000EFFFFFFE200004FFFFF01
:10B74000FFD10000003FFFFFFFE2004FFFFFFFD1EE
:10B75000000000003FFFFFFFE24FFFFFFFD10000AE
:10B760000000003FFFFFFFEFFFFFFFD100000000E0
:10B7700000003FFFFFFFFFFFFFD1000000000000BF
:10B78000003FFFFFFFFFFFD10000000000000000AE
:10B790003FFFFFFFFFD10000000000000000003F5E
:10B7A000FFFFFFC1000000000000000000003EFF9E
:10B7B000FFC100000000000000000000003EFFC1CB
:10B7C0000000000000000000000000003DB100008B
:10B7D00000000000000002BB300000000003CA208F
:10B7E0002EFFE3000000003FFFE2CFFFFE3000002D
:10B7F00003FFFFFBEFFFFFE300003FFFFFFD6FFFD5
:10B80000FFFE3003FFFFFFF507FFFFFFE33FFFFFF2
:10B81000FF60007FFFFFFEFFFFFFF6000007FFFF56
:10B82000FFFFFFFF600000007FFFFFFFFFF600004B
:10B83000000007FFFFFFFF600000000003FFFFFFA5
:10B84000FF30000000003FFFFFFFFFE300000003A8
:10B85000FFFFFFFFFFFE3000003FFFFFFFFFFFFF86
:10B86000E30003FFFFFFF67FFFFFFE303FFFFFFF18
:10B870006007FFFFFFE3DFFFFFF600007FFFFFFC35
:10B88000EFFFFF60000007FFFFFD5FFFF600000015
:10B89000007FFFF405FF600000000006FE4000008E
:10B8A000000000000000000000000000000015641F
:10B8B0000000000000000000000000000CFFF70086
:10B8C0000000000000000000000000EFFF900000FA
:10B8D0000000000000000670000EFFF90002830067
:10B8E000000000000AFF8000EFFF9000DFF600007C
:10B8F00000000BFFFF200EFFF9006FFFF6000000B5
:10B9000009FFFFF500EFFF900AFFFFF4000004FFBE
:10B91000FFFB000EFFF9002EFFFFE10000DFFFFA42
:10B920000000EFFF90002EFFFF90005FFFFD000082
:10B930000EFFF900003FFFFF100BFFFF300000EF8C
:10B94000FF9000008FFFF700FFFFB000000EFFF92F
:10B95000000001FFFFC04FFFF6000000EFFF900066
:10B96000000AFFFF06FFFF2000000EFFF9000000A5
:10B970007FFFF28FFFF0000000EFFF90000005FF57
:10B98000FF38FFFF0000000EFFF90000005FFFF32B
:10B990007FFFF10000007EFD30000006FFFF25FF65
:10B9A000FF400000000000000000AFFFF02FFFF993
:10B9B00000000000000000000EFFFD00DFFFF100AE
:10B9C00000000000000006FFFF8007FFFFA000004E
:10B9D0000000000001EFFFF3001FFFFF70000000F8
:10B9E000000000CFFFFB00007FFFFF800000000091
:10B9F00001CFFFFF200000CFFFFFC300000006EFD4
:10BA0000FFFF70000001DFFFFFFD9767AEFFFFFF44
:10BA1000A000000002DFFFFFFFFFFFFFFFFFA0000D
:10BA200000000001AFFFFFFFFFFFFFFF70000000FD
:10BA30000000005DFFFFFFFFFFFB20000000000093
:10BA40000000049DFFFFFC820000000000000000D9
:10BA500000000012100000000000000000000000C4
:10BA60000000000000000000000000000000009C3A
:10BA7000DEDC90000000000000000000001FFFFF5F
:10BA8000FF1000000000000000000002FFFFFFF2B6
:10BA9000000000000000000000002FFFFFFF20005A
:10BAA00000000000000730007EFFFFFFFE7000482E
:10BAB00000000008FFA4DFFFFFFFFFFFD4BFF80076
:10BAC0000004FFFFFFFFFFFFFFFFFFFFFFF4000089
:10BAD000DFFFFFFFFFFFFFFFFFFFFFFFD0005FFF64
:10BAE000FFFFFFFFFFFFFFFFFFFFFF500CFFFFFF08
:10BAF000FFFFFB9BFFFFFFFFFFFC00BFFFFFFFFF00
:10BB0000B10001BFFFFFFFFFB0005EFFFFFFC000FD
:10BB10000000CFFFFFFE5000004FFFFFF4000000C9
:10BB200004FFFFFF40000005FFFFFF000000000FC3
:10BB3000FFFFF50000005FFFFFF000000000FFFFC7
:10BB4000FF50000004FFFFFF300000003FFFFFF444
:10BB5000000002BFFFFFFA0000000AFFFFFFB20073
:10BB600007FFFFFFFFF8000008FFFFFFFFF700DF00
:10BB7000FFFFFFFFFD757DFFFFFFFFFFD007FFFF0A
:10BB8000FFFFFFFFFFFFFFFFFFFFF7000EFFFFFFBD
:10BB9000FFFFFFFFFFFFFFFFFE00006FFFFFFFFF44
:10BBA000FFFFFFFFFFFFFF600000BFFE9FFFFFFFE3
:10BBB000FFFFFF8EFFB0000001C8002BFFFFFFFF5B
:10BBC000FB2008C100000000000004FFFFFFF4009C
:10BBD0000000000000000000002FFFFFFF20000019
:10BBE0000000000000000002FFFFFFF20000000064
:10BBF0000000000000000CFFFFFD0000000000003E
:10BC00000000000000001210000000000000000012
:10BC10000000000000045100000466620000000003
:10BC200000000000001BFFF60000EFFFA000000076
:10BC300000000000002DFFFFF9000EFFFA000000D9
:10BC400000000000004FFFFFFFFB10EFFFA000000F
:10BC500000000000007FFFFFCFFFFD2EFFFA000075
:10BC60000000000000AFFFFD206FFFFFFFFFA000FE
:10BC70000000000001CFFFFC10004EFFFFFFFA00A4
:10BC80000000000003EFFFF9008E402DFFFFFFA032
:10BC90000000000005FFFFF601BFFF601BFFFFFA79
:10BCA0000000000008FFFFE402DFFFFF9008FFFF35
:10BCB000E30000000BFFFFD204EFFFFFFFC106FF10
:10BCC000FFF500002DFFFFB006FFFFFFFFFFD203CF
:10BCD000EFFFF8004EFFFF8009FFFFFFFFFFFFF4BB
:10BCE00001DFFFFB1EFFFF601CFFFFFFFFFFFFFFE9
:10BCF000F700AFFFF86FFE302DFFFFFFFFFFFFFFE4
:10BD0000FFFA008FFE108C104FFFFFFFFFFFFFFFB9
:10BD1000FFFFFC005E30000009FFFFFFFFFFFFFF99
:10BD2000FFFFFFF300000000009FFFFFFFFFFFFF8A
:10BD3000FFFFFFFF300000000009FFFFFFFFBBBB5C
:10BD4000DFFFFFFFF300000000009FFFFFFFA000E8
:10BD500000FFFFFFFF300000000009FFFFFFF900B8
:10BD6000000FFFFFFFF300000000009FFFFFFF90A8
:10BD70000000FFFFFFFF300000000009FFFFFFF998
:10BD800000000FFFFFFFF300000000009FFFFFFF18
:10BD9000900000FFFFFFFF300000000009FFFFFFE1
:10BDA000F900000FFFFFFFF300000000005EFFFF3F
:10BDB000FF600000BFFFFFFD10000000000000005A
:10BDC000002333200000000000000000000000DF1E
:10BDD000FFFFD0000000000000000000001FFFFF78
:10BDE000FF1000000000000000000002FFFFFFF253
:10BDF000000000000000000000002FFFFFFF2000F7
:10BE0000000000000000000002FFFFFFF200000041
:10BE1000000000000000002FFFFFFF2000000000D6
:10BE2000000000000002FFFFFFF200000000000021
:10BE3000000000002FFFFFFF2000000000000000B6
:10BE4000000002FFFFFFF200000000000000000001
:10BE5000002FFFFFFF2000000000000000255556C6
:10BE6000FFFFFFF6555520000000001FFFFFFFFFFA
:10BE7000FFFFFFFFFF1000000000DFFFFFFFFFFFDD
:10BE8000FFFFFFD00000000001DFFFFFFFFFFFFF0B
:10BE9000FFD1000000000001DFFFFFFFFFFFFFD127
:10BEA00000000000000001DFFFFFFFFFFFD10000E6
:10BEB000000000000001DFFFFFFFFFD100000000D5
:10BEC0000000000001DFFFFFFFD1000000000000C4
:10BED00000000001DFFFFFD1000000000003444428
:10BEE000444301DFFFD103444444430CFFFFFFFF01
:10BEF000F701DFD107FFFFFFFFFCFFFFFFFFFFF8A8
:10BF0000016108FFFFFFFFFFFFFFFFFFFFFFFA10C8
:10BF10000AFFFFFFFFFFFFFFFFFFFFFFFFFFDFFF46
:10BF2000FFFFFFFFFFFFFFFFFFFFFFFFFFFFFFFF21
:10BF3000FFFFFFFFFFFFFFFFFFFFFFFFFFFE14F903
:10BF400009FFFFFFFFFFFFFFFFFFFFFFE14F90AF84
:10BF5000FFFFFFFFFFFFFFFFFFFFFFFFFFFFFFE40C
:10BF60009999999999999999999999999994000078
:10BF700000049AAAAAAAAAAAAAAA810000000000FC
:10BF80000007FFFFFFFFFFFFFFFFFFF200000000C1
:10BF90000003FFFFFFFFFFFFFFFFFFFFC0000000E8
:10BFA0000000DFFFFFFFFFFFFFFFFFFFFF7000004C
:10BFB00000008FFFC000000000000003FFFF300002
:10BFC00000003FFFF20000000000000008FFFD003D
:10BFD00000000DFFF700000000000000000DFFF85A
:10BFE000000008FFFC0000000000000000003FFF10
:10BFF000F30003FFFF200000000000000000007FAE
:10C00000FFD000DFFF700000000000000000000013
:10C01000CFFF808FFFC00000000000000000000084
:10C0200002FFFF2EFFFEEEEEEE7000000000CEEEEF
:10C03000EEEFFFF8FFFFFFFFFFFF100000006FFFB4
:10C04000FFFFFFFFAFFFFFFFFFFFF80000000DFF46
:10C05000FFFFFFFFFAFFFFFFFFFFFFF4444447FF2E
:10C06000FFFFFFFFFFAFFFFFFFFFFFFFFFFFFFFF30
:10C07000FFFFFFFFFFFAFFFFFFFFFFFFFFFFFFFFD5
:10C08000FFFFFFFFFFFFAFFFFFFFFFFFFFFFFFFF10
:10C09000FFFFFFFFFFFFFAFFFFFFFFFFFFFFFFFFB5
:10C0A000FFFFFFFFFFFFFFAFFFFFFFFFFFFFFFFFF0
:10C0B000FFFFFFFFFFFFFFF9AFFFFFFFFFFFFFFFE6
:10C0C000FFFFFFFFFFFFFFFF41AFFFFFFFFFFFFF8E
:10C0D000FFFFFFFFFFFFFFFE600000000000000009
:10C0E000000000000007997000000000159CDEDBD6
:10C0F00073000000FFFF000000019FFFFFFFFFFD36
:10C1000060000FFFF0000006FFFFFFFFFFFFFFD4FE
:10C1100000EFFF00000AFFFFFFFFFFFFFFFFF90D29
:10C12000FFF0000BFFFFFFA63236BFFFFFFADFFF75
:10C13000000AFFFFF9100000002AFFFFFFFFF005D3
:10C14000FFFFE4000000000003EFFFFFFF00EFFF30
:10C15000E200000000000001DFFFFFF06FFFF400CD
:10C1600000000008EDCCBCFFFFFF0DFFFA0000004F
:10C170000000BFFFFFFFFFFFF1FFFF2000000000F6
:10C180000BFFFFFFFFFFFF3FFFC000000000009F0D
:10C19000FFFFFFFFFFE01110000000000000111181
:10C1A000111111100000000000000000000000004C
:10C1B000000000000000000000000000000000007F
:10C1C0000000000000000000000000000000000E61
:10C1D000FFFFFFFFFFF900000000000CFFF3FFFF6F
:10C1E000FFFFFFFFB00000000002FFFF1FFFFFFF87
:10C1F000FFFFFB0000000000AFFFC0FFFFFFDCCD32
:10C20000EF80000000003FFFF60FFFFFFD10000071
:10C21000000000001EFFFE00FFFFFFFC20000000EA
:10C2200000002EFFFF600FFFFFFFFF600000000017
:10C230006FFFFFB000FFFEDFFFFFE7300027DFFFEB
:10C24000FFD1000FFFD1CFFFFFFFFFFFFFFFFFC1B7
:10C250000000FFFE008FFFFFFFFFFFFFFF900000C9
:10C260000FFFF0002AFFFFFFFFFFFC40000000FF70
:10C27000FF0000017BFFFFFD830000000008AA8093
:10C28000000000001210000000000000000000008C
:10C290000000460000000000007FF60000000000E3
:10C2A0007FFF80000000007FFFF8000000007FFF9C
:10C2B000FF801111117FFFFFF8AFFFFFFFFFFFFFAE
:10C2C0008FFFFFFFFFFFFFF8FFFFFFFFFFFFFF8F65
:10C2D000FFFFFFFFFFFFF8FFFFFFFFFFFFFF8FFFE5
:10C2E000FFFFFFFFFFF8FFFFFFFFFFFFFF8FFFFFD5
:10C2F000FFFFFFFFF8FFFFFFFFFFFFFF8FFFFFFFC5
:10C30000FFFFFFF86CCCCCCFFFFFFF800000003EAA
:10C31000FFFFF8000000003FFFFF80000000003F2B
:10C32000FFF800000000003FFF7000000000003E2A
:10C33000F4000000000000110000000000000045B3
:10C3400000000000000000000006FF600000000088
:10C35000000000006FFF800000000000000006FFEA
:10C36000FF80000000000000006FFFFF8000000061
:10C3700000000006FFFFFF80000000AFFFFFFFFF8F
:10C38000FFFF80004000FFFFFFFFFFFFFF800BFD6E
:10C3900020FFFFFFFFFFFFFF800BFFD0FFFFFFFF2E
:10C3A000FFFFFF8001BFF6FFFFFFFFFFFFFF8000E1
:10C3B0001FFAFFFFFFFFFFFFFF80000FFBFFFFFFE4
:10C3C000FFFFFFFF80007FF8FFFFFFFFFFFFFF8001
:10C3D00007FFF2FFFFFFFFFFFFFF800CFF60FFFF83
:10C3E000FFFFFFFFFF8004A4007DDDDDDFFFFFFF17
:10C3F0008000000000000003FFFFFF80000000003D
:10C400000000003FFFFF800000000000000003FF6D
:10C41000FF8000000000000000003FFF70000000EF
:10C42000000000000003FF400000000000000000CA
:10C4300000120000000000000000000000000000EA
:10C44000000062000000000000000000000000008A
:10C450000000AFF600000000000000000000000037
:10C46000000008FFF8000000000000000004600069
:10C4700000000007FFF80000000000000007FF6058
:10C480000000000005FFF500000000000007FFF8B5
:10C49000000005E90005FFF1000000000007FFFFB4
:10C4A000800000BFFC1009FFA00000000007FFFF94
:10C4B000F8000003EFFC000EFF2001111117FFFF31
:10C4C000FF80000002DFF8006FF90AFFFFFFFFFFA7
:10C4D000FFF800151002FFF200EFE0FFFFFFFFFF83
:10C4E000FFFF800BFE2007FF800AFF3FFFFFFFFFDB
:10C4F000FFFFF800BFFD000FFD006FF6FFFFFFFF1D
:10C50000FFFFFF8000AFF600BFF003FF8FFFFFFFCC
:10C51000FFFFFFF80001FFA009FF202FF9FFFFFF39
:10C52000FFFFFFFF80000FFB009FF202FF9FFFFF56
:10C53000FFFFFFFFF80007FF800AFF103FF8FFFF33
:10C54000FFFFFFFFFF8008FFF100EFE005FF6FFF37
:10C55000FFFFFFFFFFF800CFF5005FFA009FF3FF3A
:10C56000FFFFFFFFFFFF800393000DFF300DFF066D
:10C57000CCCCCCFFFFFFF80000000BFFB004FFA005
:10C5800000000003EFFFFF8000001CFFE100CFF47C
:10C590000000000003FFFFF800000AFFE3006FFC4B
:10C5A000000000000003FFFF8000008FC2002FFF8B
:10C5B00030000000000003FFF700000020002EFF05
:10C5C0009000000000000003EF40000000004EFF5C
:10C5D000C0000000000000000110000000005FFF2C
:10C5E000C0000000000000000000000000000BFF81
:10C5F000A000000000000000000000000000002A71
:10C600006000000009EFFFFFFFFFFFFFFFFFFFFFDC
:10C61000FFE90AFFFFFFFFFFFFFFFFFFFFFFFFFF35
:10C62000FAFFFFFFFFFFFFFFFFFFFFFFFFFFFFFF1F
:10C63000FFFD648FFFFFFFFFFFFFFFFFFFFFFFFD19
:10C6400000003FFFFFFFFFFFFFFFFFFFFFFF500066
:10C6500000BFFFFFFFFFFFFFFFFFFFFFF30000082A
:10C66000FFFFFFFFFFFFFFFFFFFFFF600000BFFFB7
:10C67000FFFFFE23FFFFFFFFFFFD00003FFFFFFF67
:10C68000FE2003FFFFFFFFFFFD648FFFFFFFFE2083
:10C690000003FFFFFFFFFFFFFFFFFFFFFE20000083
:10C6A00003FFFFFFFFFFFFC9FFFFFE2000000003A5
:10C6B000FFFFFFFFFFB007FFFE20000000000AFFA2
:10C6C000FFFFFFB00007FE200000000000AFFFFFEB
:10C6D000FFB00000062000000000000AFFFFFFC0BE
:10C6E00000000000000000000000AFFFFFFA0000A3
:10C6F00000000000000000000AFFFFFFA000000093
:10C7000000000000000000AFFFFFFDAAAAAAAAAA2D
:10C71000AAAAAAAAAAADFFFFFFFFFFFFFFFFFFFF24
:10C72000FFFFFFFFFFFFAFFFFFFFFFFFFFFFFFFF69
:10C73000FFFFFFFFA1AFFFFFFFFFFFFFFFFFFFFFB7
:10C74000FFFFA100000000055000000000000000F5
:10C75000008FF70000000000000000EFFD00000067
:10C760000000000004FFFF300000000000000AFF8E
:10C77000FF900000000000002FFFFFF1000000000C
:10C7800000009FFFFFF9000000000002FFFFFFFF15
:10C7900010000000000BFFFFFFFFA0000000004F93
:10C7A000FFFFFFFFF400000001EFFFFFFFFFFD00B0
:10C7B00000000BFFFFFFFFFFFFA000006FFFFFFF68
:10C7C000FFFFFFF50001FFFFFFFFFFFFFFFF100A64
:10C7D000FFFFFFFFFFFFFFFF901FFFFFFFFFFFFFB8
:10C7E000FFFFF17FFFFFFFFFFFFFFFFFF6CFFFFF20
:10C7F000FFFFFFFFFFFFFBEFFFCFFFFFFFFFFFFF8D
:10C80000FDFFFB09FFFFFFFFFFFFFEEFFB07FFFF41
:10C81000FFFFFFFFFDCFFE02FFFFFFFFFFFFFB8FCC
:10C82000FF507FFFFFFFFFFFF73FFFE106EFFFFF36
:10C83000FFFFF20BFFFD10017FFFFFFF9002EFFFF4
:10C84000F8305FFFFFFE10004FFFFFFFFFFFFFF319
:10C85000000003EFFFFFFFFFFD2000000018FFFFB7
:10C86000FFFF8000000000000479974000000006F0
:10C87000664000000000004502FFFE0000000000CE
:10C880008FFB2FFFE0000000009FFFF2FFFE000083
:10C890000000AFFFFF2FFFE0000000BFFFFFF2FF2F
:10C8A000FE000001CFFFFFFF2FFFE00001DFFFFFD1
:10C8B000FFF2FFFE0002EFFFFFFFFF2FFFE003EF9D
:10C8C000FFFFFFFFF2FFFE04FFFFFFFFFFFF2FFF51
:10C8D000E5FFFFFFFFFFFFF2FFFFFFFFFFFFFFFF8F
:10C8E000FF2FFFFFFFFFFFFFFFFFF2FFFFFFFFFF35
:10C8F000FFFFFFFF2FFFFFFFFFFFFFFFFFF2FFFF25
:10C90000DFFFFFFFFFFFFF2FFFE1CFFFFFFFFFFF75
:10C91000F2FFFE00BFFFFFFFFFFF2FFFE000AFFFB2
:10C92000FFFFFFF2FFFE00009FFFFFFFFF2FFFE072
:10C9300000007FFFFFFFF2FFFE0000006FFFFFFF20
:10C940002FFFE00000005FFFFFF2FFFE000000008D
:10C950004FFFFF2FFFE0000000003EFFE1EFFC0073
:10C96000000000002DE500000000000000000000B5
:10C97000015300000000000000000000004FFFB263
:10C9800000000000000000000000DFFFFF8000004A
:10C9900000000000000000FFFFFFFE50000000004C
:10C9A00000000000FFFFFFFFFC300000000000005F
:10C9B00000FFFFFFFFFFF910000000000000FFFF75
:10C9C000FFFFFFFFE6000000000000FFFFFFFFFF8A
:10C9D000FFFFC30000000000FFFFFFFFFFFFFFFF9E
:10C9E000A100000000FFFFFFFFFFFFFFFFFF70003F
:10C9F0000000FFFFFFFFFFFFFFFFFFFD400000FF04
:10CA0000FFFFFFFFFFFFFFFFFFFB2000FFFFFFFF18
:10CA1000FFFFFFFFFFFFFFF800FFFFFFFFFFFFFF2C
:10CA2000FFFFFFFFFFC0FFFFFFFFFFFFFFFFFFFF55
:10CA3000FFFFF4FFFFFFFFFFFFFFFFFFFFFFFFF51B
:10CA4000FFFFFFFFFFFFFFFFFFFFFFFFE1FFFFFF14
:10CA5000FFFFFFFFFFFFFFFFFC20FFFFFFFFFFFFC8
:10CA6000FFFFFFFFFE5000FFFFFFFFFFFFFFFFFF85
:10CA7000FF800000FFFFFFFFFFFFFFFFFFB200008E
:10CA800000FFFFFFFFFFFFFFFFD400000000FFFFDC
:10CA9000FFFFFFFFFFF70000000000FFFFFFFFFFA9
:10CAA000FFFA100000000000FFFFFFFFFFFD400045
:10CAB0000000000000FFFFFFFFFF7000000000000B
:10CAC0000000FFFFFFFF910000000000000000EFEA
:10CAD000FFFFC30000000000000000007FFFE60031
:10CAE000000000000000000000049710000000009B
:10CAF0000000000000000000000000000000000036
:10CB0000000000015666665100000056666662002D
:10CB10004FFFFFFFFE20001DFFFFFFFF60DFFFFF55
:10CB2000FFFFB0008FFFFFFFFFF0FFFFFFFFFFD011
:10CB300000BFFFFFFFFFF2FFFFFFFFFFE000BFFFAF
:10CB4000FFFFFFF2FFFFFFFFFFE000BFFFFFFFFF60
:10CB5000F2FFFFFFFFFFE000BFFFFFFFFFF2FFFF5D
:10CB6000FFFFFFE000BFFFFFFFFFF2FFFFFFFFFF40
:10CB7000E000BFFFFFFFFFF2FFFFFFFFFFE000BF8E
:10CB8000FFFFFFFFF2FFFFFFFFFFE000BFFFFFFF20
:10CB9000FFF2FFFFFFFFFFE000BFFFFFFFFFF2FF1D
:10CBA000FFFFFFFFE000BFFFFFFFFFF2FFFFFFFF00
:10CBB000FFE000BFFFFFFFFFF2FFFFFFFFFFE0000E
:10CBC000BFFFFFFFFFF2FFFFFFFFFFE000BFFFFF20
:10CBD000FFFFF2FFFFFFFFFFE000BFFFFFFFFFF2DD
:10CBE000FFFFFFFFFFE000BFFFFFFFFFF2FFFFFFC0
:10CBF000FFFFE000BFFFFFFFFFF2FFFFFFFFFFE0CF
:10CC000000BFFFFFFFFFF2FFFFFFFFFFE000BFFFDE
:10CC1000FFFFFFF2FFFFFFFFFFE000BFFFFFFFFF8F
:10CC2000F2FFFFFFFFFFE000BFFFFFFFFFF2FFFF8C
:10CC3000FFFFFFD000AFFFFFFFFFF1AFFFFFFFFFE0
:10CC400080005FFFFFFFFFC009EFFFFFE800000764
:10CC5000DFFFFFEB1001566666666666666666660F
:10CC600063004FFFFFFFFFFFFFFFFFFFFFFF90DFAE
:10CC7000FFFFFFFFFFFFFFFFFFFFFFF3FFFFFFFFD0
:10CC8000FFFFFFFFFFFFFFFFF5FFFFFFFFFFFFFFBE
:10CC9000FFFFFFFFFFF6FFFFFFFFFFFFFFFFFFFFAD
:10CCA000FFFFF6FFFFFFFFFFFFFFFFFFFFFFFFF6A6
:10CCB000FFFFFFFFFFFFFFFFFFFFFFFFF6FFFFFF8D
:10CCC000FFFFFFFFFFFFFFFFFFF6FFFFFFFFFFFF7D
:10CCD000FFFFFFFFFFFFF6FFFFFFFFFFFFFFFFFF6D
:10CCE000FFFFFFF6FFFFFFFFFFFFFFFFFFFFFFFF5D
:10CCF000F6FFFFFFFFFFFFFFFFFFFFFFFFF6FFFF56
:10CD0000FFFFFFFFFFFFFFFFFFFFF6FFFFFFFFFF3C
:10CD1000FFFFFFFFFFFFFFF6FFFFFFFFFFFFFFFF2C
:10CD2000FFFFFFFFF6FFFFFFFFFFFFFFFFFFFFFF1C
:10CD3000FFF6FFFFFFFFFFFFFFFFFFFFFFFFF6FF15
:10CD4000FFFFFFFFFFFFFFFFFFFFFFF6FFFFFFFFFC
:10CD5000FFFFFFFFFFFFFFFFF6FFFFFFFFFFFFFFEC
:10CD6000FFFFFFFFFFF6FFFFFFFFFFFFFFFFFFFFDC
:10CD7000FFFFF6FFFFFFFFFFFFFFFFFFFFFFFFF6D5
:10CD8000FFFFFFFFFFFFFFFFFFFFFFFFF5AFFFFF0D
:10CD9000FFFFFFFFFFFFFFFFFFE109EFFFFFFFFFC7
:10CDA000FFFFFFFFFFFC300163000000000006668C
:10CDB00040EFF50000000002FFFE3FFFF60000001C
:10CDC000002FFFE3FFFFF800000002FFFE3FFFFF20
:10CDD000F90000002FFFE3FFFFFFFA000002FFFE53
:10CDE0003FFFFFFFFB00002FFFE3FFFFFFFFFC10F3
:10CDF00002FFFE3FFFFFFFFFFD102FFFE3FFFFFFDE
:10CE0000FFFFFE22FFFE3FFFFFFFFFFFFE5FFFE38E
:10CE1000FFFFFFFFFFFFFFFFFE3FFFFFFFFFFFFFE3
:10CE2000FFFFE3FFFFFFFFFFFFFFFFFE3FFFFFFFEF
:10CE3000FFFFFFFFFFE3FFFFFFFFFFFFFBFFFE3FE3
:10CE4000FFFFFFFFFFF82FFFE3FFFFFFFFFFF702EA
:10CE5000FFFE3FFFFFFFFFF6002FFFE3FFFFFFFF97
:10CE6000F50002FFFE3FFFFFFFF400002FFFE3FF8E
:10CE7000FFFFE3000002FFFE3FFFFFE20000002F84
:10CE8000FFE3FFFFD100000002FFFE2FFFC1000003
:10CE900000002FFFE08FB00000000001EFFC000059
:10CEA000000000000000000000000000000014204E
:10CEB00000000000000000000000004EFF90000095
:10CEC00000000000000000003FFFFF8000000000A5
:10CED00000000000002EFFFFFF70000000000000B7
:10CEE00000001EFFFFFFFF60000000000000001DAB
:10CEF000FFFFFFFFFF400000000000000CFFFFFFEE
:10CF0000FFFFFF3000000000000BFFFFFFFFFFFFEF
:10CF1000FF20000000000AFFFFFFFFFFFFFFFE20D1
:10CF200000000009FFFFFFFFFFFFFFFFFD100000F3
:10CF300008FFFFFFFFFFFFFFFFFFFD000006FFFFF1
:10CF4000FFFFFFFFFFFFFFFFFC0004FFFFFFFFFFEE
:10CF5000FFFFFFFFFFFFFA00DFFFFFFFFFFFFFFF05
:10CF6000FFFFFFFFF30FFFFFFFFFFFFFFFFFFFFFCD
:10CF7000FFFF50AFFFFFFFFFFFFFFFFFFFFFFFE1DE
:10CF800001AEFFFFFFFFFFFFFFFFFFFFC300000039
:10CF90000000000000000000000000003444444491
:10CFA0004444444444444441009FFFFFFFFFFFFFCB
:10CFB000FFFFFFFFFFE10FFFFFFFFFFFFFFFFFFF8F
:10CFC000FFFFFF50FFFFFFFFFFFFFFFFFFFFFFFF20
:10CFD000F60FFFFFFFFFFFFFFFFFFFFFFFFF60FFF9
:10CFE000FFFFFFFFFFFFFFFFFFFFFFF60EFFFFFF4B
:10CFF000FFFFFFFFFFFFFFFFFF405EFFFFFFFFFFA1
:10D00000FFFFFFFFFFFE9000000000000000000097
:10D010000000000004FE3000000000004FFFE200AE
:10D0200000000004FFFFF8000000004FFFFFE200D7
:10D03000000004FFFFFE300000004FFFFFE3000090
:10D040000004FFFFFE300000004FFFFFE300000080
:10D0500004FFFFFE300000004FFFFFE3000000046C
:10D06000FFFFFE300000003FFFFFE3000000006F05
:10D07000FFFFB0000000000AFFFFFB0000000000FF
:10D08000AFFFFFB0000000000AFFFFFB0000000040
:10D0900000AFFFFFB0000000000AFFFFFB00000030
:10D0A0000000AFFFFFB0000000000AFFFFFB000020
:10D0B000000000AFFFFFB0000000000AFFFFF70014
:10D0C00000000000AFFFF500000000000AFF800034
:10D0D00000000000006500000100000000000002E8
:10D0E000DF6000000000001EFFF600000000006F7F
:10D0F000FFFF60000000001EFFFFF60000000002BE
:10D10000EFFFFF60000000002EFFFFF600000000B0
:10D1100002EFFFFF60000000002EFFFFF60000009E
:10D120000002EFFFFF60000000002EFFFFF600008E
:10D13000000002EFFFFF60000000002EFFFFF40080
:10D140000000000AFFFFF7000000009FFFFFC00083
:10D15000000009FFFFFC000000009FFFFFC000006F
:10D160000009FFFFFC000000009FFFFFC00000005F
:10D1700009FFFFFC000000009FFFFFC00000000946
:10D18000FFFFFC000000005FFFFFC0000000003F49
:10D19000FFFC000000000006FFC0000000000000CF
:10D1A000470000000000000000000000178730006A
:10D1B000000000000000000000CFFFF200000000AF
:10D1C000000000000000FFFFF6000000000000006B
:10D1D000000000FFFFF6000000000000000000005B
:10D1E000FFFFF600000000000000000000FFFFF657
:10D1F00000000000000000000000FFFFF60000003B
:10D2000000000000000000FFFFF60000000000002A
:10D2100000000000FFFFF60000000000000000001A
:10D2200000FFFFF600000000001788888888FFFFD5
:10D23000FB8888888830CFFFFFFFFFFFFFFFFFFFDD
:10D24000FFFFF2FFFFFFFFFFFFFFFFFFFFFFFFF505
:10D25000FFFFFFFFFFFFFFFFFFFFFFFFF6EFFFFFF7
:10D26000FFFFFFFFFFFFFFFFFFF44DEEEEEEEEFFCF
:10D27000FFFEEEEEEEED800000000000FFFFF60086
:10D28000000000000000000000FFFFF600000000AA
:10D29000000000000000FFFFF6000000000000009A
:10D2A000000000FFFFF6000000000000000000008A
:10D2B000FFFFF600000000000000000000FFFFF686
:10D2C00000000000000000000000FFFFF60000006A
:10D2D00000000000000000FFFFF60000000000005A
:10D2E00000000000EFFFF40000000000000000005C
:10D2F000004CDD80000000000006777777777777B5
:10D30000777777777720BFFFFFFFFFFFFFFFFFFFF4
:10D31000FFFFF2FFFFFFFFFFFFFFFFFFFFFFFFF534
:10D32000FFFFFFFFFFFFFFFFFFFFFFFFF6EFFFFF26
:10D33000FFFFFFFFFFFFFFFFFFF45EFFFFFFFFFFA9
:10D34000FFFFFFFFFFFE90000000000001489BBAB6
:10D350009730000000000000000000005BFFFFFFAE
:10D36000FFFFFA400000000000000005DFFFFFFFA4
:10D37000FFFFFFFFB30000000000001BFFFFFE7374
:10D3800000149FFFFFF800000000003EFFFFF900BF
:10D390000000001BFFFFFC100000004FFFFFF70024
:10D3A000000100000AFFFFFD1000003FFFFFF90031
:10D3B000000DFFA2000DFFFFFE10001EFFFFFF107B
:10D3C0000000AFFFE3004FFFFFFC000BFFFFFF90EB
:10D3D00000000CFFFFE000DFFFFFF805FFFFFFF597
:10D3E000001008FFFFFF6009FFFFFFF2DFFFFFFFF4
:10D3F000300FDEFFFFFFFA007FFFFFFF9EFFFFFF02
:10D40000F301FFFFFFFFFFB006FFFFFFFA7FFFFF03
:10D41000FF400FFFFFFFFFF9008FFFFFFF40DFFF1F
:10D42000FFF8009FFFFFFFFF400CFFFFFFA003FF7F
:10D43000FFFFD001EFFFFFFFA002FFFFFFE10006AB
:10D44000FFFFFF7002DFFFFFA000AFFFFFF3000050
:10D4500007FFFFFF30006AB940007FFFFFF40000C4
:10D460000007FFFFFF50000000008FFFFFF30000E8
:10D47000000003EFFFFFB3000005CFFFFFC2000075
:10D48000000000018FFFFFFECBDFFFFFFE700000FA
:10D49000000000000019FFFFFFFFFFFFE810000081
:10D4A0000000000000000048CEFFEDB73000000093
:10D4B000000002300000000000000000000000003A
:10D4C0000000000002FF70000000000000000000EB
:10D4D00000000000000000DFFFB0000000000000BE
:10D4E0000000000000000000000BFFFFD200000061
:10D4F00000000000000000000000000009FFFFF530
:10D5000000000037ABBA96200000000000000005C4
:10D51000FFFFF9006BFFFFFFFFFFE82000000000A6
:10D52000000002DFFFFDEFFFFFFFFFFFFFFF9100A5
:10D53000000000000000AFFFFFFFFE730015BFFFFB
:10D54000FFE4000000000000007FFFFFF700000084
:10D55000004EFFFFF8000000000000003EFFFFB19A
:10D56000003420002EFFFFF9000000000000001C26
:10D57000FFFFE30FFFC2003FFFFFF900000000388C
:10D58000000008FFFFF6DFFFF3009FFFFFF600003B
:10D59000000DFB100005FFFFFFFFFFD003FFFFFFA3
:10D5A000F2000008FFFE300002DFFFFFFFFF400E29
:10D5B000FFFFFFB00001FFFFFF600000AFFFFFFFB4
:10D5C000F800DFFFFFFF30001FFFFFFFA000006F2C
:10D5D000FFFFFF800CFFFFFFF40000BFFFFFFF20F5
:10D5E00000003EFFFFF600EFFFFFFD000002FFFF1F
:10D5F000FFF60000001BFFFFE33FFFFFFF400000BE
:10D6000006FFFFFFC000000008FFFFFCFFFFFF80D8
:10D6100000000009FFFFFF4000000004EFFFFFFFD4
:10D62000FFB0000000000AFFFFFE2000000002CF54
:10D63000FFFFFFC000000000000AFFFFFE300000F7
:10D6400000009FFFFFD000000000000006FFFFFF6A
:10D6500093000000005FFFFF800000000000000258
:10D66000BFFFFFFECCC300002DFFFFC10000000084
:10D670000000004BFFFFFFFFF600000BFFFFE40080
:10D680000000000000000169CEFFEDA2000007FFCE
:10D69000FFF7000000000000000000000000000094
:10D6A0000004EFFFFB00000000000000000000008D
:10D6B0000000000001CFFFF10000000000000000AA
:10D6C00000000000000000009FF8000000000000C3
:10D6D0000000000000000000000000470000000003
:10D6E0000000000000010000000000000000000039
:10D6F0000000000000007FFD20000000000000008E
:10D70000000000000000003FFFFD000000000000DE
:10D7100000000000000000000CFFFFF70000000008
:10D7200000000000000000000006FFFFFFE1000015
:10D730000000000000000000000000EFFFFFFF906D
:10D740000000000000000000000000008FFFFFFF4D
:10D75000FF3000000000000000000000002FFFFF6D
:10D76000FFFFFC00000000000000000000000BFFB5
:10D77000FFFFFFFFF50000000000000000000004B4
:10D78000FFFFFFFFFFFFE0000000000000000000BF
:10D7900000DFFFFDDDDEFFFF800000000000000075
:10D7A00000007FFFFE00004FFFFF100000000000A0
:10D7B0000000001FFFFFE00003FFFFFA0000000071
:10D7C0000000000009FFFFFF00004FFFFFF3000013
:10D7D000000000000003FFFFFFF00005FFFFFFC097
:10D7E00000000000000000CFFFFFFF00006FFFFF00
:10D7F000FF600000000000005FFFFFFFF10007FF77
:10D80000FFFFFE1000000000000EFFFFFFFF2000E2
:10D810008FFFFFFFF9000000000008FFFFFFFFF38C
:10D820000009FFFFFFFFF20000000002FFFFFFFF03
:10D83000FF7222CFFFFFFFFFB000000000AFFFFF2D
:10D84000FFFFFFFFFFFFFFFFFFFF400000004FFF54
:10D85000FFFFFFFFA103EFFFFFFFFFFD0000000D33
:10D86000FFFFFFFFFFE00005FFFFFFFFFFF70000E6
:10D8700006FFFFFFFFFFFC00002FFFFFFFFFFFF190
:10D880000001EFFFFFFFFFFFE10006FFFFFFFFFFCB
:10D89000FFA0009FFFFFFFFFFFFFC315FFFFFFFF7C
:10D8A000FFFFFF300FFFFFFFFFFFFFFFFFFFFFFF47
:10D8B000FFFFFFFFF900EFFFFFFFFFFFFFFFFFFF8D
:10D8C000FFFFFFFFFFFF8007FFFFFFFFFFFFFFFFDF
:10D8D000FFFFFFFFFFFFFFF20006ABBBBBBBBBBB05
:10D8E000BBBBBBBBBBBBBBBA9300000000000000CE
:10D8F00000000000005700000000000000000000D1
:10D900000000002FFB0000000000000000000000ED
:10D910000004FFFB00000000000000000000000009
:10D920004FFFFB00DFFFFFFA0000000005EFFFFFE5
:10D93000FFFB0FFFFFFFF900000004FFFFFFFFFFE9
:10D94000FAFFFFFFFFF8000003FFFFFFFFFFFFFFED
:10D95000FFFFFFFFF70003FFFFFFFFFFFFF67999CF
:10D960009BFFFFF302EFFFFE9AFFFFF60000000AA5
:10D97000FFF802EFFFFE204FFFF6000000000BF95A
:10D9800001DFFFFF3003FFF600000000000701DFAA
:10D99000FFFF30001EF600000000000000CFFFFF78
:10D9A0004000000100000000000000CFFFFF500019
:10D9B000000000000000000000BFFFFF5032000028
:10D9C000DF500000000000AFFFFF603FE2003FFFBC
:10D9D00050000000009FFFFF702EFFD104FFFF509A
:10D9E000067777AFFFFF800DFFFFD79FFFFF50FF48
:10D9F000FFFFFFFF90003FFFFFFFFFFFFF4FFFFF15
:10DA0000FFFFA000004FFFFFFFFFFFFEFFFFFFFF34
:10DA1000B00000005FFFFFFFFFFFBEFFFFFFB00091
:10DA20000000006FFFFFFFFFC100000000000000CA
:10DA300000000004FFFFC100000000000000000023
:10DA400000004FFFC10000000000000000000000C7
:10DA500002FFC100000000000000000000000007FD
:10DA600081000000000000000051000000000000E4
:10DA700000000000000BFE2000000000000000007D
:10DA80000000BFFFE20000000000000000000BFFEC
:10DA9000FFFE200000000000000000BFFFFFFFE2CB
:10DAA000000000000000000BFFFFFFFFFE20000051
:10DAB00000000000BFFFFFCFFFFFE20000000000FA
:10DAC0000BFFFFFA05FFFFFE2000000000BFFFFF75
:10DAD000A0005FFFFFE20000000BFFFFFA0000055F
:10DAE000FFFFFE200000BFFFFFA00000005FFFFF60
:10DAF000E2000BFFFFFA0000000005FFFFFE208F91
:10DB0000FFFFA000000000005FFFFFE08FFFFA00B2
:10DB1000000000000005FFFFE00BFFA00000000078
:10DB20000000005FFE200077000000000000000001
:10DB300004920000330000000000000000015000CB
:10DB400007FF60000000000000002EFC005FFFF6F1
:10DB500000000000000002EFFFB09FFFFF60000028
:10DB60000000002EFFFFF01DFFFFF6000000000286
:10DB7000EFFFFF5001DFFFFF600000002EFFFFF509
:10DB800000001DFFFFF6000002EFFFFF5000000144
:10DB9000DFFFFF60002EFFFFF5000000001DFFFF0C
:10DBA000F602EFFFFF500000000001DFFFFF8EFFD5
:10DBB000FFF50000000000001DFFFFFFFFFF500009
:10DBC000000000000001DFFFFFFFF5000000000083
:10DBD0000000001DFFFFFF500000000000000000DB
:10DBE00001DFFFF5000000000000000000001DFF45
:10DBF0005000000000000000000000019400000040
:10DC0000000000000000AD40000000000000000027
:10DC1000000000000000000BFFF400000000000006
:10DC2000000000000000000000BFFFFF40006EFF8A
:10DC3000FFFFFFFFFFFE400000000CFFFFFFF500AD
:10DC4000CFFFFFFFFFFFFFFFA0000000CFFFFFFFA0
:10DC5000FF504FFFFFFFFFFFFFFFB000000CFFFF73
:10DC6000FFFFFFF504AAAAAAAAAAAFFFB00000AF5F
:10DC7000FFFCFFFBFFFF2000000000000EFFB000D4
:10DC800000BFFF49FFF1BFFF3000000000000EFFA2
:10DC9000B000001CF509FFF10BF7000000000000C8
:10DCA0000EFFB00000000009FFF1000000000000BE
:10DCB00000000EFFB00000000009FFF100000000AE
:10DCC000000000000EFFB00000000009FFF100009E
:10DCD0000000000000000EFFB00000000009FFF18E
:10DCE00000000000000000000EFFB000000000096E
:10DCF000FFF10000000000003DB00EFFB02CC1009D
:10DD00000009FFF1000000000001FFFC0EFFB1EF71
:10DD1000FC000009FFF1000000000001FFFFBEFF52
:10DD2000CDFFFD000009FFF99999999999405FFF8E
:10DD3000FFFFFFFFE2000009FFFFFFFFFFFFFFF50E
:10DD400004FFFFFFFFFE20000008FFFFFFFFFFFFB3
:10DD5000FFFE004FFFFFFFE200000004FFFFFFFF98
:10DD6000FFFFFFF90004FFFFFE200000000000009D
:10DD700000000000000000004FFFD2000000000083
:10DD80000000000000000000000003ED1000000093
:10DD90000000000000000000000000000000000083
:10DDA0000006BCCCCCCCCB2000000000000000085A
:10DDB000FFFFFFFFFFFE2000000000000000EFFF5C
:10DDC000FFFFFFFFFE200000000000000FFFFFFF2D
:10DDD000FFFFFFFE32222222222100FFFFFFFFFF72
:10DDE000FFFFFFFFFFFFFFFFFC1FFFFFFFFFFFFF26
:10DDF000FFFFFFFFFFFFFFFBFFFFFFFFFFFFFFFF37
:10DE0000FFFFFFFFFFFFFFFFFFFFFFFFFFFFFFFF22
:10DE1000FFFFFFFFFFFFFFFFFFFFFFFFFFFFFFFF12
:10DE2000FFFFFFFFFFFFFFFFFFFFFFFFFFFFFFFF02
:10DE3000FFFFFFFFFFFFFFFFFFFFFFFFFFFFFFFFF2
:10DE4000FFFFFFFFFFFFFFFFFFFFFFFFFFFFFFFFE2
:10DE5000FFFFFFFFFFFFFFFFFFFFFFFFFFFFFFFFD2
:10DE6000FFFFFFFFFFFFFFFFFFFFFFFFFFFFFFFFC2
:10DE7000FFFFFFFFFFFFFFFFFFFFFFFFFFFFFFFFB2
:10DE8000FFFFFFFFFFFFFFFFFFFFFFFFFFFFFFFFA2
:10DE9000FFFFFFFFFFFFFFFFFFFFFFFFFFFFFFFF92
:10DEA000FFFFFFFFFFFFFFFFFFFFFFFFFFFFFFFF82
:10DEB000FFFFFFFFFFFFFFFFFFFFFFFFFFFFFFFF72
:10DEC000FFFFFFAFFFFFFFFFFFFFFFFFFFFFFFFFB2
:10DED000FFA1AFFFFFFFFFFFFFFFFFFFFFFFFFA15E
:10DEE0000000000000000020000000000000000012
:10DEF00000000000009F90000000000000000000F3
:10DF0000000000AFFFA000000000000000000000C3
:10DF100000AFFFFFA000000000000000000000AF05
:10DF2000FFFFFFA0000000000000000000AFFFFFA7
:10DF3000FFFFA00000000000000000AFFFFFFFFF98
:10DF4000FFA000000000000000AFFFFFFFFFFFFF89
:10DF5000A0000000000000AFFFFFFFFFFFFFFFA0D9
:10DF60000000000000AFFFFFFFFFFFFFFFFFA0006A
:10DF70000000002FFFFFFFFFFFFFFFFFFF2000005B
:10DF800000008BBBBBFFFFFFFBBBBB8000000000A2
:10DF90000000002FFFFFFF20000000000000000035
:10DFA0000002FFFFFFF20000000000000000000080
:10DFB0002FFFFFFF2000000000000000000002FF14
:10DFC000FFFFF2000000000000000000002FFFFF34
:10DFD000FF2000000000000000000002FFFFFFF231
:10DFE000000000000000000000002FFFFFFF2000E5
:10DFF000000000000000000002FFFFFFF200000030
:10E00000000003444444402FFFFFFF2044444443A6
:10E010000CFFFFFFFF20FFFFFFF02FFFFFFFFCFFC4
:10E02000FFFFFFF70377777307FFFFFFFFFFFFFF98
:10E03000FFFFF600000006FFFFFFFFFFFFFFFFFFEF
:10E04000FFFFDDDDDFFFFFFFFFFFFFFFFFFFFFFF44
:10E05000FFFFFFFFFFFFFFFFFFFFFFFFFFFFFFFFD0
:10E06000FFFFFE14F909FFFFFFFFFFFFFFFFFFFFA8
:10E07000FFE14F90AFFFFFFFFFFFFFFFFFFFFFFF3D
:10E08000FFFFFFFFE499999999999999999999991D
:10E090009999940000000000000000000000530067
:10E0A00000000000000000000000000008FFFB84EA
:10E0B00000000000000000000000000EFFFFFFF95C
:10E0C000000000000000000000006FFFFFFFFF00E5
:10E0D000000000000000000000DFFFFFFFFF000065
:10E0E0000000000000000004FFFFFFFFFE00000032
:10E0F0000000000000000AFFFFFFFFFC000000001E
:10E1000000000000001FFFFFFFFFFA0000000000FA
:10E11000000000004FFFFFFFFFF8000000000000BC
:10E1200000000009FFFFFFFFF400000000000000F6
:10E130000000007FFFFFFFF0000000000000000073
:10E14000000004FFFFFFC00000000000000000000E
:10E1500000009FFFFF6000000000000000000000C2
:10E1600002FFFFFF10000000000000000000000B95
:10E17000FFFFF800000000000000000000006FFF3B
:10E18000FFF10000000000000000000002FFFFFFA0
:10E1900080000000000000000000001EFFFFFD00E6
:10E1A0000000000004A600000002DFFFFFF30000F3
:10E1B000000007DFFF5000003EFFFFFF700000007F
:10E1C00029FFFFFFF30007FFFFFFF900000009FF31
:10E1D000FFFFFFFE14DFFFFFFFA00000000FFFFFA7
:10E1E000FFFFFFFFFFFFFFFA000000000BFFFFFF34
:10E1F000FFFFFFFFFFFF800000000008FFFFFFFFA1
:10E20000FFFFFFFFF5000000000004FFFFFFFFFF1E
:10E21000FFFFFB20000000000000FFFFFFFFFFFFEB
:10E22000FD5000000000000000DFFFFFFFFFFC507A
:10E2300000000000000000009FFFFFFFC82000005A
:10E240000000000000000019987530000000000078
:10E2500000000000000003787200000000000000D1
:10E26000000001BFFFFF9000000000017995000C45
:10E27000FFFFFFFB000000004FFFFFC07FFFFFFF1D
:10E28000FF50000005FFFFFFF3DFFF617FFFB000DD
:10E29000005FFFFFFF60FFFB000DFFD00006FFFFE8
:10E2A000FFF600EFFD000EFFC0006FFFFFFF6000F4
:10E2B000BFFFC8DFFF9007FFFFFFF600004FFFFF23
:10E2C000FFFFF57FFFFFFF60000007FFFFFFFFFF7D
:10E2D000FFFFFFF6000000004CFFFFFFFFFFFFFF06
:10E2E000600000000000016FFFFFFFFFF60000006C
:10E2F0000000000007FFFFFFFF60000000000000BB
:10E300000006FFFFFFFF20000000000000005FFF8D
:10E31000FFFFFFE200000000003BFFFFFFFFFFFFE9
:10E32000FE2000000005FFFFFFFFFFFFFFFFE200F0
:10E3300000002FFFFFFFFFF69FFFFFFE200000AF52
:10E34000FFD9EFFF9009FFFFFFE20000EFFE001F83
:10E35000FFC0009FFFFFFE2000FFFA000CFFD0006F
:10E3600008FFFFFFE200EFFE203FFFB000008FFF3D
:10E37000FFFE209FFFFDFFFF70000008FFFFFFE191
:10E380001EFFFFFFFD000000008FFFFFE203EFFF15
:10E39000FFD20000000005CEEA200017CDB7000034
:10E3A000000000000000000000000056666666667F
:10E3B000005000000000000AFFFFFFFFFF11FB00FC
:10E3C000000000000CFFFFFFFFFF11FFB000000086
:10E3D000000CFFFFFFFFFF11FFFB000000000CFF20
:10E3E000FFFFFFFF11FFFFB00000000CFFFFFFFF6A
:10E3F000FF11FFFFF58EFFF60CFFFFFFFFFF10116F
:10E400001110FFFFF70CFFFFFFFFFF92222220FFFA
:10E41000FFF70CFFFFFFFFFFFFFFFFF6FFFFF70C0B
:10E42000FFFFFFFFFFFFFFFFF6FFFFF70CFFFFFF00
:10E43000FFFFFFFFFFF6FFFFF70CFFFFFFFFFFFFF0
:10E44000FFFFF6FFFFF70CFFFFFFFFFFFFFFFFF6E9
:10E45000FFFFF70CFFFFFFFFFFFFFFFFF6FFFFF7D8
:10E460000CFFFFFFFFFFFFFFFFF6FFFFF70CFFFFB3
:10E47000FFFFFFFFFFFFF6FFFFF70CFFFFFFFFFFB0
:10E48000FFFFFFF6FFFFF70CFFFFFFFFFFFFFFFFA0
:10E49000F6FFFFF70CFFFFFFFFFFFFFFFFF6FFFF99
:10E4A000F70CFFFFFFFFFFFFFFFFF6FFFFF70CFF7B
:10E4B000FFFFFFFFFFFFFFF6FFFFF70CFFFFFFFF70
:10E4C000FFFFFFFFF6FFFFF70CFFFFFFFFFFFFFF60
:10E4D000FFF5FFFFF908FFFFFFFFFFFFFFFFF2FF60
:10E4E000FFFE10233333333333333310FFFFFFD4B6
:10E4F000000000000000000000FFFFFFFFFFFFFF23
:10E50000FFFF10000000FFFFFFFFFFFFFFFFFF10F6
:10E51000000000FFFFFFFFFFFFFFFFFF0000000004
:10E5200049AAAAAAAAAAAAAA950000000003899942
:10E53000999999999999710000006FFFFFFFFFFF6A
:10E54000FFFFFFFE200000DFFFFFFFFFFFFFFFFFD9
:10E55000FFE20000FFFFFFFFFFFFFFFFFFFFFE20C6
:10E5600000FFFB10000000000003FFFFE200FFFAC5
:10E5700000000000000000EFFFFE20FFFA00000096
:10E5800000000000EFFFFFD0FFFA000000000000D5
:10E5900000EFFFFFF3FFFA00000000000000EFFFB4
:10E5A000FFF5FFFA00000000000000EFFFFFF5FF9D
:10E5B000FA00000000000000FFFFFFF5FFFFBAAA0D
:10E5C000AAAAAAAAABFFFFFFF5FFFFFFFFFFFFFF0D
:10E5D000FFFFFFFFFFF5FFFFFFFFFFFFFFFFFFFF55
:10E5E000FFFFF5FFFFFFFFFFFFFFFFFFFFFFFFF54F
:10E5F000FFFFFFFFFFA2017FFFFFFFFFF5FFFFFF10
:10E60000FFFB000006FFFFFFFFF5FFFFFFFFF3002A
:10E610000000EFFFFFFFF5FFFFFFFFF1000000CF5D
:10E62000FFFFFFF5FFFFFFFFF2000000DFFFFFFF2E
:10E63000F5FFFFFFFFF8000003FFFFFFFFF5FFFFFF
:10E64000FFFFFF60003EFFFFFFFFF5FFFFFFFFFF43
:10E65000FDBCFFFFFFFFFFF5FFFFFFFFFFFFFFFF19
:10E66000FFFFFFFFF4AFFFFFFFFFFFFFFFFFFFFF15
:10E67000FFE009EFFFFFFFFFFFFFFFFFFFFC30CFD1
:10E68000FFFFFFFFFFFFFFFFFFFFFFF3FFFFFFFFA6
:10E69000FFFFFFFFFFFFFFFFF6FFFFFFFFFFFFFF93
:10E6A000FFFFFFFFFFF6DFFFFFFFFFFFFFFFFFFFA3
:10E6B000FFFFF401111111111111111111111100AC
:10E6C000000000000000000000000000000000004A
:10E6D000000000000000000000000000000000003A
:10E6E000000000000000000000000000000000002A
:10E6F00000000000BFFFFFFFFFFFFFFFFFFFFFFF66
:10E70000E3FFFFFFFFFFFFFFFFFFFFFFFFF6FFFF3E
:10E71000FFFFFFFFFFFFFFFFFFFFF6DFFFFFFFFF32
:10E72000FFFFFFFFFFFFFFF402222222222222220C
:10E730002222222210000000000000000000000041
:10E7400000000000000000000000000000000000C9
:10E7500000000000000000000000000000000000B9
:10E76000000000000000000000BFFFFFFFFFFFFFF0
:10E77000FFFFFFFFFFE3FFFFFFFFFFFFFFFFFFFFC5
:10E78000FFFFF6FFFFFFFFFFFFFFFFFFFFFFFFF6AB
:10E79000DFFFFFFFFFFFFFFFFFFFFFFFF40222226B
:10E7A000222222222222222222100378888888888C
:10E7B000888888888888887305FFFFFFFFFFFFFF30
:10E7C000FFFFFFFFFFFFF5DFFFFFFFFFFFFFFFFF83
:10E7D000FFFFFFFFFFDFFFFFFFFFFFFFFFFFFFFF69
:10E7E000FFFFFFFFEFFFFFFFFFFFFFFFFFFFFFFF49
:10E7F000FFFFE4FFFFFFFFFFFFFFFFFFFFFFFFFF44
:10E80000F402CFFFFFFFFFFFFFFFFFFFFFFFC20488
:10E81000009FFFFFFFFFFFFFFFFFFFFF9007FA10C2
:10E820005FFFFFFFFFFFFFFFFFFF502DFFFE302CBC
:10E83000FFFFFFFFFFFFFFFC205FFFFFFF8008FFE0
:10E84000FFFFFFFFFFF800AFFFFFFFFFC204EFFF76
:10E85000FFFFFFE403DFFFFFFFFFFFF501BFFFFF47
:10E86000FFB107FFFFFFFFFFFFFFFA107FFFFF7001
:10E870001BFFFFFFFFFFFFFFFFFD202AEA203EFFF7
:10E88000FFFFFFFFFFFFFFFFFF7000008FFFFFFF95
:10E89000FFFFFFFFFFFFFFFFE979EFFFFFFFFFFF34
:10E8A000FFFFFFFFFFFFFFFFFFFFFFFFFFFFFFFF78
:10E8B000FFFFFFFFFFFFFFFFFFFFFFFFFFFFFFFF68
:10E8C000FFFFFFFFFFFFFFFFFFFFFFFFAFFFFFFFA8
:10E8D000FFFFFFFFFFFFFFFFFFFFA1AFFFFFFFFFF6
:10E8E000FFFFFFFFFFFFFFFFA100025555555540F9
:10E8F000000000001FFFFFFFFFF8000000004FFFB7
:10E90000FFFFFFF8000000006FFFFFFFFFF40000B3
:10E9100000008FFFFFFFFFE000000000AFFFFFFFE0
:10E92000FF9000000000DFFFFFFFFF40000000003D
:10E93000FFFFFFFFFE0000000001FFFFFFFFFA00E6
:10E9400000000003FFFFFFFFF84444441005FFFFF1
:10E95000FFFFFFFFFFFFE007FFFFFFFFFFFFFFFFDE
:10E96000F009FFFFFFFFFFFFFFFF800BFFFFFFFF2F
:10E97000FFFFFFFE000EFFFFFFFFFFFFFFF5000F91
:10E98000FFFFFFFFFFFFFFC00008EFFFFFFFFFFFDC
:10E99000FF3000000000000FFFFFF9000000000042
:10E9A000004FFFFFF10000000000008FFFFF70002C
:10E9B0000000000000BFFFFD00000000000000FF9D
:10E9C000FFF400000000000003FFFFB000000000A3
:10E9D000000007FFFF200000000000000BFFF9000F
:10E9E0000000000000000EFFE10000000000000039
:10E9F0002FFF60000000000000006FFD000000001D
:10EA0000000000007FF4000000000000000018502B
:10EA100000000000000000000145100000000000A0
:10EA200000000000004FFFF600000000000000386A
:10EA30009999FFFFFF99998400000000EFFFFFFE06
:10EA400010DFFFFFFF10000000FFFFFFFC00AFFF23
:10EA5000FFFF20000000FFFFFFFF77FFFFFFFF2009
:10EA6000000000FFFFFFFFFFFFFFFFFF200000008F
:10EA7000FFFFFFFFFFFFFFFFFF10000000FFFFFF92
:10EA8000FFA20000000000000000FFFFFFFC0045A7
:10EA900055555500400000FFFFFFF50CFFFFFFFF3D
:10EAA00021FA0000FFFFFFF40EFFFFFFFF21FFA090
:10EAB00000FFFFFFF40FFFFFFFFF21FFFA00FFFF42
:10EAC000FFF40FFFFFFFFF21FFFFA0FFFFFFF40F89
:10EAD000FFFFFFFF21FFFFF4FFFFFFF40FFFFFFF2A
:10EAE000FF20222220FFFFFFF40FFFFFFFFF810026
:10EAF0000000FFFFFFF40FFFFFFFFFFFFFFFF6FF28
:10EB0000FFFFF40FFFFFFFFFFFFFFFF6FFFFFFF424
:10EB10000FFFFFFFFFFFFFFFF6FFFFFFF40FFFFFF9
:10EB2000FFFFFFFFFFF6FFFFFFF40FFFFFFFFFFFF9
:10EB3000FFFFF6FFFFFFF40FFFFFFFFFFFFFFFF6F2
:10EB4000CFFFFFF40FFFFFFFFFFFFFFFF60333339D
:10EB5000300FFFFFFFFFFFFFFFF6000000000FFF79
:10EB6000FFFFFFFFFFFFF6000000000FFFFFFFFFAA
:10EB7000FFFFFFF6000000000FFFFFFFFFFFFFFF9A
:10EB8000F6000000000EFFFFFFFFFFFFFFF5000093
:10EB90000000049AAAAAAAAAAAAA7000000000006B
:10EBA000017400000000000000000000000DFF30B4
:10EBB000000000000000000000001FFF70000000C7
:10EBC000000000000000017FFFB300000000000013
:10EBD000000002AFFFFFFFD4000000000000005F54
:10EBE000FFFFFFFFFF90000000000004FFFFFFFF9A
:10EBF000FFFFF900000000001EFFFFFFFFFFFFFF07
:10EC000050000000008FFFFFFFFFFFFFFFE000004C
:10EC10000000EFFFFFFFFFFFFFFFF400000003FF16
:10EC2000FFFFFFFFFFFFFFF800000005FFFFFFFFF2
:10EC3000FFFFFFFFFA00000006FFFFFFFFFFFFFFDF
:10EC4000FFFC00000007FFFFFFFFFFFFFFFFFD00CD
:10EC5000000008FFFFFFFFFFFFFFFFFE0000000BAB
:10EC6000FFFFFFFFFFFFFFFFFF1000000EFFFFFF92
:10EC7000FFFFFFFFFFFF4000003FFFFFFFFFFFFF21
:10EC8000FFFFFF9000009FFFFFFFFFFFFFFFFFFF61
:10EC9000E00003FFFFFFFFFFFFFFFFFFFFF9002E74
:10ECA000FFFFFFFFFFFFFFFFFFFFFF70CFFFFFFF33
:10ECB000FFFFFFFFFFFFFFFFF2EFFFFFFFFFFFFF81
:10ECC000FFFFFFFFFFF56FFFFFFFFFFFFFFFFFFFEE
:10ECD000FFFFB00000000000000000000000000086
:10ECE0000000000000000000000000000000000024
:10ECF000000EFFFFFF40000000000000000009FFC1
:10ED0000FFFE00000000000000000001DFFFF40033
:10ED10000000000000000000000698200000000035
:10ED200000059AAAAAAAAAAAAAAAAAAAAAAAAAAAA2
:10ED30008207FFFFFFFFFFFFFFFFFFFFFFFFFFFF58
:10ED4000FFF2EFFFFFFFFFFFFFFFFFFFFFFFFFFFF0
:10ED5000FFFF8FFFFFFFFFFFFFFFFFFFFFFFFFFF33
:10ED6000FFFFF9FFFB000DF2002FC000EF000BF3D7
:10ED7000001FFFAFFFA000CF1001FB000EF000AF9F
:10ED80002000FFFAFFFA000CF1001FB000EF000AAC
:10ED9000F2000FFFAFFFFBBBFFDBBDFFBBCFFCBB38
:10EDA000FFDBBCFFFAFFFFFFFFFFFFFFFFFFFFFFDF
:10EDB000FFFFFFFFFFAFFFFFF8113FF2119F71163A
:10EDC000FA111DFFFFFAFFFFFF5000FF0006F400DD
:10EDD0003F8000BFFFFFAFFFFFF5000FF0006F4067
:10EDE00003F8000BFFFFFAFFFFFF8002FF2009F787
:10EDF000005FA001DFFFFFAFFFFFFFFFFFFFFFFF8F
:10EE0000FFFFFFFFFFFFFFFAFFFFCCCFFDCCCCCC15
:10EE1000CCCCCCCFFECCDFFFAFFFA000CF100000EA
:10EE200000000000BF3000FFFAFFFA000CF1000004
:10EE3000000000000AF2000FFFAFFFA000CF10009B
:10EE40000000000000AF2000FFFAFFFFAAAFFBAAFE
:10EE5000AAAAAAAAAAAFFCAABFFFAFFFFFFFFFFFA3
:10EE6000FFFFFFFFFFFFFFFFFFFFF9AFFFFFFFFF08
:10EE7000FFFFFFFFFFFFFFFFFFFFFF41AFFFFFFFB0
:10EE8000FFFFFFFFFFFFFFFFFFFFFE60000000002E
:10EE9000000000000000000000350000000000003D
:10EEA0000000000000000005DFFE20000000000060
:10EEB0000000000000007EFFFFFC000000000000DA
:10EEC0000000000018FFFFFFFFF00000000000003E
:10EED0000000029FFFFFFFFFFB000000000000009A
:10EEE000003BFFFFFFFFFFFF4000000000000005A8
:10EEF000CFFFFFFFFFFFFFD00000000000006DFF0D
:10EF0000FFFFFFFFFFFFF5000000000017EFFFFF0E
:10EF1000FFFFFFFFFFFE00000000018FFFFFFFFF6C
:10EF2000FFFFFFFFFF700000002AFFFFFFFFFFFF52
:10EF3000FFFFFFFFE0000003BFFFFFFFFFFFFFFF3A
:10EF4000FFFFFFF8000005FFFFFFFFFFFFFFFFFFD0
:10EF5000FFFFFF100000EFFFFFFFFFFFFFFFFFFFBE
:10EF6000FFFF9000000FFFFFFFFFFFFFFFFFFFFF0E
:10EF7000FFF2000000AFFFFFFFFFFFFFFFFFFFFFFB
:10EF8000FB00000001AEFFFFFFFFFFFFFFFFFFFFE1
:10EF9000300000000000000000005FFFFFFFFFC026
:10EFA00000000000000000000005FFFFFFFFF4006C
:10EFB0000000000000000000005FFFFFFFFD0000F8
:10EFC000000000000000000005FFFFFFFF600000E0
:10EFD00000000000000000005FFFFFFFE0000000F5
:10EFE0000000000000000005FFFFFFF70000000028
:10EFF000000000000000005FFFFFFF1000000000A5
:10F0000000000000000005FFFFFF8000000000007E
:10F010000000000000005FFFFFF1000000000000A2
:10F02000000000000004FFFFFA00000000000000E4
:10F0300000000000003FFFFF200000000000000073
:10F040000000000000BFFF90000000000000000072
:10F05000000000000079500000000000001444444B
:10F060004444443012000000DFFFFFFFFFFFB05FA9
:10F07000600000FFFFFFFFFFFFB05FF60000FFFF33
:10F08000FFFFFFFFB05FFF6000FFFFFFFFFFFFB06C
:10F090005FFFF600FFFFFFFFFFFFB05FFFFF60FFB6
:10F0A000FFFFFFFFFFB05FFFFFF5FFFFFFFFFFFF69
:10F0B000B05FFFFFFDFFFFFFFFFFFFB0000000009C
:10F0C000FFFFFFFFFFFFF411111111FFFFFFFFFF13
:10F0D000FFFFFFFFFFFEFFFFFFFFFFFFFFFFFFFF41
:10F0E000FEFFFFFFFFFFFFFFFFFFFFFEFFFFFFFF32
:10F0F000FFFFFFFFFFFFFEFFFFFFFFFFFFFFFFFF21
:10F10000FFFEFFFFFFFFFFFFFFFFFFFFFEFFFFFF11
:10F11000FFFFFFFFFFFFFFFEFFFFFFFFFFFFFFFF00
:10F12000FFFFFEFFFFFFFFFFFFFFFFFFFFFEFFFFF1
:10F13000FFFFFFFFFFFFFFFFFEFFFFFFFFFFFFFFE0
:10F14000FFFFFFFEFFFFFFFFFFFFFFFFFFFFFEFFD1
:10F15000FFFFFFFFFFFFFFFFFFFEFFFFFFFFFFFFC0
:10F16000FFFFFFFFFEFFFFFFFFFFFFFFFFFFFFFEB1
:10F17000FFFFFFFFFFFFFFFFFFFFFEFFFFFFFFFFA0
:10F18000FFFFFFFFFFFEFFFFFFFFFFFFFFFFFFFF90
:10F19000FEFFFFFFFFFFFFFFFFFFFFFE7DDDDDDD69
:10F1A000DDDDDDDDDDDDD60000000000000000005B
:10F1B000000000000000000000000000000000004F
:10F1C0002567898752000000000000000000000051
:10F1D000016BFFFFFFFFFFFFC820000000000000E1
:10F1E00000005CFFFFFFFFFFFFFFFFFFD7000000F5
:10F1F00000000005DFFFFFFFFFFFFFFFFFFFFFFE37
:10F2000080000000002BFFFFFFFFFFFFFFFFFFFF5D
:10F21000FFFFFFD40000006FFFFFFFFFA7420000C9
:10F220001369EFFFFFFFF900009FFFFFFFB400002D
:10F23000000000000039FFFFFFFC10BFFFFFFB20B4
:10F240000000000000000000019FFFFFFE1CFFFF08
:10F25000E400000000000000000000002CFFFFF1AF
:10F260001DFFB10000000024677652000000000876
:10F27000FFF3001C9000000039EFFFFFFFFFA50027
:10F28000000006D3000000000003CFFFFFFFFFFFD8
:10F29000FFFE60000000000000000009FFFFFFFF0C
:10F2A000FFFFFFFFFFC2000000000000002DFFFF76
:10F2B000FFFFFFFFFFFFFFFFF40000000000000959
:10F2C000FFFFFFD95211248CFFFFFFD00000000088
:10F2D00000002EFFFD500000000003BFFFF40000FF
:10F2E00000000000002EF9000000000000006FF593
:10F2F00000000000000000001300000000000000FB
:10F300000023000000000000000000000000015584
:10F3100020000000000000000000000000000000CD
:10F3200004FFFF700000000000000000000000006B
:10F33000000001FFFFFF400000000000000000008F
:10F3400000000000006FFFFFFA0000000000000056
:10F350000000000000000007FFFFFFB000000000F9
:10F36000000000000000000000004FFFFFF8000058
:10F3700000000000000000000000000000BFFFFDD2
:10F38000100000000000000000000000000000006D
:10F390007CD910000000000000000019EFFFFFFF03
:10F3A000FFFFFFFFFFFFFFFFFFFFFEB2000AFFFFAF
:10F3B000FFFFFFFFFFFFFFFFFFFFFFFFFFFFD0008B
:10F3C000FFFFFFFFFFFFFFFFFFFFFFFFFFFFFFFF4D
:10F3D000FF300FFFEAAAAAAAAAAAAAAAAAAAAAAAB8
:10F3E000AAACFFF710FFFA000000000000000000C8
:10F3F000000000005FFFFE0FFFA02444444444448B
:10F4000044444444444405FFFFF1FFFA09FFFFFF71
:10F41000FFFFFFFFFFFFFFFFF05FFFFF1FFFA09F4A
:10F42000FFFFFFFFFFFFFFFFFFFFFF014AFFF1FFAD
:10F43000FA09FFFFFFFFFFFFFFFFFFFFFFF0008F55
:10F44000FF1FFFA09FFFFFFFFFFFFFFFFFFFFFFF6B
:10F450000008FFF1FFFA09FFFFFFFFFFFFFFFFFFBB
:10F46000FFFFF013AFFF1FFFA09FFFFFFFFFFFFF96
:10F47000FFFFFFFFFF05FFFFF1FFFA08FFFFFFFFA0
:10F48000FFFFFFFFFFFFFFF05FFFFF1FFFA0000078
:10F490000000000000000000000005FFFFE0FFFD8D
:10F4A00099999999999999999999999999BFFF9247
:10F4B0000FFFFFFFFFFFFFFFFFFFFFFFFFFFFFFF4C
:10F4C000FFF300BFFFFFFFFFFFFFFFFFFFFFFFFF97
:10F4D000FFFFFFFE0001BFFFFFFFFFFFFFFFFFFF7A
:10F4E000FFFFFFFFFFFD30000000000000000000F4
:10F4F000000000000000000000000019EFFFFFFF07
:10F50000FFFFFFFFFFFFFFFFFFFFFEB2000AFFFF4D
:10F51000FFFFFFFFFFFFFFFFFFFFFFFFFFFFD00029
:10F52000FFFFFFFFFFFFFFFFFFFFFFFFFFFFFFFFEB
:10F53000FF300FFFEAAAAAAAAAAAAAAAAAAAAAAA56
:10F54000AAACFFF710FFFA00000000000000000066
:10F55000000000005FFFFE0FFFA034444444444419
:10F5600044444410000005FFFFF1FFFA0CFFFFFFC9
:10F57000FFFFFFFFFFF50000005FFFFF1FFFA0CFB1
:10F58000FFFFFFFFFFFFFFFF500000014AFFF1FFF9
:10F59000FA0CFFFFFFFFFFFFFFFFF5000000008FE9
:10F5A000FF1FFFA0CFFFFFFFFFFFFFFFFF50000087
:10F5B0000008FFF1FFFA0CFFFFFFFFFFFFFFFFF561
:10F5C00000000013AFFF1FFFA0CFFFFFFFFFFFFFF3
:10F5D000FFFF50000005FFFFF1FFFA0BFFFFFFFFE9
:10F5E000FFFFFFFFF50000005FFFFF1FFFA000000F
:10F5F0000000000000000000000005FFFFE0FFFD2C
:10F6000099999999999999999999999999BFFF92E5
:10F610000FFFFFFFFFFFFFFFFFFFFFFFFFFFFFFFEA
:10F62000FFF300BFFFFFFFFFFFFFFFFFFFFFFFFF35
:10F63000FFFFFFFE0001BFFFFFFFFFFFFFFFFFFF18
:10F64000FFFFFFFFFFFD3000000000000000000092
:10F65000000000000000000000000019EFFFFFFFA5
:10F66000FFFFFFFFFFFFFFFFFFFFFEB2000AFFFFEC
:10F67000FFFFFFFFFFFFFFFFFFFFFFFFFFFFD000C8
:10F68000FFFFFFFFFFFFFFFFFFFFFFFFFFFFFFFF8A
:10F69000FF300FFFEAAAAAAAAAAAAAAAAAAAAAAAF5
:10F6A000AAACFFF710FFFA00000000000000000005
:10F6B000000000005FFFFE0FFFA0244444444444C8
:10F6C00040000000000005FFFFF1FFFA09FFFFFF07
:10F6D000FFFFFF1000000000005FFFFF1FFFA09F63
:10F6E000FFFFFFFFFFF10000000000014AFFF1FFF4
:10F6F000FA09FFFFFFFFFFFF100000000000008F6E
:10F70000FF1FFFA09FFFFFFFFFFFF10000000000B1
:10F710000008FFF1FFFA09FFFFFFFFFFFF100000E5
:10F7200000000013AFFF1FFFA09FFFFFFFFFFFF1CF
:10F73000000000000005FFFFF1FFFA09FFFFFFFFD7
:10F74000FFFF1000000000005FFFFF1FFFA0000090
:10F750000000000000000000000005FFFFE0FFFDCA
:10F7600099999999999999999999999999BFFF9284
:10F770000FFFFFFFFFFFFFFFFFFFFFFFFFFFFFFF89
:10F78000FFF300BFFFFFFFFFFFFFFFFFFFFFFFFFD4
:10F79000FFFFFFFE0001BFFFFFFFFFFFFFFFFFFFB7
:10F7A000FFFFFFFFFFFD3000000000000000000031
:10F7B000000000000000000000000019EFFFFFFF44
:10F7C000FFFFFFFFFFFFFFFFFFFFFEB2000AFFFF8B
:10F7D000FFFFFFFFFFFFFFFFFFFFFFFFFFFFD00067
:10F7E000FFFFFFFFFFFFFFFFFFFFFFFFFFFFFFFF29
:10F7F000FF300FFFEAAAAAAAAAAAAAAAAAAAAAAA94
:10F80000AAACFFF710FFFA000000000000000000A3
:10F81000000000005FFFFE0FFFA0144444440000FE
:10F8200000000000000005FFFFF1FFFA05FFFFFFE9
:10F83000E000000000000000005FFFFF1FFFA05F6E
:10F84000FFFFFE0000000000000000014AFFF1FF82
:10F85000FA05FFFFFFE00000000000000000008F3D
:10F86000FF1FFFA05FFFFFFE000000000000000080
:10F870000008FFF1FFFA05FFFFFFE00000000000B5
:10F8800000000013AFFF1FFFA05FFFFFFE0000009E
:10F89000000000000005FFFFF1FFFA05FFFFFFD0A9
:10F8A00000000000000000005FFFFF1FFFA000003D
:10F8B0000000000000000000000005FFFFE0FFFD69
:10F8C00099999999999999999999999999BFFF9223
:10F8D0000FFFFFFFFFFFFFFFFFFFFFFFFFFFFFFF28
:10F8E000FFF300BFFFFFFFFFFFFFFFFFFFFFFFFF73
:10F8F000FFFFFFFE0001BFFFFFFFFFFFFFFFFFFF56
:10F90000FFFFFFFFFFFD30000000000000000000CF
:10F91000000000000000000000000019EFFFFFFFE2
:10F92000FFFFFFFFFFFFFFFFFFFFFEB2000AFFFF29
:10F93000FFFFFFFFFFFFFFFFFFFFFFFFFFFFD00005
:10F94000FFFFFFFFFFFFFFFFFFFFFFFFFFFFFFFFC7
:10F95000FF300FFFEAAAAAAAAAAAAAAAAAAAAAAA32
:10F96000AAACFFF710FFFA00000000000000000042
:10F97000000000005FFFFE0FFFA00000000000007D
:10F9800000000000000005FFFFF1FFFA000000008A
:10F990000000000000000000005FFFFF1FFFA0004C
:10F9A0000000000000000000000000014AFFF1FF1D
:10F9B000FA00000000000000000000000000008FBE
:10F9C000FF1FFFA00000000000000000000000007A
:10F9D0000008FFF1FFFA0000000000000000000036
:10F9E00000000013AFFF1FFFA00000000000000098
:10F9F000000000000005FFFFF1FFFA00000000001A
:10FA000000000000000000005FFFFF1FFFA00000DB
:10FA10000000000000000000000005FFFFE0FFFD07
:10FA200099999999999999999999999999BFFF92C1
:10FA30000FFFFFFFFFFFFFFFFFFFFFFFFFFFFFFFC6
:10FA4000FFF300BFFFFFFFFFFFFFFFFFFFFFFFFF11
:10FA5000FFFFFFFE0001BFFFFFFFFFFFFFFFFFFFF4
:10FA6000FFFFFFFFFFFD300000000000000000006E
:10FA70000000000000000000000000000000000086
:10FA80000000000006DF9000000000000000000001
:10FA900000000000000005FFFFB0000000000000B3
:10FAA000000000000000002BEFFFFFFF200000001F
:10FAB0000000000000000000002EFFFFFFFFF2002A
:10FAC00000000000000000000000000BFB217FFF91
:10FAD000FC00000000000000000000000004FE1018
:10FAE000007FFB100000000000000000000000008C
:10FAF000CF7000000000000000000000002AEEA20D
:10FB000000003FF000000000000000042000002E74
:10FB1000FFFFE2000BF80000000000000000BF80C3
:10FB2000000AFFFFFFB007FE100000000000000009
:10FB30000CFFE500FFFFFFFFFFFFFFFFFFFFFFFFE1
:10FB4000FFFFFFFFFFFB1FFFFFFFFFFFFFFFFFFFA9
:10FB5000FFFFFFFFFFFFFFFFD2BFFFFFFB00000023
:10FB60007FF1000000000000CFFE6002FFFFFF30C9
:10FB7000000000BF8000000000000CF9100002BF70
:10FB8000FB3000000003FE000000000000530000F6
:10FB900000000000000000000CF600000000000063
:10FBA00000000000000000000000004FE000BFFF68
:10FBB000FF30000000000000000000000000CFA0A7
:10FBC0000CFFFFF400000000000000000000000037
:10FBD00002FFFEFFFFFF40000000000000000000E9
:10FBE00000000003CFFFFFFFF40000000000000052
:10FBF0000000000000000001CFFFFF4000000000F7
:10FC0000000000000000000000000CFFFFF30000F7
:10FC100000000000000000000000000000011111C1
:10FC200000000000000000000000011000000000C3
:10FC3000000000007BFFFFFEA5000000000006EFB3
:10FC4000FFFFFFFFFD3000000009FFFFFF6FFFFF18
:10FC5000FF40000009FFFFFFF07FFFFFFF200003D0
:10FC6000FFFFFFFF009FFFFFFB0000BFFFFFFFF054
:10FC700000AFFFFFF2001FFFFFFFFF0000BFFFFF0D
:10FC80008006FFFFFFFFF00600CFFFFD00AFFFE2A1
:10FC90006FFF00E801DFFFF00DFFF9006FF00EF4D9
:10FCA00002FFFF30FFFFF8006F00E900CFFFF50F04
:10FCB000FFFFF800600700BFFFFF62FFFFFFF800D3
:10FCC00000009FFFFFF72FFFFFFFF800008FFFFFEF
:10FCD000FF82FFFFFFFFF4003FFFFFFFF82FFFFF52
:10FCE000FFF900008FFFFFFF82FFFFFFF900000018
:10FCF0009FFFFFF71FFFFFF900500600AFFFFF60F7
:10FD0000FFFFF9005F00E700AFFFF50DFFFA005FAE
:10FD1000F00EF400EFFF30AFFFE25FFF00E800AF4E
:10FD2000FFF006FFFFEFFFF10700AFFFFD001FFF31
:10FD3000FFFFFF10009FFFFF8000AFFFFFFFF100FC
:10FD40009FFFFFF20002FFFFFFFF109FFFFFFA007F
:10FD50000006FFFFFFF19FFFFFFF10000006FFFFFF
:10FD6000FFAFFFFFFF4000000003BFFFFFFFFFFCEE
:10FD700030000000000026ABCDCA72000000000079
:10FD8000000015666666300000000000000000DF1D
:10FD9000FFFFFFF3000000006999999AFFFFFFFF42
:10FDA000FD99999981FFFFFFFFFFFFFFFFFFFFFF15
:10FDB000FFF5FFFFFFFFFFFFFFFFFFFFFFFFF6DF86
:10FDC000FFFFFFFFFFFFFFFFFFFFFFF3000000004B
:10FDD0000000000000000000000000000000000023
:10FDE00000000000000003FFFFFFFFFFFFFFFFFF19
:10FDF000FFF90003FFFFFFFFFFFFFFFFFFFFF90019
:10FE000003FFFFFFFFFFFFFFFFFFFFF90003FFFFFF
:10FE1000EAFFFFAEFFFDBFFFF90003FFFF60DFFD5C
:10FE200006FFF40FFFF90003FFFF50DFFC06FFF3AE
:10FE30000FFFF90003FFFF50DFFC06FFF30FFFF990
:10FE40000003FFFF50DFFC06FFF30FFFF90003FF85
:10FE5000FF50DFFC06FFF30FFFF90003FFFF50DF49
:10FE6000FC06FFF30FFFF90003FFFF50DFFC06FF66
:10FE7000F30FFFF90003FFFF50DFFC06FFF30FFF56
:10FE8000F90003FFFF50DFFC06FFF30FFFF900034B
:10FE9000FFFF50DFFC06FFF30FFFF90003FFFF50E9
:10FEA000DFFC06FFF30FFFF90003FFFF50DFFC0646
:10FEB000FFF30FFFF90003FFFF50DFFC06FFF30F16
:10FEC000FFF90003FFFF82EFFE19FFF72FFFF90094
:10FED00002FFFFFFFFFFFFFFFFFFFFF80001FFFF33
:10FEE000FFFFFFFFFFFFFFFFF700009FFFFFFFFF88
:10FEF000FFFFFFFFFFE10000069AAAAAAAAAAAAA8A
:10FF0000AA9810000000000000000000000000049B
:10FF10004000000000000000000000000003EFFCB3
:10FF20001000000000000000000000003EFFFFC1C4
:10FF30000000000000000000000003EFFFFFFC10C5
:10FF40000000000000000000001EFFFFFFFFC100D6
:10FF5000000000000000000006FFFFFFFFFA0000A5
:10FF60000000000000003D206FFFFFFFFF000000C9
:10FF70000000000003EFE206FFFFFFFD00000000AD
:10FF80000000003EFFFE206FFFFFF40000000000B5
:10FF90000003EFFFFFE206FFFF600000000000002B
:10FFA0003EFFFFFFFE206FF600000000000003EFA1
:10FFB000FFFFFFFFE206600000000000003EFFFFC1
:10FFC000FFFFFFFE2000000000000003EFFFFFFF27
:10FFD000FFFFFF500000000000003EFFFFFFFFFF9B
:10FFE000FFF600000000000003EFFFFFFFFFFFFF30
:10FFF000600000000000003EFFFFFFFFFFFFF60073
:020000040803EF
:10000000000000000003EFFFFFFFFFFFFF600000A4
:10001000000000003EFFFFFFFFFFFFF600000000B2
:10002000000003EFFFFFFFFFFFFF60000000000084
:10003000003EFFFFFFFFFFFFF60000000000000290
:10004000EFFFFFFFFFFFFF6000000000000005FF63
:10005000FFFFFFFFFFF60000000000000007FFFFAA
:10006000FFFFFFFF600000000000000009FFFFFF2E
:10007000FFFFF600000000000000000BFFFFFFFF85
:10008000FF6000000000000000000DFFFFFFFFF612
:100090000000000000000000000EFFFFFFFF6000F6
:1000A00000000000000000000EFFFFFFF60000004F
:1000B0000000000000000004986420000000000020
:1000C00000000000000000000000018BCCCCCCCC74
:1000D000CCCCCCCCCCCCBA300000000002EFFFFF7F
:1000E000FFFFFFFFFFFFFFFFFFFF5000000003EFD8
:1000F000FFFFFFFFFFFFFFFFFFFFFFFFFE0000000E
:1001000003EFFFFFFFFFFFFFFFFFFFFFFFFFFFF317
:10011000000003EFFFFFFFFFFDFFFFFFFEEFFFFF0C
:10012000FFFF400003EFFFFFFFFFF805FFFFFC02AA
:10013000EFFFFFFFF40003EFFFFFFFFFF90005FFF4
:10014000FC0002FFFFFFFF4003EFFFFFFFFFFFA0E8
:100150000005FC00002FFFFFFFF403FFFFFFFFFF80
:10016000FFFF90000400002EFFFFFFFF43FFFFFF93
:10017000FFFFFFFFFF900000002EFFFFFFFFF4DFF7
:10018000FFFFFFFFFFFFFFFF9000002EFFFFFFFFBD
:10019000FF4EFFFFFFFFFFFFFFFFFC000005FFFF1B
:1001A000FFFFFFF46FFFFFFFFFFFFFFFFC000000FA
:1001B00005FFFFFFFFFF406FFFFFFFFFFFFFFC009A
:1001C00000100005FFFFFFFFF4006FFFFFFFFFFFC0
:1001D000FC00002E900005FFFFFFFF40006FFFFFB7
:1001E000FFFFFF70002EFF90000EFFFFFFF40000E6
:1001F0006FFFFFFFFFFF402EFFFF900BFFFFFFFF92
:100200004000006FFFFFFFFFFF8EFFFFFFACFFFF0F
:10021000FFFFF40000006FFFFFFFFFFFFFFFFFFF86
:10022000FFFFFFFFFF300000006FFFFFFFFFFFFF3A
:10023000FFFFFFFFFFFFFFF1000000005FFFFFFF78
:10024000FFFFFFFFFFFFFFFFFFF800000000004C73
:10025000FFFFFFFFFFFFFFFFFFFFFFE700000000C2
:100260000899999999998400000000CFFFFFFFFF3A
:10027000FFFF9000000BFFFFFFFFFFFFFFF40000F8
:10028000BFFFFFFFFFFFFFFFFA000AFF500FE00371
:10029000FA00EFFB00AFFF500FE003FA00EFFB099D
:1002A000FFFF500FE003FA00EFFB9FFFFF500FE04E
:1002B00003FA00EFFBFFFFFF500FE003FA00EFFB34
:1002C000FFFFFF611FE114FA11EFFBFFFFFFFFFFCC
:1002D000FFFFFFFFFFFBFFFFFFFFFFFFFFFFFFFF32
:1002E000FBFFFFFFFFFFFFFFFFFFFFFBFFFFFFFF26
:1002F000FFFFFFFFFFFFFBFFFFFFFFFFFFFFFFFF12
:10030000FFFBFFFFFFFFFFFFFFFFFFFFFBFFFFFF05
:10031000FFFFFFFFFFFFFFFBFFFFFFFFFFFFFFFFF1
:10032000FFFFFBFFFFFFFFFFFFFFFFFFFFFBFFFFE5
:10033000FFFFFFFFFFFFFFFFFBFFFFFFFFFFFFFFD1
:10034000FFFFFFFBFFFFFFFFFFFFFFFFFFFFFBFFC5
:10035000FFFFFFFFFFFFFFFFFFFBFFFFFFFFFFFFB1
:10036000FFFFFFFFFBFFFFFFFFFFFFFFFFFFFFFBA5
:10037000FFFFFFFFFFFFFFFFFFFFFBFFFFFFFFFF91
:10038000FFFFFFFFFFFABFFFFFFFFFFFFFFFFFFFC2
:10039000F62FFFFFFFFFFFFFFFFFFFC002ADDDDD18
:1003A000DDDDDDDDDDC80000000000000000000034
:1003B000000000000000000000000000000000003D
:1003C00000000005D0000000000000000000000058
:1003D00000005FF1000000000000000000000000CD
:1003E00005FFF10000000410000000000000003FC5
:1003F000FFF1000000AFF0000000000000007FFFF0
:10040000F100000BFFF2000000000000007FFFF190
:100410000001CFFFF2000000000000007FFFF100AC
:100420001DFFFFF2000000000000007FFFF102DF6F
:10043000FFFFF766666666666666AFFFF12EFFFF32
:10044000FFFFFFFFFFFFFFFFFFFFFFF1CFFFFFFFFA
:10045000FFFFFFFFFFFFFFFFFFFFF1BFFFFFFFFFFA
:10046000FFFFFFFFFFFFFFFFFFF11CFFFFFFFFFF8D
:10047000FFFFFFFFFFFFFFFFC000BFFFFFF42222CF
:100480002222222222222200000AFFFFF200000084
:100490000000000000000000009FFFF200000000CC
:1004A000000000000000000008FFF2000000000053
:1004B00000000000000000007FD0000000000000ED
:1004C000000000000000000100000000000000002B
:1004D0000000000EA0D90D90C80C80B70A60110B67
:1004E00080D91F0991F0881F0880F0880000000063
:1004F0000D203C00000F0069002FFFFFFFF7015C9B
:1005000011A610006900C300008800D2009FFFFF01
:10051000FFF012C523E22000D203C00000F004B0B7
:10052000000000700000000E00000000E000001954
:10053000EFEA300CD6E6A702F40E00001F80E000C0
:10054000006FEF50000016FFE500000E0AF00100FA
:10055000E05F13F85E6EB005CFFE9100000E000064
:10056000000070000008DD3000A7004B02D004C07E
:10057000007700D01D20004B03D0A7000007DC341B
:10058000C4CC3000001D2D22D00000A63B00B300DB
:1005900005C03A00A3001D200D00D000A60004CC29
:1005A00040004DFC300000F718C00001F205D000FB
:1005B00000BB6E4000005FF3000007E6DB03802F06
:1005C000301DBAA05F0001DF401FB448FEC003BF6A
:1005D000FC40B200000000001F01F01F00F000000E
:1005E00003F10B900F404F007D009B00AA00AA0072
:1005F0009B007D004F000F400B9003F15E000E60EA
:1006000008C004F001F300F500E600E600F501F390
:1006100004F008C00E605E0000930088A6C209FEC8
:10062000404DDDB1429350005200000450000008DC
:10063000A0000008A0001FFFFFF30339B33000083B
:10064000A0000008A0000103F61E60E12C000000DD
:1006500003FFF90333100003F52E4000000E4000A5
:1006600004E000009A00000E400004F000009A0030
:10067000000E400003F000009A00000E500003F04E
:1006800000009A00000E500003F00000004CFE70C5
:10069000004FB68F900DB0005F32F40000E74F209E
:1006A000000CA4F20000CA2F40000E70DB0005F21F
:1006B00004FB68F90004CFE700EFFB44CB00AB007C
:1006C000AB00AB00AB00AB00AB00AB00AB07DFEAAD
:1006D000108E857EC0010006F1000006F000000DBE
:1006E000900000CC00001CC00001DB00001DE544B0
:1006F000427FFFFFF97FFFFFF024445F900000BCC2
:10070000000009E100003FD81000046DD000000295
:10071000F4100002F4BD757DD019DFEA1000000D61
:10072000A0000000AC00000007E10000004F4010F6
:100730000002F600F5001DA000F5007FFFFFFFF3AB
:10074000133333F730000000F500000000F5000916
:10075000FFFFF00AB444400C8000000E7000000F50
:10076000FFFC4003345CF2000000F7100000F78E3D
:10077000856CF108DFFB30002AEFD5003FD65740EB
:100780000CC0000002F40000004F5BFFA104FE84D7
:100790005DD03F80003F30E80003F206F845DC0002
:1007A00005DFE9109FFFFFFD9D4444E99C0004F232
:1007B00000000BB000002F400000AD000001F6006B
:1007C0000008E000000E8000006F1000019EFE9106
:1007D00000BE636EC00F60006F00CC202BC002EF24
:1007E000FFE200DC424CD05F20001F55F20002F512
:1007F0000ED535DE001AEFEA1003BFEA202FA44B16
:10080000E18E0000E99D0000DD4F7129FF07FFFC2C
:100810009E000210AC000002F607658FB00AEFD709
:10082000002E53F50000000000003F52E42E53F567
:100830000000000000002E52F60D21D00100000043
:10084000003100006CF2018ED6000FC300000AFBDD
:1008500040000017EE70000005C3000000001FFFFD
:10086000FFF30333333000000000000000001FFFDF
:10087000FFF303333330040000000ED71000005C98
:10088000F92000002AF20003AFB106DE82001C60EE
:1008900000000000000007DFEA109E746EC0010037
:1008A00006F0000009C000008E200006F2000008DB
:1008B000700000000000000B8000000C90000000A1
:1008C0006CEFDA4000003DA41016D90001E509EEF6
:1008D00098CA900A80BD43AFC0D30F13F2000CC07A
:1008E000693C06D00007C03B4B06D00007C02C3C3B
:1008F00003F2000CC04A0F10BD439EE3C50A8009F5
:10090000EE91CF9001E50000000000003DA410280A
:10091000000000007CEFD9100000000CF100000086
:10092000003FD700000000B96E00000002F20E5038
:10093000000009A007D000001F3000F400007FFF76
:10094000FFFB0000E733334F2005F000000C900C54
:1009500090000006F18FFFFEC408E3334BF28E00D7
:10096000001F58E00018F18FFFFFF808E33337F657
:100970008E000009C8E000009D8E33347F78FFFFB1
:10098000FD700007CFFB4000CF966AF50AE2000039
:10099000301F600000004F200000004F20000000CA
:1009A0001F600000000AE200003001CF966AF500E7
:1009B00007DFFB408FFFFEA4008E4446CF708E0001
:1009C0000007F38E000000DA8E0000009D8E00000C
:1009D000009D8E000000DA8E000007F38E4446BFB3
:1009E000708FFFFEA4008FFFFFF68E4444418E00FF
:1009F00000008E0000008FFFFFC08E3333208E007A
:100A000000008E0000008E4444428FFFFFF98FFFEC
:100A1000FFF68E4444418E0000008E0000008E00E0
:100A200000008FFFFFC08E3333208E0000008E0049
:100A300000008E0000000007CFFC5000CF966AF641
:100A40000AE20000201F600000004F200000004F5D
:100A5000200000B91F600000B90AE30000B900CF10
:100A6000966AF80007DFFC608E000008E8E00000EE
:100A70008E8E000008E8E000008E8FFFFFFFE8E3A5
:100A800033339E8E000008E8E000008E8E000008E0
:100A9000E8E000008E8E8E8E8E8E8E8E8E8E8E0272
:100AA000FFFFC00444BC000009C000009C00000916
:100AB000C000009C000009C02000BA0EB58F603C49
:100AC000FE808E00004F508E0004F6008E003F70B6
:100AD000008E03F800008E2EC000008EECF60000A1
:100AE0008FB07F30008E000AE1008E0000CC008EB7
:100AF00000001EA08E0000008E0000008E0000008E
:100B00008E0000008E0000008E0000008E000000AD
:100B10008E0000008E4444408FFFFFF28E000000E4
:100B200008E8F7000002FE8FF10000BFE8DCA0003B
:100B30004F9E8D2F300D87E8D09C06E07E8D01E71B
:100B4000E507E8D006FC007E8D000A2007E8D0000B
:100B500000007E8E100008E8FC00008E8FF900086F
:100B6000E8E6F6008E8E09F308E8E00CE18E8E00D0
:100B70001EB8E8E0003FEE8E00006FE8E00000AE37
:100B80000007CFEB500000CF966BF9000AE200009F
:100B90005F601F6000000AD04F20000006F04F2069
:100BA000000006F01F6000000AD00AE200005F604B
:100BB00000CF966BFA000007DFEB50008FFFFD704F
:100BC00008E4458FB08E00005F38E00001F58E002C
:100BD000003F48E0014DD08FFFFFB208E333100023
:100BE0008E00000008E00000000007CFEB5000007E
:100BF000CF966BF9000AE200005F601F6000000AF8
:100C0000D04F20000006F04F20000005F01F6000CC
:100C1000000AD00AE200005F6001DF855AFA000096
:100C200008DFFC5000000001EC21940000001BFFD5
:100C3000C10000000012008FFFFD7008E4458FB076
:100C40008E00005F38E00001F58E00003F38E001C3
:100C50004DD08FFFFFC208E333DA008E0002F608A2
:100C6000E00005F3019EFDA200CE646B702F4000F2
:100C70000001F800000006FD950000016AEE50003A
:100C800000009F00200005F13FA547EB004BEFE976
:100C900010FFFFFFFF2444BD44400009C0000000D6
:100CA0009C00000009C00000009C00000009C0007A
:100CB00000009C00000009C00000009C00009C0097
:100CC000000BA9C00000BA9C00000BA9C00000BA2C
:100CD0009C00000BA9C00000BA8E00000D94F40027
:100CE00003F50CF868FD0009EFE9100CB000000AEC
:100CF000C05F200001F500E900008E0008F0000E42
:100D000070001F6005F10000AD00C9000003F43F52
:100D10003000000CBAC00000005FF500000000EEDB
:100D200000006F10000DB00002F21F60003FF100E4
:100D300008D00BB0008BE6000D7006F000E69B00BB
:100D40002F2001F503F14F108D0000CA09B00E608D
:100D5000D800006F0E6009B2F300001F9F1004F965
:100D6000D000000CFB0000EF80000007F600009FA1
:100D700030003F50000DA008F2009D0000CC04F3AD
:100D800000002F9E70000006FC00000009FE10000D
:100D9000004F4DB00001E802F7000BD0007F207F2C
:100DA00020000BD00CB000009C002F50002F300012
:100DB0009E000C900000E805F1000005F3E600003D
:100DC000000CFD000000003F4000000002F30000A6
:100DD00000002F3000000002F300004FFFFFFF91E2
:100DE00044444AF3000003F6000001EA000000CC8E
:100DF0000000009E1000006F4000003F7000001EC9
:100E0000D4444436FFFFFFFC8FF68D318D008D00FA
:100E10008D008D008D008D008D008D008D008D006A
:100E20008D318FF65D000000F200000B8000006D38
:100E3000000001F200000B8000006D000001F200D4
:100E4000000B7000006D000001F200000B7000004C
:100E50006D000001F2BFF325F302F302F302F30287
:100E6000F302F302F302F302F302F302F325F3BFFA
:100E7000F300AD00001EC4000885A000E20E105B68
:100E800000970B5002E0EEEEEEE00BC00009B0045C
:100E9000CFEA100B745DB0000004F004CEEEF21F38
:100EA0008214F24F1004F21F703DF204DFD7F2BA41
:100EB000000000BA000000BA000000BA8EFC30BF8B
:100EC000D54BF3BE1000CABA00007EBA00007EBE49
:100ED0001000CABFD55BF3B98EFC30007DFD600900
:100EE000F748F42F5000205F0000005F0000002F43
:100EF00050002009F748F4007DFD600000001F400D
:100F0000000001F40000001F4008EFC4F40AF74895
:100F1000FF42F50007F45F00002F45F00001F42FB9
:100F200050006F40AE637EF4008EFC4F40008EFC9C
:100F3000400AD538F42F20008C5FEEEEFF5F2111C0
:100F4000112F70001009F846E4007DFE80009EE33A
:100F500005F44108C000CFFFF029D32008D00008D5
:100F6000D00008D00008D00008D00008D000007ED3
:100F7000FC4E60AF747FF62F50005F65F00000F606
:100F80005F00000F62F60006F609F747FF5007EF13
:100F9000C4F50000003F20CB646EB003AEFD8000BE
:100FA000BA000000BA000000BA000000BA8EFB20B0
:100FB000BFC56DD0BE0003F2BA0000F4BA0000F560
:100FC000BA0000F5BA0000F5BA0000F5BAA800BAF8
:100FD000BABABABABABABA000AB0009900000000A8
:100FE000AB000AB000AB000AB000AB000AB000AB27
:100FF000000AB000AA064E71DFA0BA000000BA00D5
:101000000000BA000000BA001CC0BA01CC00BA1C33
:10101000D100BBCF6000BFDBE100BD11DC00BA0036
:101020003F70BA0007F3BABABABABABABABABABA19
:10103000BAB99EFA15DFD40BFB45EDE64AF2BE00C5
:1010400006F6000E7BA0004F2000C9BA0003F10095
:101050000C9BA0003F1000C9BA0003F1000C9BA03C
:10106000003F1000C9B99EFB20BFB45DD0BE000395
:10107000F2BA0000F4BA0000F5BA0000F5BA0000B8
:10108000F5BA0000F5007DFD60009F748F702F5051
:10109000007F05F00001F35F00002F32F50007F03C
:1010A00009F748F70007DFD600B98EFC30BFC43A15
:1010B000F3BE1000CABA00007EBA00007EBE100067
:1010C000CABFD55BF3BA7EFC30BA000000BA00009C
:1010D00000BA000000008EFC3F40AF748EF42F5029
:1010E000007F45F00001F45F00002F42F50007F497
:1010F0000AF748FF4008EFC4F40000001F4000005A
:1011000001F40000001F40B98E4BFD71BE100BB002
:1011100000BA000BA000BA000BA00005DFEA13F72D
:1011200035A06F000001EE9610016AEF300000D983
:101130006C646F62AEFD7008D00008D000CFFFF085
:1011400029D32008D00008D00008D00008D000051E
:10115000F551009FE3C80002F3C80002F3C8000283
:10116000F3C80002F3C90003F3AB0007F35F837E0B
:10117000F306DFC5F30D90000AA06E0001F300F541
:10118000007D0009C00E60003F24F00000C8B900D7
:101190000006FF3000000FC000C80006F1000D5629
:1011A000D000CF6003F01F302F9C009A00B807B228
:1011B000F10E4005E0D60C74E0000F6F007C990042
:1011C00000AFA001FF400005F4000BE0004F300726
:1011D000E109D02F4000D9D900003FD000004FE1F5
:1011E0000001E7BB000BB01E707E1005F30D9000F0
:1011F0000AA06F0001F300F6007D0009C00D600039
:101200002F34F00000C9A9000005FF2000000EC027
:10121000000000E5000094AD00001BFC2000005F12
:10122000FFFFA13337F40001E70000CB00008E1070
:10123000004F40001EA33326FFFFFC006EA00F925C
:1012400001F4001F4001F4003F303FC0006F300147
:10125000F4001F4001F4001F4000FA2005EA8B8BC8
:101260008B8B8B8B8B8B8B8B8B8B8B8BBE5002AE3C
:101270000005F0005F0005F0004F1000DF104F5038
:1012800005F0005F0005F0005F002AE00BE40007B6
:10129000EC40B41E25DFC00100000004CC302B015F
:1012A000C05700932B01C005CC3006A10FF60BE20E
:1012B000000000000000000000000000027BFB00B6
:1012C0000000049DFFFFD00003AFFFFFFFFD000003
:1012D000AFFFFFFFDFD0000AFFFFB610ED0000AF49
:1012E0009400000ED0000AF1000000ED0000AF10E5
:1012F00000000ED0000AF1000045FD0000AF100113
:10130000EFFFD0179DF1005FFFFC0EFFFF1000AF55
:10131000FD31FFFFE00000010003BDA3000000005D
:101320000050188888888405FABFDDDDDDFDAFE454
:101330007F100000CA4EE04F100000C80EFEEF10F4
:101340000000CFEFE03FEEEEEEF80EF68F76666629
:10135000EB6FF8AF100000CC8FE03F100000C80E1C
:10136000FCDF655555EECFC25FFFFFFFF92C5775C7
:101370000577777775FFFF1FFFFFFFFFFFFF2FFF49
:10138000FFFFFFEFFF0EFFFFFFFE01100011111125
:1013900010EFFE0EFFFFFFFEFFFF2FFFFFFFFFFF1F
:1013A000FF1FFFFFFFFF6887078888888668870719
:1013B00088888886FFFF1FFFFFFFFFFFFF2FFFFFCB
:1013C000FFFFDFFD0DFFFFFFFD00000000000150EB
:1013D00000000000001DF80000000001DFFD00001B
:1013E00000001DFFE22D600001DFFE20DFF7001D81
:1013F000FFE2008FFF71DFFE200008FFFEFFE2002A
:1014000000008FFFFE2000000008FFE20000000047
:10141000007D2000000000000000007F60000BE263
:10142000EFF600BFF84FFF6BFFD104FFFFFD100088
:101430005FFFE10000BFFFF6000BFFDFFF60BFFDB5
:1014400014FFF5CFD1004FF6171000036000000025
:1014500011000000000000FF000000006F21FF12DB
:10146000F70006FF61FF16FF601FF901FF109FF1F3
:101470006FE001FF100EF6AF8001FF1008FACF6099
:1014800001FF1006FCAF8000AA0008FB7FD000001F
:10149000000DF71FF80000008FF107FF91002AFFF1
:1014A00070009FFFEEFFF9000005CFFFFD50000028
:1014B0000002442000000000000000000000000ABC
:1014C000FFA0000000000CFFC0000003D6DFFFFDFE
:1014D0006D300EFFFFFFFFFFE05FFFFFAAFFFFF58C
:1014E0001AFFF4004FFFA103FFD0000DFF3004FFEF
:1014F000F0000FFF404FFFFB22BFFFF42FFFFFFF65
:10150000FFFFF209FEFFFFFFEF9000505EFFE505D1
:101510000000000CFFC00000000004774000000045
:10152000000003100341000000009FF50DF50000CE
:10153000001BFDFF8DF5000002DFB12DFFF500005F
:101540004FF83EC2BFF50007FF55FFFE39FE409F32
:10155000E38FFFFFF56FF6AC2AFFFFFFFF73E60096
:101560005FFFFFFFFFF100006FFFD77FFFF200007A
:101570006FFF900DFFF200006FFF900DFFF2000073
:101580004FFF700BFFE1000000003300000000007F
:101590000BFFB0000000000CFFC0000000000CFFBB
:1015A000C0000000000CFFC0000000000CFFC000E5
:1015B00000008FFFFFFFF800002EFFFFFFE200009A
:1015C00002EFFFFE200000002DFFE200007999826B
:1015D000DE289997FFFFFB22BFFFFFFFFFFFFFFF02
:1015E000FFFFFFFFFFFFFAB3CFACCCCCCCCCCCCA13
:1015F0000006BBBBBBBA3000004FFFFFFFFFE1009E
:1016000000EF30000006FB0009F800000000CF509A
:101610004FD0000000002FE1DF84420000344BF97E
:10162000FFFFFD0001FFFFFBFFFFFF988BFFFFFCAB
:10163000FFFFFFFFFFFFFFFCFFFFFFFFFFFFFFFBC1
:101640009FFFFFFFFFFFFFF60000000000003300D8
:10165000018DFFC600EF004EFFFFFFE4DF04FFB384
:10166000004CFFFF0EF90000008FFF6FC00001FF6C
:10167000FFFF8E500001DEEEED00000000000000D4
:1016800022222200000021FFFFFF100008F8FFFBCC
:10169000BC10001EF4FFFC100001DFC0FEEFE844A8
:1016A0008EFE10FE1AFFFFFFC100FD0028BB940054
:1016B00000000002700002EF0002EFFDFFFFFFFFDD
:1016C000FFFFFFFFFFFFFFFFFFFFFFFFFF3447FFAD
:1016D000F00005FF000005C00000000000027000DF
:1016E000000002EF00000002EFF0000DFFFFFF021C
:1016F00020FFFFFFF08E1FFFFFFF00E7FFFFFFF05F
:101700003F5FFFFFFF08903447FFF000000005FF38
:101710000000000005C00000000000000000000004
:101720000000077000000002700005FA0000002EA3
:10173000F000814F600002EFF001DD07F0DFFFFFF6
:10174000F0321E80F6FFFFFFF08E27E0B9FFFFFFAB
:10175000F00E73F19BFFFFFFF03F54F09AFFFFFF85
:10176000F0890AC0D83447FFF0007F43F300005FE0
:10177000F002F60CB0000005C00000BF1000000031
:10178000000009E300000000000002100037888814
:1017900088888873EFFFFFFFFFFFFEFE32DFFFFF49
:1017A000FFFFF9007FFFFDFFFFFD10CFFFA07FFFD0
:1017B000FFFFFFFA0007FFFFF35FA00000CFFF303D
:1017C00003000000CFFC0000000000CFFFCCCCCC19
:1017D000CCCCFFAFFFFFFFFFFFF9000020000000AF
:1017E00001FA00000006FF1000000DFF7000006FFE
:1017F000FFF10001EFFFFA000BFFFFFF605FFFFF4B
:10180000FFE0CFFFFFFFF6FEBFFFFFF9FD4FFFFF39
:10181000F9BF49FFFFF53FE52EFFD006FFFFFD2092
:101820000028BA600004300000311FE00006F91FF4
:10183000E0007FFA1FE009FFFA1FE0AFFFFA1FEB9D
:10184000FFFFFA1FFFFFFFFA1FFFFFFFFA1FE6FF70
:10185000FFFA1FE05FFFFA1FE004FFFA1FE0003EFF
:10186000FA0FD00002D700000000000200000000C4
:10187000000CFB2000000000FFFF900000000FFFA5
:10188000FFE6000000FFFFFFFC30000FFFFFFFFF3F
:101890009100FFFFFFFFFFE60FFFFFFFFFFFF2FFDB
:1018A000FFFFFFFFFD0FFFFFFFFFF800FFFFFFFF40
:1018B000B2000FFFFFFD400000FFFFF70000000F28
:1018C000FFA1000000006A40000000000014442056
:1018D0000144420DFFFF10DFFFF1FFFFF30FFFFF99
:1018E0003FFFFF40FFFFF4FFFFF40FFFFF4FFFFF3D
:1018F00040FFFFF4FFFFF40FFFFF4FFFFF40FFFF2C
:10190000F4FFFFF40FFFFF4FFFFF40FFFFF4FFFF67
:10191000F40FFFFF4FFFFF30FFFFF39FFFC009FFF2
:10192000FC001444444444420DFFFFFFFFFFF1FF5D
:10193000FFFFFFFFFF3FFFFFFFFFFFF4FFFFFFFF82
:10194000FFFF4FFFFFFFFFFFF4FFFFFFFFFFFF4F12
:10195000FFFFFFFFFFF4FFFFFFFFFFFF4FFFFFFF52
:10196000FFFFF4FFFFFFFFFFFF4FFFFFFFFFFFF34E
:101970009FFFFFFFFFFC0002100000420FE2000388
:10198000FB0FFE3004FB0FFFF404FB0FFFFF54FBC3
:101990000FFFFFFAFB0FFFFFFFFB0FFFFFFFFB0F28
:1019A000FFFFD6FB0FFFFD14FB0FFFC104FB0FFB76
:1019B0000004FB0CA00003FA00000000000000007F
:1019C00012000000000003FF60000000002EFFF581
:1019D00000000001EFFFFF4000001DFFFFFFF300CC
:1019E00000CFFFFFFFFE200AFFFFFFFFFFE00EFF1B
:1019F000FFFFFFFFF203999999999950058888880C
:101A00008888700FFFFFFFFFFFF30FFFFFFFFFFF4F
:101A1000F40BFFFFFFFFFFD1000000000000003FBC
:101A20009000003FFC00003FFD10003FFD10003F14
:101A3000FD10001FFD100000CFF4000000CFF400E7
:101A40000000CFF4000000CFF4000000CFE0000061
:101A500000A4000000000000CD1000001FFD1000D9
:101A6000003FFD1000003FFD1000003FFD10000092
:101A70003FFD000008FF900008FF900008FF900065
:101A800008FF900002FF90000007800000000000A7
:101A900004500000000002FF60000000003FF7005B
:101AA00000000003FF70000000003FF700000699EF
:101AB0009AFFC99980FFFFFFFFFFFF3DFFFFFFFF78
:101AC000FFF201113FF71110000003FF700000004A
:101AD000003FF70000000003FF70000000000CD37F
:101AE0000000006999999999980FFFFFFFFFFFF394
:101AF000DFFFFFFFFFFF20000000000000000001EB
:101B000056640000000003BFFEEFF91000007FFAEA
:101B10001003DFE40008FFA009B41EFF504FFF20B0
:101B20000BFF26FFE1EFFF09CFFF63FFFABFFF09BD
:101B3000FFFF54FFF61EFF51DFFB09FFB003EFE28A
:101B400004305FFC10002CFF956AFF9000000049F4
:101B5000DFFD920000000000000000000000CD202A
:101B6000000000000000008FF50014664000000037
:101B700004EFACFFEFFF910000001CFFA1004DFE41
:101B8000300000009FF5AB31EFF40007B105FFFF17
:101B9000E17FFE100FFE302DFFF54FFF900CFFE0B0
:101BA00000AFF65FFF6002FFF40006FFEFFB0000EE
:101BB0004FFD10003EFFC0000002DFE85401BFE30C
:101BC00000000005AEFF6007FF600000000000009D
:101BD000004EF60000000000000001A1000000001F
:101BE00000000000000000003ED0000000000000E7
:101BF0000CFF80000000000006FFFF200000000036
:101C000000EFFFFB00000000008FFCCFF40000009D
:101C1000002FFB00FFD00000000BFFC00FFF700083
:101C20000004FFFD01FFFF100000DFFFE02FFFFABF
:101C300000007FFFFF9BFFFFF3001FFFFFB00EFFC1
:101C4000FFC00AFFFFFE24FFFFFF60FFFFFFFFFF53
:101C5000FFFFFA06CCCCCCCCCCCCCB3000000000C3
:101C600000360000000000007F80DDDB00008DEF0B
:101C7000F8FFFFB007FFFFFD556FF46FF8AFE2000C
:101C80000574FF907E2000003FFA0000000002EF84
:101C9000B2504A00012EFD1DF48FB0FFFFD10BFFA3
:101CA000FFFBFFFE2000CFFFFB12210000029FC0C0
:101CB00000000000005B00000007A000000000081A
:101CC000FFB000000008FFFFB0000008FF95FFB064
:101CD0000008FF9005FFB007FF900005FFB09F9040
:101CE000000005FD004000000003104C2000000033
:101CF000B60BFE200000CFF02EFE2000CFF4002E09
:101D0000FE20CFF400002EFECFF40000002EFFF4E2
:101D1000000000002EF4000000000013000000008E
:101D2000083000000000000000BFF308BBBBBB9000
:101D3000000BFFFF39FFFFFFF1008FCFCFF0000056
:101D40000AF100382F948000000AF100002F900063
:101D500000000AF100002F900000030AF130002F6C
:101D60009000001FCBF8F8002FEBBBBB39FFFFE260
:101D7000001FFFFFFFB09FFD2000000000000008D3
:101D8000D10037888700000000EFFFFFA0000000AF
:101D9000FFFFFFFDCCCCB6FFFFFFFFFFFFFFFFFF04
:101DA000FFFFFFFFFFFFFFFFFFFFFFFFFFFFFFFF43
:101DB000FFFFFFFFFFFFFFFFFFFFFFFFFFFFFFFF33
:101DC000FFFFFFFFFFFFFFFFAFFFFFFFFFFFF90078
:101DD000000000000000000001DD10000000001DF8
:101DE000FFD100000001DFFFFD1000001DFFFFFF1D
:101DF000D100009FFFFFFFF90000011CFFC1100090
:101E000000000CFFC0000000000CFFC0000000003C
:101E10000CFFC0000079993BFFB39997FFFFB244D4
:101E20002BFFFFFFFFFEDDEFFFFFFFFFFFFFFAB31A
:101E3000CFACCCCCCCCCCCCA00000000000200005F
:101E40000000000004FFC70000000000AFFFF0002A
:101E50000000001FFFFD0000000006FFFFC00000A3
:101E6000000008FFF700000000000CFF3000000039
:101E70000004FFC00000000001EFF300004A300240
:101E8000DFF80005DFFE15EFFB0000EFFFFFFFFAB4
:101E900000000BFFFFFFF70000007FFFFFA2000024
:101EA0000002BA8500000000000486000000100651
:101EB000FFFA0002DFD1EF3CF101DFFA0EE0AF21C3
:101EC000DFFA009FEFF6DFFA00008DFFFFFB000056
:101ED0000006FFFD00000048EFFFF600006FFFFB6B
:101EE000FFF6000EF3CF23FFF600EE0AF204FFF632
:101EF00009FEFC0004FFF108DA1000026200000095
:101F00000000000000006FFFF987000008FFFF9845
:101F1000F708A68FFFF95990FFA8FFFFFCCC0FFA36
:101F20008FFFFFFFF1FFA8FFFFFFFF1FFA8FFFFFEB
:101F3000FFF1FFA8FFFFFFFF1FFA8FFFFFFFF1FF79
:101F4000A8FFFFFFFF1FFA7FFFFFFFF0FFE3122252
:101F500022210FFFFFFFF90000ACCCCCCB500000DA
:101F60004999999995000EFFFFFFFFF600FD222287
:101F7000224FF60FC0000001FFF3FC0000001FFF1E
:101F80006FC0000002FFF6FFFFFFFFFFFF6FFFFFC4
:101F9000DCFFFFF6FFFFB005FFFF6FFFF6000FFF4E
:101FA000F6FFFFC006FFFF6FFFFFEDFFFFF69FFF8D
:101FB000FFFFFFFD10CDDDDDDDDDDD2FFFFFFFFFCE
:101FC000FFF3122222222222000000000000000063
:101FD00000000000000FFFFFFFFFFFF3DEEEEEEE5C
:101FE000EEEE200000000000000000000000000DE8
:101FF000EEEEEEEEEEE2FFFFFFFFFFFF300000002F
:1020000000000037888888888873EFFFFFFFFFFF94
:10201000FEEFFFFFFFFFFFFE1CFFFFFFFFFFC1D230
:102020008FFFFFFFF82DFF64EFFFFE45FFFFFA2B48
:10203000FFB2AFFFFFFFD3553DFFFFFFFFFFBBFF29
:10204000FFFFFFFFFFFFFFFFFFAFFFFFFFFFFFF9F6
:10205000000000000001FFFFF00004FFFFD00006B9
:10206000FFFF800008FFFF30000AFFFFAAA60CFF59
:10207000FFFFF80EFFFFFFE10BDDDFFF6000004F09
:10208000FD0000007FF3000000BFA0000000FF1073
:10209000000003F800000003C00000000020000062
:1020A000000455EFB5520000FFFD1FFFB0000FFF09
:1020B000FFFFFC0000FFFF533320000FFF97FFFBE3
:1020C0005700FFF8AFFFC6F80FFF8AFFFC4AA1FFD9
:1020D000F8AFFFE3220FFF8AFFFFFFF4FFF8AFFF27
:1020E000FFFF4FFF8AFFFFFFF43552AFFFFFFF40B6
:1020F000000AFFFFFFF400007FFFFFFE2000000149
:10210000100000000000AF00000000018FFA300056
:102110000002EFFFFF500000BFFFFFFF10001FFF96
:10212000FFFFF50003FFFFFFFF70005FFFFFFFF9F8
:102130000008FFFFFFFFC000DFFFFFFFFF209FFF42
:10214000FFFFFFFD0EFFFFFFFFFFF2022222222210
:1021500021000008FFC00000000009A20000005B91
:10216000BBBBBBBBBBBBA3FFFFFFFFFFFFFFFBFC7A
:102170000C30E11D0D11FCFC0B30E01D0D10FCFFBF
:10218000FEFFEFFEFEEFFCFFF15A0870A05FFCFFC0
:10219000F37B2992C27FFCFFBFCBBBBBBFCBFCFC58
:1021A0000B2000000D00FCFFCFCCCCCCCFCCFB9F94
:1021B000FFFFFFFFFFFFF60000000000000200002D
:1021C0000000000005DFB00000000007EFFFD000B6
:1021D000000018FFFFFF70000029FFFFFFFF000055
:1021E0003BFFFFFFFFF8000AFFFFFFFFFFF1000FBB
:1021F000FFFFFFFFFFA000049AAAAFFFFF2000002F
:1022000000000EFFFB00000000000EFFF4000000C5
:1022100000000EFFC000000000000EFF5000000094
:1022200000000DFD00000000000004B300000035B8
:10223000555502000FFFFFF2F400FFFFFF2FF40FD0
:10224000FFFFF2FFF3FFFFFF32221FFFFFFFFFF749
:10225000FFFFFFFFFF8FFFFFFFFFF8FFFFFFFFFF05
:102260008FFFFFFFFFF8FFFFFFFFFF8FFFFFFFFF65
:10227000F8FFFFFFFFFF8FFFFFFFFFF88AAAAAAA60
:10228000AA300000002455310000000003AFFFFF1A
:10229000FFC7000002BFFFFEDEFFFFF6005FFFB5D5
:1022A0001000038EFFB0DFD300000000008FF51890
:1022B0000005AEFEC81004600002DFFFFFFFF8005B
:1022C00000000CFF95347DFF40000002A2000000DA
:1022D0007700000000000296000000000000000DE2
:1022E000FF500000000000000EFF60000000000032
:1022F0000005DA000000005BBBBBBBBBBBBBBA2068
:10230000FFFFFFFFFFFFFFFF90FC1222222222228D
:102310000FF7FC5FFFFFFFFFFF2CFAFC5FFFFFFFE3
:10232000FFFF21FAFC5FFFFFFFFFFF27FAFC266695
:10233000666666661FFAFEBBBBBBBBBBBBBFB1AF6D
:10234000FFFFFFFFFFFFFF50000000000000000044
:10235000005BBBBBBBBBBBBBBA20FFFFFFFFFFFFEC
:10236000FFFF90FC1222222221000FF7FC5FFFFFEB
:10237000FFF8000CFAFC5FFFFFFFF80001FAFC5FBA
:10238000FFFFFFF80007FAFC2666666663000FFA97
:10239000FEBBBBBBBBBBBBBFB1AFFFFFFFFFFFFFC4
:1023A000FF500000000000000000005BBBBBBBBB97
:1023B000BBBBBA20FFFFFFFFFFFFFFFF90FC122215
:1023C000221000000FF7FC5FFFFFD000000CFAFCAA
:1023D0005FFFFFD0000001FAFC5FFFFFD0000007A5
:1023E000FAFC2666665000000FFAFEBBBBBBBBBB07
:1023F000BBBFB1AFFFFFFFFFFFFFFF5000000000BA
:1024000000000000005BBBBBBBBBBBBBBA20FFFF37
:10241000FFFFFFFFFFFF90FC1222000000000FF7FC
:10242000FC5FFF300000000CFAFC5FFF3000000092
:1024300001FAFC5FFF3000000007FAFC266610007E
:1024400000000FFAFEBBBBBBBBBBBBBFB1AFFFFF06
:10245000FFFFFFFFFF500000000000000000005BD6
:10246000BBBBBBBBBBBBBA20FFFFFFFFFFFFFFFF38
:1024700090FC0000000000000FF7FC0000000000CE
:10248000000CFAFC00000000000001FAFC00000053
:1024900000000007FAFC0000000000000FFAFEBB7D
:1024A000BBBBBBBBBBBFB1AFFFFFFFFFFFFFFF501D
:1024B0000000000000000000000000000007B20063
:1024C00000000000000ADFFA000000000000A93D43
:1024D000F5000000044002E00010000000AFF80B1F
:1024E000600000006C30FFFFFFFFFFFFFFFFF4AF55
:1024F000F9000C5000006D4005500004C0000010B1
:102500000000000000C43EE80000000000002EEFC4
:10251000FA000000000000004FFA00000000000078
:1025200000000000000000011000000007EFFFB3F2
:102530000000AFFD8FFF2004FFFD09FFB00AFEFD84
:1025400012AFF00EF55D2C0EF30FFF33129FF50F57
:10255000FFF307FFF60FFFE206FFF60FFE24137FDF
:10256000F50DF57D2C0DF30AFFFD11BFF003FFFE05
:102570000BFFA0007FFEBFFE100003ACDC8100005B
:10258000003443000005667FFFF96650FFFFFFFF40
:10259000FFFF356666666666501CCCCCCCCCC402A8
:1025A000FFFFFFFFFF602FF3FB7F6DF602FF2FB7EA
:1025B000F5DF602FF2FB7F5DF602FF2FB7F5DF60DE
:1025C0002FF2FB7F5DF602FF2FB7F5DF602FF3FBE5
:1025D0007F6DF601FFFFFFFFFF5007BCCCCCCC9016
:1025E0000000000000000120000000000004FF5077
:1025F0000000000002FFFF500000000439FFFE0051
:10260000000004FF39FFA0000004FFFF39B0000004
:1026100004FFFFFF20000004FFFFFFB0000004FFE5
:10262000FFFFB0000004FFFFFFB0000004FFFFFF4A
:10263000B0000000BFFFFFB00000000DFFFFB000C2
:10264000000000FFFFB00000000009A860000000CB
:1026500000000000178888888887400002EFFFFF8D
:10266000FFFFFFF4003EFFFFCFFFCFFFF703EFFFB9
:10267000F908F809FFF83EFFFFFE20402EFFF8DFC3
:10268000FFFFFFE101EFFFF89FFFFFFF80008FFFDB
:10269000F809FFFFF902C209FFF8009FFFFE4EFE96
:1026A0004EFFF80009FFFFFFFFFFFFF700008FFF5D
:1026B000FFFFFFFFC100000000000003EFFFFFE28B
:1026C00003FBFBCEBFA4FF1D03A1FAFFF1D03A1F0D
:1026D000AFFFFFFFFFFAFFFFFFFFFFAFFFFFFFFFAF
:1026E000FAFFFFFFFFFFAFFFFFFFFFFAFFFFFFFF54
:1026F000FFAFFFFFFFFFFAFFFFFFFFFFADFFFFFF91
:10270000FFF829AAAAAAA800000000000000030000
:10271000000000000004F1000820000001FF100B81
:10272000F70000002FF10CFF94444445FF1BFFFF0E
:10273000FFFFFFFFF18FFFFFFFFFFFFD007FF700AF
:1027400000000000006F600000000000003000008A
:1027500000000000000000000000000000008002F7
:102760000000000000002004020A01000A008006A8
:102770000505010517001008080A00003F00E006E3
:10278000070A00006200C00B0C0A00009E0000084F
:10279000080B00FFCA00C00302050105CF000005B9
:1027A000050F00FDF5000005050F00FD1B0170067B
:1027B000060600042D017007070700014601E0022C
:1027C000030500FE4E01F005060300035701C00299
:1027D000030300005C01B004060FFFFE89019007AF
:1027E000080A0000B1011004020A0100BB015007F1
:1027F000070A0000DE011007070A00000102F007C7
:10280000080A000029022007070A00004C022008DD
:10281000080A00007402E006070A00009702100888
:10282000080A0000BF022008080A0000E702D002E0
:1028300003070000F202D002030A00FD0103F006C4
:102840000508010015037007070600012A03F006BA
:10285000050801003E038005070AFF006103A00987
:102860000A0B00FE98036007090AFF00C503600712
:10287000070A0100E803E006070A00000B04E0076E
:10288000070A01002E049006060A01004C041006F7
:10289000050A010065043008080A00008D0490084C
:1028A000070A0100B004C003020A0100BA0430059F
:1028B000060AFF00D804C007070A0100FB04D00580
:1028C000050A01001405C009080A01003C0590082A
:1028D000070A01005F059008090A00008C0520071F
:1028E000060A0100AA059008090D00FDE50580070C
:1028F000070A010008069006070A00002B0650068A
:10290000070A00004E061008080A00007606200795
:10291000090AFF00A306700A0C0AFF00DF06600721
:10292000080A000007070007090AFF003407D0065D
:10293000070A000057070005040D01FE7107B004E7
:10294000060FFFFE9E070005040D00FEB8072006D7
:1029500006080002D007D0070902FFFCD907900340
:1029600004030008DF07700606070000F40750079D
:10297000060A01001208E0050607000027085007B4
:10298000070A00004A08C006070700006308900411
:10299000050A00007C084007070A00FD9F08700731
:1029A000060A0100BD08A003030A0000CC0890033A
:1029B000030D00FDE0089006060A0100FE089003E2
:1029C000030A00000D09000B0B0700003409400743
:1029D000070700004D0910070707000066095007A8
:1029E000070A00FD89096007070A00FDAC09F00429
:1029F00005070000BE09B00506070000D309100551
:102A0000050A0000EC09100707070000050A200668
:102A10000807FF00210A50090A070000440A30068F
:102A2000070700005D0A2006080AFFFD850AC005A9
:102A3000060700009A0A2005050D00FEBB0A600586
:102A4000020E02FEC90A0005050D00FEEA0A800713
:102A500008040002FA0A000D0E0E00FE5C0B000DC9
:102A60000D0A00009D0B000D0D0C00FFEB0B000D7F
:102A70000D0A00002C0CF008090A0000590C000D8A
:102A80000D0E00FEB40C000D0D0E00FE0F0DA00E7D
:102A90000F0C00FF690D000D0E0E00FECB0DA00EF9
:102AA0000F0A0000160E000D0D0E00FE710E8006BE
:102AB000070B00FF980EC0090A0B00FFCF0EA00EF7
:102AC0000F0E00FE380F000D0D0A0000790FF00800
:102AD000090E00FEB80F600B090D01FEF30F600B2D
:102AE0000C0E00FE4710600B0C0C00FF8F10600BEB
:102AF0000C0C00FFD710600B090D01FE1211600BCA
:102B00000D0CFFFF60112008080C00FF9011200839
:102B1000080C00FFC011600B0C0C00FF0812600BCA
:102B20000C0400032012A00E0F0A00006B124010CC
:102B3000110E00FEE212A00E100EFFFE5213000D49
:102B40000D0C00FFA013600B0C080001D013600BEC
:102B50000C08000100144010110B00FF5E14000D62
:102B60000D0A00009F14000D0E0E00FE0115000D51
:102B70000E0EFFFE6315600B0C0C00FFAB15600B17
:102B80000C0E00FEFF15600B0C0C00FF4716600BCF
:102B90000C0B00FF8916000D0D0A0000CA16200854
:102BA0000A0EFFFE1017600B0C0E00FE6417600B80
:102BB0000C0E00FEB817A00E0F0A00000318000D3F
:102BC0000F0EFFFE6C18C0090A0E00FEB21840106E
:102BD000110C00FF18194010110900006519401070
:102BE00011090000B219401011090000FF1940102E
:102BF000110900004C1A401011090000991A4010E8
:102C0000110B00FFF71A600B0B0E00FE441B600B4C
:102C10000C0E00FE981B000D0E0EFFFEFA1B40105E
:102C2000110A00004F1CC0090A0E00FE951C100D71
:102C30000E090000000000000000000000008005F8
:102C40000000000000003009051602003700800E69
:102C50000A0A020A6900F011101401000901600F4C
:102C60000E160100A301301A181401009302D011AE
:102C7000111501FF46036008040A020A5A03300BCB
:102C80000A1D01FBEB03300B0A1D01FB7C04600EE7
:102C90000D0C010ACA0490100F0F01013B057006CC
:102CA000050A00FB5405300D0B03010765053006CE
:102CB000040501006F05700A0C1FFFFB2906D010E8
:102CC0000F140100BF06100905160200F606401099
:102CD0000E1401008207D00F0E1401000E08C0115F
:102CE00011140000B808D00F0E140100440910128E
:102CF00010140100E409500F0E140100700AF011C5
:102D000010140100100B101210140100B00B30064B
:102D100004100100D00B3006051400FB020C700FEC
:102D20000C110200680C90100D0B0103B00C700F19
:102D30000C110200160D500C0D16FF00A50D80158C
:102D4000151600FC8C0E70101214FF00400F80103E
:102D50000E140200CC0F500F0E1401005810A011D9
:102D60000F140200EE10B00E0C1402006611700D6C
:102D70000B140200D4114012111401007E12101322
:102D80000F14020014137008051402004613A00B60
:102D90000B14FF00B4135011101402005414E00C73
:102DA0000B140200C214C015121402007615301361
:102DB0000F1402000C16101311140100B616E00FC8
:102DC0000E14020042171013111901FB1718C0103E
:102DD0000E140200A318A00E0D1401002519200ED8
:102DE0000E140000B119001210140100511AF00F56
:102DF0001214FF00051B40171914FF00FF1B701071
:102E000011140000A91CA00F1214FF005D1D300F4B
:102E10000F140000F31D300B071C03FC551E700A35
:102E20000C1FFFFB0F1F300B081C01FC7F1FA00DA8
:102E30000E110004F61F60111303FFFA1320F007B0
:102E4000080600112B20700E0C0F01008520601069
:102E50000E1602001F21100D0C0F010079215010D9
:102E60000E1601001322100F0D0F01007522200A0B
:102E70000B160000EE2230100E1501FA812390107F
:102E80000D16020010242008051402004224000838
:102E9000071B00F9A124B00E0D1602003025F00723
:102EA000041602005C259018150F0200FA25301058
:102EB0000D0F02005C26C00F0E0F0100C52650103A
:102EC0000E1502FA582770100E1501FAEB27100B99
:102ED0000A0F02003628B00C0B0F01008928400BA6
:102EE0000B140000F728C00F0C0F02005129B00D81
:102EF0000F0FFF00C229C014150F0000602AC00D7B
:102F00000E0F0000C92AB00D0F15FFFA672BE00C59
:102F10000D0F0000C92B600B0B1C00FC632C000C78
:102F2000041E04FB9F2C300B0B1C00FC392DB01031
:102F300010060007692D001D1E1E00FC2B2F001D12
:102F40001D1600006A30001D1D1A00FEE331001D31
:102F50001D1600002233F01314150000F433001D79
:102F60001D1E00FCA735001D1D1E00FC5A37A020A9
:102F7000211A00FE0739001D1D1E00FCBA3AA020D0
:102F800021160000253C001D1D1E00FCD83D800EB2
:102F90000F1700FF853EC015161700FF823FA020C7
:102FA000211C00FD5041001D1D1600008F42F01332
:102FB000141E00FCBB436019131B03FDBC446019C5
:102FC0001A1F00FB4F4660191A1A00FEA14760192C
:102FD0001A1A00FEF3486019131B03FDF449601927
:102FE0001B1AFFFE534B2012101A01FE234C201215
:102FF000101A01FEF34C60191A1A00FE454E6019B2
:103000001A060008934EA02021160000FE4F40240F
:10301000251E00FC2952A020231EFFFC3654001D53
:103020001D1A00FEAF5560191A1000037F56601973
:103030001A1000034F574024241700FFED58001DBD
:103040001D1600002C5A001D1D1E00FCDF5B001D1C
:103050001E1EFFFCA15D60191A1A00FEF35E6019C6
:103060001A1E00FC796060191A1A00FECB61601903
:103070001A1700FFF662001D1D16000035642012AD
:10308000141EFFFC616560191A1E00FCE7666019DA
:103090001A1E00FC6D68A02021160000D869001DD2
:1030A0001F1EFFFCA96BC015161E00FCF36C40240C
:1030B000251B00FEE76E40242513000147704024C5
:1030C00025130001A7714024251300010773402434
:1030D000251300016774402425130001C77540249F
:1030E000251700FF71776019171E01FCCA78601957
:1030F0001A1E00FC507A001D1E1EFFFC127C40248C
:1031000025160000A97DC015161E00FCF37E301D9B
:103110001E14000100000000000000000000C003B9
:10312000000000000000C003030A00000F0080053B
:10313000050500051C00D0090A0A00004E00B00871
:10314000090F00FE9200D00B0C0A0000CE00A0096F
:103150000A0B00FF0501F002030500050D01B00494
:10316000040E01FD2901C004040E00FD4501A00567
:103170000606000557012008080700027301300306
:10318000030500FE7B016005050300038301300396
:10319000030300008801F004070EFFFFB901500986
:1031A000090A0000E6013005040A0000FA011008CF
:1031B000080A000022020008080A00004A0260090A
:1031C0000A0A00007C021008080A0000A402A008F5
:1031D000090A0000D1026008080A0000F90200098B
:1031E000090A00002603A008080A00004E03300365
:1031F000030800005A033003030B00FD6B03200893
:10320000080800018B03200808060002A303200819
:1032100008080001C3030008080A0000EB03800E41
:103220000E0D00FD4604400A0C0AFF008204A00AAD
:10323000090A0100AF04200A0A0A0000E104900B09
:103240000A0A010013056009080A01003B05E008AD
:10325000080A01006305D00A0A0A00009505600B00
:10326000090A0100C2055004020A0100CC0530071A
:10327000070AFF00EF05100A0A0A0100210650089C
:10328000080A01004906600D0B0A01008006600B68
:10329000090A0100AD06C00B0C0A0000E906200A6D
:1032A000090A01001607C00B0C0D00FD6407300A67
:1032B000090A01009107B008090A0000BE0730089A
:1032C000090A0000EB07100B090A01001808F009B1
:1032D0000B0AFF004F08C00F100A00009F0870097A
:1032E0000A0A0000D10810090B0AFF00080930097A
:1032F000090A00003509B004040E01FD5109F0046B
:10330000070EFFFF8209B004040E00FD9E0930087D
:1033100007060102B3090007070100FFB7096008AB
:1033200005020109BC09600808080000DC099009D1
:10333000080B0100080A000808080000280A900984
:10334000090B00005A0A9008080800007A0AF004E5
:10335000060B00009B0AB009090B00FDCD0A90097D
:10336000080B0100F90AE003020B0100040B000442
:10337000050EFEFD270BA008080B0100530BE00310
:10338000020B01005E0BD00E0D080100920B90099C
:1033900008080100B20BE00809080000D60B9009EC
:1033A000080B01FD020C9009090B00FD340CC0054F
:1033B00005080100480C000707080000640CD00550
:1033C000060A0000820C800908080100A20CD00740
:1033D0000908FF00C60C900C0D080000FA0CC0078D
:1033E000080800001A0DD007090BFFFD4C0D50070F
:1033F00007080000680DF004050E00FD8B0D300479
:10340000020E01FD990DF004050E00FDBC0D200813
:1034100008030003C80DE00506050006D70D60048B
:1034200004030003DD0D000E0F0FFFFE4E0E000E15
:103430000E0B00009B0E000E0E0D00FFF60E000E90
:103440000E0B0000430FA0090A0B00007A0F000EBC
:103450000E0F00FEE30F000E0E0F00FE4C10C00F0B
:10346000100D00FFB410000E0E0F00FE1D11C00F56
:10347000100B00007511000E0E0F00FEDE1100078C
:10348000070C00FF0812800A0B0C00FF4A12C00F45
:10349000100E00FEBA12000E0E0B00000713A0095A
:1034A0000A0F00FE5213400C0A0E01FE9813400C46
:1034B0000D0F00FEFA13400C0D0D00FF4F14400CD1
:1034C0000D0D00FFA414400C0A0E01FEEA14400C7E
:1034D0000E0DFFFF4515C008090D00FF8015C0083F
:1034E000090D00FFBB15400C0D0D00FF1016400C20
:1034F0000D0400032A16C00F100B00008216801165
:10350000120F00FE0917C00F110FFFFE8917000EE2
:103510000E0D00FFE417400C0D0800011818400CB8
:103520000D0800014C188011120B0000AF18000E9E
:103530000E0B0000FC18000E0E0F00FE6519000EA9
:103540000F0FFFFED619400C0D0D00FF2B1A400C7B
:103550000D0F00FE8D1A400C0D0D00FFE21A400CFD
:103560000D0C00FF301B000E0E0B00007D1BC00871
:103570000A0FFFFEC81B400C0D0F00FE2A1C400C5A
:103580000D0F00FE8C1CC00F100B0000E41C000E81
:10359000100FFFFE5C1D800A0B0F00FEAF1D801197
:1035A000120D00FF241E8011120A00007E1E8011E1
:1035B000120A0000D81E8011120A0000321F80116A
:1035C000120A00008C1F8011120A0000E61F8011F1
:1035D000120C00FF5220400C0C0F00FEAC20400CDF
:1035E0000D0F00FE0E21000E0F0FFFFE7F21801138
:1035F000120B0000E221800A0B0F00FE3522100E94
:103600000F0A000000000000000000F100000000B0
:1036100000000000000000000000000000000000AA
:10362000000000000000000000000000000000009A
:103630000004000000FCFEFE00FE0000000000028E
:103640000000000000000001010101000000000076
:10365000000000000000000000000000000000006A
:1036600000040006000B0000000000FAFA00000051
:1036700000000000000000E7000000000000000063
:10368000000000000000000000000000000000003A
:103690000000000000000000000000F80000000032
:1036A000000000000000000000000000000000001A
:1036B000000000000000000000000000000000000A
:1036C000000002FA00FAFCFCFCFAFE000000020016
:1036D00000000000000000040400040000000000DE
:1036E000F8000000000000000000000000000000E2
:1036F00000000000000000000000000000000000CA
:1037000000FA000000000000F600FF0600F9F7FBD9
:1037100002F700000000000000000000000000FDB3
:10372000FE02FD000000000000000000FE0000009E
:103730000000000000000000000000000000000089
:103740000000000000000000000000000000FA007F
:103750000000FE0000000000000200000000000069
:103760000000000000000000000000000000000059
:1037700000000200FCFF020000FEFE0000FDFE0053
:103780000000000000000000000000020000020035
:103790000000000000000000000000040000000025
:1037A0000000000000000000000000000000000019
:1037B000000000000000000000F4000004F700F624
:1037C0000002020202030000FE00000000000000F0
:1037D00000000000000000000000000000000200E7
:1037E000FE000000000000000000000000000000DB
:1037F00000000000000000000000000000000000C9
:103800000000FC00000000040000000000000000B8
:103810000000FA0000000000FEFC00FCFC00FA00C2
:1038200000ED00000000FA00F106000400F8F8F8CE
:1038300000F7000000000000000000000000000091
:10384000000000000000000000ED000000F902FC94
:103850000000000000000000000000000200000066
:10386000000000050200020000000000000000004F
:10387000000000000000000000000000FE0000004A
:103880000000000000000000000000000000000038
:103890000000000000000000000000000000FE002A
:1038A0000000000000000000000000000000000018
:1038B0000000000000EDFA0004F9FEFA000000022A
:1038C00000020000F600F6000000F700F600F8FA2B
:1038D000FAFAFAFA000000000000FC0006F7FEF910
:1038E000FF0000FAFAFA0000F800F80000000000FB
:1038F0000000000000000000000000000000FC00CC
:1039000006F900FA0002FA00FAFA0000F900F800DD
:10391000000000000000FC000000000000000000AB
:103920000000FC000402FE040000FAFA000000009F
:103930000000000000000000000000000000000087
:10394000000000000000FA000AF7FDFA0002FAFA8F
:1039500000FA0000F600F5000000F8F5FA00F900A2
:1039600000FC00FA000000000000FE000000FE0065
:103970000000000000000000000000000000000047
:103980000000000000000000000000000000000037
:103990000000000000000000000000000000FC002B
:1039A00000090000000000FAFA000000000000FC1E
:1039B00000000000FE00000000F6FB0000F8000020
:1039C0000000000000000000000000FCFC00FC0003
:1039D0000000000000000200FA00000000F5F800FE
:1039E00000F60000000000000000000000000000E1
:1039F00000000000000000000000FC0000000000CB
:103A000000F8FA0000FC00000000000000000000C8
:103A10000000000000000000FC00000000000000AA
:103A2000040000000000000000000000FD00FC0099
:103A30000000000000000000000000000000000086
:103A4000000000000000000000F600F800FA00008E
:103A50000000000000000000000000000000000066
:103A60000404020808F4FC00070000000000000045
:103A700000000008FF00FA00000000000000FE0047
:103A8000FD0000000000000000000000FA0000003F
:103A900000F6FA0000F60000000000000000000040
:103AA0000000000000000000000000000600000010
:103AB0000200000000000000000000000000000004
:103AC00000000000000000000000000000000000F6
:103AD00006000000000000000000000000000000E0
:103AE00000000000000000000000000000000000D6
:103AF000000000000000FC000000000000FA0000D0
:103B000000000000000000000000000000000000B5
:103B100000000000000000000000000000000000A5
:103B200000F600000000000000000000000000009F
:103B30000000000000000000000000000000FC0089
:103B40000000000000F60000000000000000FE0081
:103B50000000000000000000000000000000000065
:103B600000000000FA00000000F7000000F800006C
:103B70000000000000000000000000000000000045
:103B8000000000000000FC00FC00000000F6000047
:103B900000FC00000000FE0000000000000000002B
:103BA000000000000000000000000000FC00000019
:103BB00000F800FC00F5000000000000000000001C
:103BC0000000000000000000000001FA00000400F6
:103BD000FCFD000000FA0000000000FA00000000F8
:103BE000000000000000000000000000000001FADA
:103BF00000000400FCFD000000FC0000000000FAD2
:103C000000000000000000000000000000000000B4
:103C100000000100000000000002000000F80000A9
:103C200000FC000000000000000000000000000098
:103C3000000000000000000000000000FA0000008A
:103C400000F8000000FC0000000000000000000080
:103C50000000000000000000000000000000000064
:103C60000000000000000000000000000000000054
:103C7000000B0000000000FAFA0000000000000045
:103C8000000000E000000000000000000000000054
:103C90000000000000000000000000000000000024
:103CA00000000000000000000009000000F7FBFB1E
:103CB00000FB000000000005000000000000000202
:103CC00002020200000000000000000000000000EE
:103CD00000000000000000000009000E001A0000B3
:103CE000000000F2F200000000000000000000C828
:103CF00000000000000000000000000000000000C4
:103D000000000000000000000000000000000000B3
:103D1000000000ED000000000000000000000000B6
:103D20000000000000000000000000000000000093
:103D30000000000000000000000005F200F2F7F7AC
:103D4000F7F2FB0000000500000000000000000981
:103D50000900090000000000ED0000000000000064
:103D60000000000000000000000000000000000053
:103D7000000000000000000000F200000000000051
:103D8000E900FE0E00F0EBF405EB0000000000007F
:103D900000000000000000F9FB05F9000000000031
:103DA00000000000FB000000000000000000000018
:103DB0000000000000000000000000000000000003
:103DC000000000000000F2000000FB000000000006
:103DD00000050000000000000000000000000000DE
:103DE000000000000000000000000500F7FE0500D4
:103DF00000FBFB0000F9FB000000000000000000D9
:103E000000000005000005000000000000000000A8
:103E10000000000900000000000000000000000099
:103E20000000000000000000000000000000000092
:103E300000E4000009EB00E90005050505070000A6
:103E4000FB00000000000000000000000000000077
:103E50000000000000000500FB0000000000000062
:103E60000000000000000000000000000000000052
:103E700000000000000000000000F7000000000942
:103E800000000000000000000000F2000000000040
:103E9000FBF700F7F700F20000D600000000F20088
:103EA000E00E000900EDEDED00EB00000000000069
:103EB0000000000000000000000000000000000002
:103EC00000D6000000F005F7000000000000000030
:103ED00000000000040000000000000C05000500C8
:103EE00000000000000000000000000000000000D2
:103EF00000000000FB0000000000000000000000C7
:103F000000000000000000000000000000000000B1
:103F1000000000000000FB000000000000000000A6
:103F200000000000000000000000000000D6F200C9
:103F300009F0FBF20000000500050000E900E900BF
:103F40000000EB00E900EDF2F2F2F2F200000000F6
:103F50000000F7000EEBFBF0FE0000F2F2F20000B2
:103F6000ED00ED0000000000000000000000000077
:103F7000000000000000F7000EF000F20005F20063
:103F8000F2F20000F000ED00000000000000F70079
:103F900000000000000000000000F7000905FB0918
:103FA0000000F2F20000000000000000000000002D
:103FB0000000000000000000000000000000F2000F
:103FC00017EBF9F20005F2F200F20000E900E6005A
:103FD0000000EDE6F200F00000F700F20000000043
:103FE0000000FB000000FB000000000000000000DB
:103FF00000000000000000000000000000000000C1
:1040000000000000000000000000000000000000B0
:10401000000000000000F70000150000000000F2A2
:10402000F2000000000000F700000000FB000000AC
:1040300000E9F40000ED00000000000000000000B6
:10404000000000F7F700F700000000000000050086
:10405000F200000000E6ED0000E9000000000000B2
:104060000000000000000000000000000000000050
:104070000000F7000000000000EDF20000F7000073
:104080000000000000000000000000000000000030
:10409000F700000000000000090000000000000020
:1040A00000000000F900F700000000000000000020
:1040B0000000000000000000000000000000000000
:1040C00000E900ED00F20000000000000000000028
:1040D00000000000000000000909051313E4F700C8
:1040E000100000000000000000000013FE00F200BD
:1040F000000000000000FB00F900000000000000CC
:1041000000000000F200000000E9F20000E90000F9
:10411000000000000000000000000000000000009F
:10412000000000000E00000005000000000000007C
:10413000000000000000000000000000000000007F
:1041400000000000000000000E0000000000000061
:10415000000000000000000000000000000000005F
:104160000000000000000000000000000000F70058
:104170000000000000F2000000000000000000004D
:10418000000000000000000000000000000000002F
:10419000000000000000000000E900000000000036
:1041A000000000000000000000000000000000000F
:1041B000000000000000F7000000000000E900001F
:1041C000000000000000FB000000000000000000F4
:1041D000000000000000000000000000F2000000ED
:1041E00000EB000000ED00000000000000000000F7
:1041F0000000000000000000000000000000F700C8
:10420000F700000000E9000000F700000000FB00DC
:10421000000000000000000000000000000000009E
:1042200000000000F700000000ED00F700E60000CD
:10423000000000000000000000000000000000007E
:10424000000002F200000900F7F9000000F200008F
:10425000000000F20000000000000000000000006C
:1042600000000000000002F200000900F7F9000061
:1042700000F70000000000F2000000000000000055
:10428000000000000000000000000200000000002C
:104290000005000000ED000000F700000000000035
:1042A000000000000000000000000000000000000E
:1042B00000000000F200000000ED000000F7000028
:1042C00000000000000000000000000000000000EE
:1042D00000000000000000000000000000000000DE
:1042E0000000000000000000001A0000000000F2C2
:1042F000F2000000000100000000000000010000CA
:1043000002000000000200000000000000000000A9
:10431000000000000000010000000000000000009C
:104320000000000000010A0006FB00000000F4F39A
:10433000020B0504F7020B01090207000000000050
:104340000000000000000D02FE0000000000000060
:1043500000000000000400F90000000000FC04045C
:104360000000FE00FE0200FE00FEFFFC0000000058
:10437000FE0000FDFD0000FE00FC0000000000004B
:10438000000000FEFE00FD00FA00E50000FC000455
:10439000070000FC02020704FC040000F300000018
:1043A0000000000000000000F80000000000000015
:1043B00000000000000000FAFDF500F7FE0000001C
:1043C00000000900F9FEFF0100FC0000FEEF000004
:1043D000000000000000000000EEFE0900000000E8
:1043E0000000000000000000F700000000000000D6
:1043F0000000000700020000FC00000000000000B8
:1044000000000000000000000000090201000000A0
:10441000000000000000000000000000000000009C
:10442000000000000000000000000000000000008C
:1044300000000000F8000000000000000000000084
:10444000000000000000000000000002040207FE5F
:10445000000004FEF9E102060400FD000800070068
:104460000700EB00FD070007FE0402000001FE004C
:1044700000FC12001200070009030407000000F806
:104480000000000001FE0002FCFDFC0200FE000036
:1044900000F70000000000000000000000F1000034
:1044A0000000000000000000000000000001F40017
:1044B000F200000000FE0016FDFD0202FE00FD02FB
:1044C0000000F40000000000000000000000EA000E
:1044D00002000000000000000000000000F2000DDB
:1044E0000000F8000700F1EAF1FC070000F100030A
:1044F000FB00FD00000000000000000000000006BE
:1045000007E50000000000000000000000000B00B4
:104510000200000000000202FDFC00FFFFFE0000A0
:10452000FE000000FC00FE00FBFC00FAF9F9FC00B4
:10453000FC00FC00000000FE0000020002FE000182
:1045400000000002FE000000FE0202FF000000FC6E
:1045500000FF0000000000010003FE00FD00FC0061
:1045600000FE00070000FE0000000000FF01FEFE4C
:104570000000FE00FE000000000000000000FFFF41
:1045800000FEFD0000000000010000FE00FEFEFE37
:10459000000000000000000000FF00000000FEFD21
:1045A00000FD00F9FEF9040000FC02040600FAFF19
:1045B000FD00FFF502FE02F402000001F400F4FE2B
:1045C000EDFE00F50004060003000000000000FC02
:1045D000FD00F9000000FE000000FE0000000000E9
:1045E000FFFF00FFFD00000000000000FEFE00FED7
:1045F000FDFE0000FE0000000000000000000000C2
:10460000FEFE00FD00FE00FC020000FD01020200B3
:104610000000000000FE0000000000020000FE009C
:10462000FEFEFD000000000000000200FE00000091
:1046300000FEFD00FC0007FE01F9000006F5F4F79E
:10464000FC0200FEF1FC00FC00FC03FCF200FA009E
:104650000001FF02FE000200F9F700F5FBFBFBF989
:10466000FDFA00FCFA01000100FE00000002000259
:104670000000000000000000000000FE00FF00FF3E
:10468000FE00FCFBFBFF00F9000000000000FE0044
:1046900000000001FF000000020000000000000018
:1046A000000B00000000000002000000FE000000FF
:1046B0000000000000000000FC00020000000000FC
:1046C0000000000000000000FE000000FC000000F0
:1046D00000F5F9000000FDF50000FE0200FA000000
:1046E0000000000000000000FC0000FC00000000D2
:1046F00000000000000000000200FC0000000003B9
:104700000002FCFC00FEFEFD000000000000F900BD
:10471000FE00FDFE00FBFAF9FE00FC00F9000000BF
:1047200000120000010000FD000200F60000000081
:1047300000EBFC0707FEF70002FD00F5FFFD02F0AD
:10474000FE030003F8FDF8F9F70000F3000D000088
:10475000FF000000FFFFFEFAF900EB000000000080
:104760000000000001000000000000000000000048
:104770000000000000FE00FFFEFD0000FC00FE0047
:104780000000000000000000000000000000FF002A
:10479000FC000004FF0300FB02FEFFFAFE00FDFE2A
:1047A000FE00FDFC0000FEFFFEFCFD0000FE00021E
:1047B000FE00FB000000FC00FC00FCFC020000000E
:1047C0000000000000FC0200FD00FEFDF9FEFEFE00
:1047D000FFFEFDFF0000000000FEFEFE00000000E6
:1047E00003FE00FE000000FEFDFEFEFDFE000209CD
:1047F000FF00FA00FE0400FEF7FD030000F5FC02D6
:10480000FC0200FEFEF900FD010000FC00000002B9
:1048100002FCFC00FCFEFDFEFE00FC01FCFC0700AF
:104820000000000000000000020000000000000086
:104830000000000000000000000000000000000078
:10484000FC0000000000000000000000000000006C
:104850000000000000000000000000000000000058
:10486000000000000000000000000000FE0000004A
:104870000000000000000000000000000000000038
:1048800000000000000000000000FEFE000000002C
:104890000000000000000000FD0000FD0000FEFE22
:1048A00000000000FE00000000FF0000000000FE0D
:1048B00000000000FD00FC000000F90002FB040005
:1048C000FEF50000FBFE00F7FAFA0000F6FEF7F72F
:1048D000F500FA00020FFD00FBFEFFFEFCFAFCF8FB
:1048E000F7FBFE0000FE00010000F0FE0705FBF8EC
:1048F0000001F900F5FEFE04EBFD010000F1FDF4FE
:10490000FEF00000F0000D0100FE00000000FFFEC0
:10491000F7FE00F100000000F900FE00FFFAF500CC
:1049200000FFFDF9FE00FE00000000F6FEF9F9FEB2
:10493000FCFAFEFC00FCFEF9FD00FDFCFEFC0001A3
:1049400000FEF9000400FC00000000030002FC0966
:1049500000FEFEFD000000000000F900FE00FDFE6C
:1049600000FBFAF9FE00FC02090000000012000042
:10497000010000FD00020000000000000000000037
:1049800000000000FEFC0000000000FF000000FE30
:10499000FE0000FCFE0000FC0004FF000000000020
:1049A000000100000000030402FE00F9FC0007F90A
:1049B000F9FCFC090402EDFE04FE00FE02FEF80014
:1049C000FE02FDFEF9FE0000070400FA00F4FD06F9
:1049D000FDF701FDF9F9FE090200FD00FA000207EA
:1049E000FBF8F7FA070001F0FE02FCFEFB00FBF803
:1049F000FDFDFE0000FBFBFE000705FEF400F4FDDC
:104A000000F8F3FFF9FCF9FA060000FD00FCFE00D7
:104A1000FEFC0004F9020000F400FEFBFCFEF9FAC3
:104A2000F9FB00F9FEFBFCF9FE0000010BFC00F9AC
:104A3000FE00FEFCFBFAFAF7FDFC0400FD00F5FDAC
:104A40000104F9F8FCF907FE01EBFC04FBFCF8009B
:104A5000F9F7FDFEFEFEFBF9FF00000706FEF10080
:104A6000F3FB05F7F1FCF8F7F5F90400000000FD91
:104A7000000002FD0402FC040000F9FF00FF000139
:104A800001FE000000000000FE0000000002070020
:104A900000FD00000000FEFEFD000000010200001D
:104AA00000000200FE000900040101FD00040000F6
:104AB00000020000000000000000000000070006E7
:104AC0000000000000000000000000000000F300F3
:104AD000FE04000700001603FCFC0202FE01F500C4
:104AE000000BF30000000000000000000000F109CE
:104AF0001F000000000000000000000000F30000A4
:104B000000000000000000000000000000000000A5
:104B10000000000000000000FC0000FCFE0000009F
:104B20000000000000000000000000000000000085
:104B3000FE00FA0000010000021DFCFE0706FA025A
:104B400000000202FD000000000000000000000064
:104B5000E30600000000000000000000000000006C
:104B6000000000FA000000FA00000000FBFF000057
:104B700000FB00FD00F50000000000000000000048
:104B800000F10000000001000000000000FE000035
:104B9000FC00FD00FA000000FC02FD0000FAFEFB34
:104BA0000000FA00FE00F500FE0000EEFCF7FEF843
:104BB0000000F100FAFF0000000000000000FDFC12
:104BC000FEFC00000000FB00FB03FE0400FEFBFEF9
:104BD000FCFC00FDFFFE02FAFF000000ECFEFD0001
:104BE000FB00FEF5FE0000FEFE000000000200FEDD
:104BF000FCFE0400000000000000000000000000B7
:104C000000000000000000000000000000000000A4
:104C10000000000000000000000000000000030091
:104C20000000000000FB00FE000000FC020000008D
:104C3000FAFEFC0000FA00FE00F500000000EA00A9
:104C4000FCF8F50000F100FEFD000000000000008F
:104C500000FEFDFFFD01000004FD00070BFEFEF954
:104C6000030B0405FA030903060506000000000013
:104C70000000000000000E0BFCFE00FE120A1200F5
:104C80000000020000080000FC000000000000001E
:104C90000000FE0000000000000000030000000013
:104CA000EDFDFEF7F50000F100000000000000003F
:104CB000000000000000000000FC000000000000F8
:104CC000000000FE000000000000000003000000E3
:104CD00000EDFDFEF7F50000F70000000000000009
:104CE000000000000000000000000000FE000000C6
:104CF000FB0200FE020402F90000FE0200020000B6
:104D00000000FA00FEFEFC00FEF7000EFE00FBFEB7
:104D100000FEFC00FEFAFCFD000000FC00000000AC
:104D20000000000000FE0000000000000000030082
:104D3000000000EDFDFEF7F50000F10000000000AE
:104D4000000B00000000000000000000FC00F9FD66
:104D5000FE07FEFEF701FF01FEFA00050002010258
:104D6000FBF7FD00F7FCFAF7F700FCFCFDFDFEFE8B
:104D7000FDFE00FEFF030003FE0007000000000030
:104D800000000000000000FEFEFE0000FA00FF0030
:104D9000FC0000000000000000000000F300000024
:104DA0000000000000000000FEFE00FD000000000A
:104DB000FE0000FCFE0200FCFCFE00FAFEFBFEFD15
:104DC00000FC0000000000000000000000F10007EF
:104DD0000000FC00000000FD00FE0000FF0000FEDF
:104DE00000FB000009FDF9F902020200FA020302C9
:104DF000070207FEFA0000F70000F9FA0000FC00C5
:104E0000FDFC00FD00FD00FE0300FEF9FE080000B1
:104E1000FE00FC000003FB0002FE020000F900FEA1
:104E2000FF00FE02FE000000F7FDFB00F90000F5A8
:104E30000008FE00FC000100FE00FEF900FE02007A
:104E4000000000FE000002FD010000FDFE00FD006C
:104E50000000000000000000000000000000000052
:104E6000F200050000FE000000000000FEFE000051
:104E7000000400050000000000F2F3010A0704F737
:104E8000020900080004000000000000000000000B
:104E9000000C000000000000000000000000000006
:104EA0000000000004360308D44E0308AA5003088B
:104EB0002E2400007C3C0308704F03084651030871
:104EC0002E240000F44203080C500308E2510308AA
:104ED0003D31000000000001000000020103000459
:104EE00000050605000000000007000000000005A6
:104EF00005000000000008090A0B0C0D0E00000060
:104F00000F1000000B110B121314001516171819AF
:104F10001A00000000001B1C1D1E1F20211B222345
:104F2000241E1B1B1C1C25262728292A2B2C2B2D35
:104F30002E00000000000000000000000000000043
:104F40000000000000000000000000000000000061
:104F50000000000000000000000000000000000051
:104F60000000000000000000000000000000000041
:104F70000000000100000002010300040005060516
:104F80000000000000070000000000050500000010
:104F9000000008090A0B0C0D0E0000000F100000A5
:104FA0000B110B1213140015161718191A00000014
:104FB00000001B1C1D1E1F20211B2223241E1B1B47
:104FC0001C1C25262728292A2B2C2B2D2E000000DF
:104FD00000000000000000000000000000000000D1
:104FE00000000000000000000000000000000000C1
:104FF00000000000000000000000000000000000B1
:10500000000000000000000000000000000001029D
:105010000003040502060708090A090A0B0C000D23
:105020000E0F101112130C1414000000151617188F
:1050300019161A1B1C1D1D1E1F201D1D16212223A3
:1050400003241E2525262728292A2B002C002D2E57
:105050002F303132332D343435302D2D2E2E36373E
:105060003839333A3A3B3A3C290000093D090000FF
:105070000000000000000000000000000000000030
:105080000000000000000000000000000000000020
:105090000000000000000000000000000000000010
:1050A00000000000000000000000000001020000FD
:1050B00000030200040500060706000000000008C7
:1050C0000000000000000000000009000A000B00C2
:1050D00000000B00000C000000000B000B000D0E88
:1050E000000F1011121300001400000015161717FE
:1050F00017181716191A16161B1B171C171B1D1E1F
:105100001F202122232400001400000000000000C2
:10511000000000000000000000000000000000008F
:10512000000000000000000000000000000000007F
:10513000000000000000000000000000000000006F
:105140000000000000000000010200000003020057
:10515000040500060706000000000008000000002B
:1051600000000000000009000A000B0000000B0016
:10517000000C000000000B000B000D0E000F1011C2
:105180001213000014000000151617171718171631
:10519000191A16161B1B171C171B1D1E1F20212258
:1051A00023240000140000000000000000000000A4
:1051B00000000000000000000000000000000000EF
:1051C00000000000000000000000000000000000DF
:1051D00000000000000000000000000000000000CF
:1051E0000000000001020003040502060708090A86
:1051F000090A0B0C0D0E0F10110C121314151500CB
:10520000000016171819171919191719191A191949
:10521000191917191719031B1C1D1D1E1F202122E8
:10522000230024002526272727002726282926268D
:105230002A2A272A272A2B2C2D2E2E2F2E3000000B
:1052400023093109000000000000000000000000F8
:10525000000000000000000000000000000000004E
:10526000000000000000000000000000000000003E
:10527000000000000000000000000000000000002E
:105280007056030885AE0008000000000000000012
:10529000E5AE00080000000001040000705603089D
:1052A00013B8000865B800080000000081B80008C5
:1052B00004010D00000600007056030883BF0008BB
:1052C000000000000000000000000000D127D127EE
:1052D000440200007056030815C0000855C00008BD
:1052E000000000006DC0000804018200850300007A
:1052F0007056030861CC00080000000000000000A8
:1053000000000000C300C300041C00007056030826
:10531000BD1E0208000000000000000000000000A8
:1053200064202B000000000070560308A11F020833
:105330000000000000000000000000006420D127F1
:1053400000000000705603081DCF00087DCF000844
:1053500000000000DDCF000864200401C008000048
:1053600070560308F9E1000839E200080000000067
:1053700055E20008D127D127C40200007056030867
:1053800015E80008000000000000000069E80008BF
:1053900004010401010400007056030809F000082C
:1053A0005DF000080000000075F00008D127D1274B
:1053B000800300007056030819510108A551010827
:1053C00000000000C95101088200D1270504000037
:1053D00070560308875A0108B95A010800000000F6
:1053E000E95501080000000080020000655C01082A
:1053F0008D5B01080D0001000000010098670208A4
:105400000000000000000000655C01088D5B0108E1
:105410001D00040000000300B06702080000000047
:1054200000000000655C01088D5B010810000300AE
:1054300000FF0100C8670208000000000000000033
:105440007056030861650108FB6C0108000000004C
:10545000296D0108D127D127C0030000D4520308C9
:10546000917601080000000000000000000000002C
:1054700064203220010400007056030855790108A9
:10548000B979010800000000FD790108D127D12772
:10549000C004000070560308E58801080000000001
:1054A00000000000F98801081A001A0080020000BC
:1054B000705603086D8A010800000000000000001B
:1054C000898A0108D127D127C0020000B8520308F9
:1054D00000000000000000000000000000000000CC
:1054E00000000000000000007056030800000000EB
:1054F000000000000000000000000000C3000401E4
:1055000000000000785403080000000000000000C4
:10551000000000000000000000000000000000008B
:1055200070560308C5900108FF91010800000000B3
:1055300000000000C300040140060000705603088C
:10554000E1910108000000000000000000000000E0
:105550006420D127000000007056030800000000FE
:10556000000000000000000000000000000000003B
:10557000000000007056030800000000000000005A
:10558000000000000000000000000000000000001B
:1055900070560308079201083592010800000000C8
:1055A000000000006420D12780020000705603082C
:1055B000B19201080000000000000000000000009F
:1055C0006420D1270000000070560308000000008E
:1055D000000000000000000000000000D127D127DB
:1055E00000000000705603080000000000000000EA
:1055F00000000000000000000000000000000000AB
:1056000070560308000000000000000000000000C9
:1056100000000000000000000000000070560308B9
:10562000F19301080D940108000000002594010881
:1056300000000000C00300007056030800000000D6
:105640000000000000000000000000006420642052
:105650004002000070560308000000000000000037
:1056600000000000000000000401D12780030000BA
:10567000000000007BA4010869A5010800000000EB
:10568000EDA50108820082004A020000C6E165D152
:1056900045C1E3B0CCD8CBC0AAA869883589F478D5
:1056A000D368B148B65975513441D230553AF331C7
:1056B000B2290F195C1CBA1B3813340ADC045A04D3
:1056C000B703B3027805B40411040C034F04CD03EF
:1056D0004B0368020845673CE62BE41A887DE76CBB
:1056E0004554433346C6A5ADE49CA283C6FE05FEE1
:1056F00044FDE2F380FD00FD60FC60FB60FCE0F334
:1057000060EB80E283F243E202DAA1B9686A065AEA
:10571000A54924396F53CC4229328721AE730C63DB
:10572000084204218AEA8EE3D3EC7AFE5DFF0FEA99
:1057300012F376F4DAFD3DFF37AA59BB9BCCFCE5AA
:105740003EF7B87AB993FBB43DD63EEF585B397C4F
:105750005B9D5DC65EEF3E45BE655F96FFBE9FE703
:10576000BE2D1E4EBF863FB7BFE73B269C4EFD8633
:105770005EB7BFE73325B54D5886FBB69EE7CD65CE
:105780003086B4A639CFBDEF6C9EB0AE14C779DFBA
:10579000DDF70AD72EDF73E7B8F7DCFF6BFF8EFF6C
:1057A000B3FFD8FFFCFF45FEA9FE10FF76FFDCFF2C
:1057B00024FDA9FD70FE16FF9CFF88FB4CFC52FDEA
:1057C00077FE5CFF6C8B4FA454BD79D65DEF937C64
:1057D0003595F8B5DBCE7EEFF7BD1CE77DEFBEF764
:1057E000DFFF06F2ECE83699D661963ABE245E05F4
:1057F000FA05B1046A4D098EE7CE47FF00FEC0FCF2
:10580000A4FAA97AF163F39C7056030805E1010834
:1058100000000000000000007DE10108D1278200A7
:10582000C5020000785403080000000000000000DA
:105830000000000035E6010800000000C004000080
:105840009C520308D9EA0108000000000000000093
:105850002DEB01080000000085070000E858030850
:10586000A9F1010800000000000000002DF201086D
:1058700082000000810700008052030801F5010842
:105880000000000000000000000000000000000018
:1058900000000000705603086BFB010893FB010831
:1058A000000000009DFB010834001E00840200007F
:1058B00070560308F5FD010831FE010800000000E4
:1058C00079FE0108D127D12785030000705603080F
:1058D00079050208B9060208000000001107020855
:1058E000642064200003000070560308FD090208CC
:1058F000B90B020800000000E50B02080401820059
:105900004406000070560308F5130208000000006A
:105910000000000000000000000000008002000005
:10592000705603082D14020800000000000000005B
:105930000000000000000000800200007056030814
:10594000A11C020800000000000000000000000090
:105950006420642040020000B55A0308BD5A0308C1
:105960006F5A0308755A0308AC5A03086A5A0308A9
:10597000B05A0308A55A0308845A0308975A030823
:105980008E5A03087B5A030800003C027804B306D1
:10599000EE08280B610D990FD01106143A166C18F9
:1059A0009D1ACB1CF71E212148236C258E27AC297C
:1059B000C72BDF2DF32F0332103418361C381C3A56
:1059C000173C0E3EFF3FEC41D443B64593476A492E
:1059D0003C4B084DCD4E8D504652F953A5554B5773
:1059E000EA58825A135C9C5D1F5F9A600D6279636E
:1059F000DD6439668D67D9681D6A596B8C6CB76D2B
:105A0000D96EF36F04710C720B730174EE74D2755E
:105A1000AD767F7747780679BB79677A0A7BA27B78
:105A2000327CB77C337DA57D0D7E6C7EC07E0B7F86
:105A30004B7F827FAF7FD27FEB7FFA7FFF7F2F008C
:105A4000414D00504D004E6F0A64617461006269FF
:105A50006E005361002564005765005468004D6F67
:105A6000004672005375005475004A756E65004D0E
:105A70006172636800417072696C00446563656DB2
:105A80006265720053657074656D626572004E6F79
:105A900076656D626572004F63746F626572002592
:105AA0006420257300417567757374004D6179003A
:105AB0004A756C79004A616E75617279004665625B
:105AC000727561727900323032330A323032320A02
:105AD000323032310A323032300A323031390A3221
:105AE0003031380A323031370A323031360A32300A
:105AF00031350A323031340A323031330A32303102
:105B0000320A323031310A323031300A32303039F3
:105B10000A323030380A323030370A323030360A02
:105B2000323030350A323030340A323030330A32D3
:105B30003030320A323030310A323030300A3139C6
:105B400039390A313939380A313939370A3139396D
:105B5000360A313939350A313939340A313939336C
:105B60000A313939320A313939310A313939300A91
:105B7000313938390A313938380A313938370A3148
:105B80003938360A313938350A313938340A313939
:105B900038330A313938320A313938310A31393833
:105BA000300A313937390A313937380A313937371C
:105BB0000A313937360A313937350A313937340A3B
:105BC000313937330A313937320A313937310A310D
:105BD0003937300A313936390A313936380A3139EC
:105BE00036370A313936360A313936350A313936DF
:105BF000340A313936330A313936320A31393631DD
:105C00000A313936300A313935390A313935380AED
:105C1000313935370A313935360A313935350A31B6
:105C20003935340A313935330A313935320A3139A7
:105C300035310A313935300A313934390A3139349C
:105C4000380A313934370A313934360A3139343582
:105C50000A313934340A313934330A313934320AA9
:105C6000313934310A313934300A313933390A3172
:105C70003933380A313933370A313933360A313951
:105C800033350A313933340A313933330A31393350
:105C9000320A313933310A313933300A3139323944
:105CA0000A313932380A313932370A313932360A53
:105CB000313932350A313932340A313932330A3125
:105CC0003932320A313932310A313932300A313916
:105CD00031390A313931380A313931370A313931FC
:105CE000360A313931350A313931340A31393133F3
:105CF0000A313931320A313931310A313931300A18
:105D0000313930390A313930380A313930370A31CE
:105D10003930360A313930350A313930340A3139BF
:105D200030330A313930320A31393031000A00203B
:105D30000021002200312300240025002700280034
:105D400029002A002B002C002B2F2D002E003000C4
:105D500036003700380039003A003B003C003D0077
:105D60003E003F00400041004200414243004400E9
:105D7000450046004700480049004A004B004C00DF
:105D80004E004F0050005100520053005400550087
:105D900056005700580059005A005B005C005D0037
:105DA0005F006200616263006600670069006A006C
:105DB0006B006D00700071007600770078007A004B
:105DC0007B007D00EF808C00EF819300EF819400D9
:105DD000EF959A00EF849C00EFA2A20042746E310E
:105DE0000042746E320042746E330042746E3400AE
:105DF00042746E3500002100200069006A006C00CA
:105E00006B006D006E006300620000000000070080
:105E10000A000B000C0010001200140018001B00F8
:105E200020002500260027003D00420047004A00D0
:105E30004B004C00500051005200530066006700B8
:105E40006D006F00700073007600770078007A00B4
:105E500092009400C300C400C600C800DF00E60042
:105E6000E900F2001B0123015A01EA013F0240024E
:105E700041024202430286029202EC0203035905E8
:105E8000C107A108000007000A000B000C00100069
:105E90001200140018001B00200025002600270017
:105EA0003D00420047004A004B004C0050005100AA
:105EB00052005300660067006D006F0070007300B1
:105EC0007600770078007A0092009400C300C40046
:105ED000C600C800DF00E600E900F2001B01230154
:105EE0005A01EA013F024002410242024302860295
:105EF0009202EC0203035905C107A1080000721FBA
:105F000051EF58EF5BEF5CEF5DEF61EF63EF65EF33
:105F100069EF6CEF71EF76EF77EF78EF8EEF93EF3D
:105F200098EF9BEF9CEF9DEFA1EFA2EFA3EFA4EF03
:105F3000B7EFB8EFBEEFC0EFC1EFC4EFC7EFC8EFE8
:105F4000C9EFCBEFE3EFE5EF14F015F017F019F020
:105F500030F037F03AF043F06CF074F0ABF03BF116
:105F600090F191F192F193F194F1D7F1E3F13DF2D7
:105F700054F2AAF412F7F2F7A86003080000002018
:105F8000B8000000F801000860610308B8000020B4
:105F9000D8AD000018020008100100004300000006
:105FA000F8FFFFFF0040404040404040404041413A
:105FB00041414140404040404040404040404040DE
:105FC0004040404040050202020202020202020278
:105FD0000202020202202020202020202020200275
:105FE0000202020202029090909090901010101005
:105FF00010101010101010101010101010101010A1
:106000000202020202028888888888880808080834
:106010000808080808080808080808080808080800
:106020000202020240000000000000000000000028
:106030000000000000000000000000000000000060
:106040000000000000000000000000000000000050
:106050000000000000000000000000000000000040
:106060000000000000000000000000000000000030
:106070000000000000000000000000000000000020
:106080000000000000000000000000000000000010
:106090000000000000000000000000000000000000
:1060A00000000000000000000000000001000000EF
:1060B00010000000FF00FFFF34650208E8660208D8
:1060C00038660208E465020834650208346502088F
:1060D00034650208346502080000000020640208EC
:1060E000E2640208926402087064020820640208F4
:1060F00020640208206402082064020800000000F6
:10610000511C0208FD1A02080024F40018000000C7
:10611000811A0208A91A0208111C0208D91A0208D9
:10612000111A020801007000DC5D0308E15D03083C
:10613000E65D03082D5D0308EB5D0308F05D0308D1
:10614000DB5D0308000000800B000000414D0000F3
:10615000190000003200000001000000D4C3B2A109
:040000050800019559
:00000001FF
