File_name,ram_percent,ram,flash,Code,RO_data,RW_data,ZI_data
startup_stm32f401xc.o,41.368164%,1536,468,64,404,0,1536
usart_idel_config.o,27.578777%,1024,216,216,0,0,1024
spi.o,9.695663%,360,660,660,0,0,360
usart.o,9.049286%,336,480,480,0,0,336
i2c.o,4.847832%,180,258,258,0,0,180
c_w.l,2.585510%,96,636,636,0,0,96
libspace.o,2.585510%,96,8,8,0,0,96
tim.o,1.939133%,72,128,128,0,0,72
stm32f4xx_hal.o,0.242392%,9,217,212,0,5,4
system_stm32f4xx.o,0.107730%,4,46,18,24,4,0
