File_name,ram_percent,ram,flash,Code,RO_data,RW_data,ZI_data
ssd1306.o,27.169613%,1030,2108,2108,0,0,1030
usart_idel_config.o,27.011343%,1024,216,216,0,0,1024
startup_stm32f401xc.o,27.011343%,1024,440,36,404,0,1024
usart.o,8.863097%,336,480,480,0,0,336
i2c.o,4.748087%,180,258,258,0,0,180
spi.o,4.642574%,176,398,398,0,0,176
stm32f4xx_hal.o,0.237404%,9,217,212,0,5,4
fonts.o,0.211026%,8,4948,0,4940,8,0
system_stm32f4xx.o,0.105513%,4,46,18,24,4,0
